dataset_id,ten_tieng_viet,nguon,source_url,loai_du_lieu,tooltip_giai_thich
booking_hotels,booking hotels,repo SEA,datasets/booking/booking_hotels.csv,proxy,"Bảng audit tự động từ file trong repo, phân loại thận trọng theo thư mục."
booking_reviews,booking reviews,repo SEA,datasets/booking/booking_reviews.csv,proxy,"Bảng audit tự động từ file trong repo, phân loại thận trọng theo thư mục."
booking_scrape_status,booking scrape status,repo SEA,datasets/booking/booking_scrape_status.csv,proxy,"Bảng audit tự động từ file trong repo, phân loại thận trọng theo thư mục."
booking_hotels,booking hotels,repo SEA,datasets/bronze/booking/hotels/booking_hotels.csv,mixed,"Bảng audit tự động từ file trong repo, phân loại thận trọng theo thư mục."
booking_hotels,booking hotels,repo SEA,datasets/bronze/booking/hotels/booking_hotels.parquet,mixed,"Bảng audit tự động từ file trong repo, phân loại thận trọng theo thư mục."
booking_reviews,booking reviews,repo SEA,datasets/bronze/booking/reviews/booking_reviews.csv,mixed,"Bảng audit tự động từ file trong repo, phân loại thận trọng theo thư mục."
booking_reviews,booking reviews,repo SEA,datasets/bronze/booking/reviews/booking_reviews.parquet,mixed,"Bảng audit tự động từ file trong repo, phân loại thận trọng theo thư mục."
crawler_records,crawler records,repo SEA,datasets/bronze/crawler_records.csv,mixed,"Bảng audit tự động từ file trong repo, phân loại thận trọng theo thư mục."
crawler_records,crawler records,repo SEA,datasets/bronze/crawler_records.parquet,mixed,"Bảng audit tự động từ file trong repo, phân loại thận trọng theo thư mục."
traveloka_hotels_full,traveloka hotels full,repo SEA,datasets/bronze/traveloka/hotels/traveloka_hotels_full.csv,mixed,"Bảng audit tự động từ file trong repo, phân loại thận trọng theo thư mục."
traveloka_hotels_full,traveloka hotels full,repo SEA,datasets/bronze/traveloka/hotels/traveloka_hotels_full.parquet,mixed,"Bảng audit tự động từ file trong repo, phân loại thận trọng theo thư mục."
traveloka_reviews,traveloka reviews,repo SEA,datasets/bronze/traveloka/reviews/traveloka_reviews.csv,mixed,"Bảng audit tự động từ file trong repo, phân loại thận trọng theo thư mục."
traveloka_reviews,traveloka reviews,repo SEA,datasets/bronze/traveloka/reviews/traveloka_reviews.parquet,mixed,"Bảng audit tự động từ file trong repo, phân loại thận trọng theo thư mục."
crawl_log,crawl log,repo SEA,datasets/crawl_log.csv,proxy,"Bảng audit tự động từ file trong repo, phân loại thận trọng theo thư mục."
crawl_plan,crawl plan,repo SEA,datasets/crawl_plan.csv,proxy,"Bảng audit tự động từ file trong repo, phân loại thận trọng theo thư mục."
crawl_plan,crawl plan,repo SEA,datasets/crawl_plan.parquet,proxy,"Bảng audit tự động từ file trong repo, phân loại thận trọng theo thư mục."
destination_readiness_scores_legacy_20260519T160931Z,destination readiness scores legacy 20260519T160931Z,repo SEA,datasets/evidence_archive/destination_readiness_scores_legacy_20260519T160931Z.csv,proxy,"Bảng audit tự động từ file trong repo, phân loại thận trọng theo thư mục."
poi_master_legacy_20260519T160931Z,poi master legacy 20260519T160931Z,repo SEA,datasets/evidence_archive/poi_master_legacy_20260519T160931Z.csv,proxy,"Bảng audit tự động từ file trong repo, phân loại thận trọng theo thư mục."
redistribution_features_legacy_20260519T160650Z,redistribution features legacy 20260519T160650Z,repo SEA,datasets/evidence_archive/redistribution_features_legacy_20260519T160650Z.csv,proxy,"Bảng audit tự động từ file trong repo, phân loại thận trọng theo thư mục."
redistribution_features_legacy_20260519T160931Z,redistribution features legacy 20260519T160931Z,repo SEA,datasets/evidence_archive/redistribution_features_legacy_20260519T160931Z.csv,proxy,"Bảng audit tự động từ file trong repo, phân loại thận trọng theo thư mục."
weather_risk_features_legacy_20260519T160931Z,weather risk features legacy 20260519T160931Z,repo SEA,datasets/evidence_archive/weather_risk_features_legacy_20260519T160931Z.csv,proxy,"Bảng audit tự động từ file trong repo, phân loại thận trọng theo thư mục."
attraction_ticket_catalog_052117Z,attraction ticket catalog 052117Z,repo SEA,datasets/gold/archive/2026-05-20/attraction_ticket_catalog_052117Z.csv,mixed,"Bảng audit tự động từ file trong repo, phân loại thận trọng theo thư mục."
attraction_ticket_catalog_054220Z,attraction ticket catalog 054220Z,repo SEA,datasets/gold/archive/2026-05-20/attraction_ticket_catalog_054220Z.csv,mixed,"Bảng audit tự động từ file trong repo, phân loại thận trọng theo thư mục."
attraction_ticket_catalog_073803Z,attraction ticket catalog 073803Z,repo SEA,datasets/gold/archive/2026-05-20/attraction_ticket_catalog_073803Z.csv,mixed,"Bảng audit tự động từ file trong repo, phân loại thận trọng theo thư mục."
attraction_ticket_catalog_083719Z,attraction ticket catalog 083719Z,repo SEA,datasets/gold/archive/2026-05-20/attraction_ticket_catalog_083719Z.csv,mixed,"Bảng audit tự động từ file trong repo, phân loại thận trọng theo thư mục."
attraction_ticket_catalog_090406Z,attraction ticket catalog 090406Z,repo SEA,datasets/gold/archive/2026-05-20/attraction_ticket_catalog_090406Z.csv,mixed,"Bảng audit tự động từ file trong repo, phân loại thận trọng theo thư mục."
attraction_ticket_catalog_092316Z,attraction ticket catalog 092316Z,repo SEA,datasets/gold/archive/2026-05-20/attraction_ticket_catalog_092316Z.csv,mixed,"Bảng audit tự động từ file trong repo, phân loại thận trọng theo thư mục."
attraction_ticket_catalog_095553Z,attraction ticket catalog 095553Z,repo SEA,datasets/gold/archive/2026-05-20/attraction_ticket_catalog_095553Z.csv,mixed,"Bảng audit tự động từ file trong repo, phân loại thận trọng theo thư mục."
attraction_ticket_catalog_095620Z,attraction ticket catalog 095620Z,repo SEA,datasets/gold/archive/2026-05-20/attraction_ticket_catalog_095620Z.csv,mixed,"Bảng audit tự động từ file trong repo, phân loại thận trọng theo thư mục."
attraction_ticket_catalog_102114Z,attraction ticket catalog 102114Z,repo SEA,datasets/gold/archive/2026-05-20/attraction_ticket_catalog_102114Z.csv,mixed,"Bảng audit tự động từ file trong repo, phân loại thận trọng theo thư mục."
attraction_ticket_catalog_105037Z,attraction ticket catalog 105037Z,repo SEA,datasets/gold/archive/2026-05-20/attraction_ticket_catalog_105037Z.csv,mixed,"Bảng audit tự động từ file trong repo, phân loại thận trọng theo thư mục."
attraction_ticket_catalog_143522Z,attraction ticket catalog 143522Z,repo SEA,datasets/gold/archive/2026-05-20/attraction_ticket_catalog_143522Z.csv,mixed,"Bảng audit tự động từ file trong repo, phân loại thận trọng theo thư mục."
attraction_ticket_catalog_151825Z,attraction ticket catalog 151825Z,repo SEA,datasets/gold/archive/2026-05-20/attraction_ticket_catalog_151825Z.csv,mixed,"Bảng audit tự động từ file trong repo, phân loại thận trọng theo thư mục."
danh_sach_diem_den_mo_rong_073803Z,danh sach diem den mo rong 073803Z,repo SEA,datasets/gold/archive/2026-05-20/danh_sach_diem_den_mo_rong_073803Z.csv,mixed,"Bảng audit tự động từ file trong repo, phân loại thận trọng theo thư mục."
danh_sach_diem_den_mo_rong_083719Z,danh sach diem den mo rong 083719Z,repo SEA,datasets/gold/archive/2026-05-20/danh_sach_diem_den_mo_rong_083719Z.csv,mixed,"Bảng audit tự động từ file trong repo, phân loại thận trọng theo thư mục."
danh_sach_diem_den_mo_rong_090406Z,danh sach diem den mo rong 090406Z,repo SEA,datasets/gold/archive/2026-05-20/danh_sach_diem_den_mo_rong_090406Z.csv,mixed,"Bảng audit tự động từ file trong repo, phân loại thận trọng theo thư mục."
danh_sach_diem_den_mo_rong_092316Z,danh sach diem den mo rong 092316Z,repo SEA,datasets/gold/archive/2026-05-20/danh_sach_diem_den_mo_rong_092316Z.csv,mixed,"Bảng audit tự động từ file trong repo, phân loại thận trọng theo thư mục."
danh_sach_diem_den_mo_rong_095553Z,danh sach diem den mo rong 095553Z,repo SEA,datasets/gold/archive/2026-05-20/danh_sach_diem_den_mo_rong_095553Z.csv,mixed,"Bảng audit tự động từ file trong repo, phân loại thận trọng theo thư mục."
danh_sach_diem_den_mo_rong_095620Z,danh sach diem den mo rong 095620Z,repo SEA,datasets/gold/archive/2026-05-20/danh_sach_diem_den_mo_rong_095620Z.csv,mixed,"Bảng audit tự động từ file trong repo, phân loại thận trọng theo thư mục."
danh_sach_diem_den_mo_rong_102114Z,danh sach diem den mo rong 102114Z,repo SEA,datasets/gold/archive/2026-05-20/danh_sach_diem_den_mo_rong_102114Z.csv,mixed,"Bảng audit tự động từ file trong repo, phân loại thận trọng theo thư mục."
danh_sach_diem_den_mo_rong_105037Z,danh sach diem den mo rong 105037Z,repo SEA,datasets/gold/archive/2026-05-20/danh_sach_diem_den_mo_rong_105037Z.csv,mixed,"Bảng audit tự động từ file trong repo, phân loại thận trọng theo thư mục."
danh_sach_diem_den_mo_rong_143522Z,danh sach diem den mo rong 143522Z,repo SEA,datasets/gold/archive/2026-05-20/danh_sach_diem_den_mo_rong_143522Z.csv,mixed,"Bảng audit tự động từ file trong repo, phân loại thận trọng theo thư mục."
danh_sach_diem_den_mo_rong_151825Z,danh sach diem den mo rong 151825Z,repo SEA,datasets/gold/archive/2026-05-20/danh_sach_diem_den_mo_rong_151825Z.csv,mixed,"Bảng audit tự động từ file trong repo, phân loại thận trọng theo thư mục."
de_xuat_hieu_qua_kinh_te_083719Z,de xuat hieu qua kinh te 083719Z,repo SEA,datasets/gold/archive/2026-05-20/de_xuat_hieu_qua_kinh_te_083719Z.csv,mixed,"Bảng audit tự động từ file trong repo, phân loại thận trọng theo thư mục."
de_xuat_hieu_qua_kinh_te_090406Z,de xuat hieu qua kinh te 090406Z,repo SEA,datasets/gold/archive/2026-05-20/de_xuat_hieu_qua_kinh_te_090406Z.csv,mixed,"Bảng audit tự động từ file trong repo, phân loại thận trọng theo thư mục."
de_xuat_hieu_qua_kinh_te_092316Z,de xuat hieu qua kinh te 092316Z,repo SEA,datasets/gold/archive/2026-05-20/de_xuat_hieu_qua_kinh_te_092316Z.csv,mixed,"Bảng audit tự động từ file trong repo, phân loại thận trọng theo thư mục."
de_xuat_hieu_qua_kinh_te_095553Z,de xuat hieu qua kinh te 095553Z,repo SEA,datasets/gold/archive/2026-05-20/de_xuat_hieu_qua_kinh_te_095553Z.csv,mixed,"Bảng audit tự động từ file trong repo, phân loại thận trọng theo thư mục."
de_xuat_hieu_qua_kinh_te_095620Z,de xuat hieu qua kinh te 095620Z,repo SEA,datasets/gold/archive/2026-05-20/de_xuat_hieu_qua_kinh_te_095620Z.csv,mixed,"Bảng audit tự động từ file trong repo, phân loại thận trọng theo thư mục."
de_xuat_hieu_qua_kinh_te_102114Z,de xuat hieu qua kinh te 102114Z,repo SEA,datasets/gold/archive/2026-05-20/de_xuat_hieu_qua_kinh_te_102114Z.csv,mixed,"Bảng audit tự động từ file trong repo, phân loại thận trọng theo thư mục."
de_xuat_hieu_qua_kinh_te_105037Z,de xuat hieu qua kinh te 105037Z,repo SEA,datasets/gold/archive/2026-05-20/de_xuat_hieu_qua_kinh_te_105037Z.csv,mixed,"Bảng audit tự động từ file trong repo, phân loại thận trọng theo thư mục."
de_xuat_hieu_qua_kinh_te_143522Z,de xuat hieu qua kinh te 143522Z,repo SEA,datasets/gold/archive/2026-05-20/de_xuat_hieu_qua_kinh_te_143522Z.csv,mixed,"Bảng audit tự động từ file trong repo, phân loại thận trọng theo thư mục."
de_xuat_hieu_qua_kinh_te_151825Z,de xuat hieu qua kinh te 151825Z,repo SEA,datasets/gold/archive/2026-05-20/de_xuat_hieu_qua_kinh_te_151825Z.csv,mixed,"Bảng audit tự động từ file trong repo, phân loại thận trọng theo thư mục."
du_bao_thoi_tiet_7_ngay_143522Z,du bao thoi tiet 7 ngay 143522Z,repo SEA,datasets/gold/archive/2026-05-20/du_bao_thoi_tiet_7_ngay_143522Z.csv,mixed,"Bảng audit tự động từ file trong repo, phân loại thận trọng theo thư mục."
du_bao_thoi_tiet_7_ngay_151825Z,du bao thoi tiet 7 ngay 151825Z,repo SEA,datasets/gold/archive/2026-05-20/du_bao_thoi_tiet_7_ngay_151825Z.csv,mixed,"Bảng audit tự động từ file trong repo, phân loại thận trọng theo thư mục."
economic_action_recommendations_052117Z,economic action recommendations 052117Z,repo SEA,datasets/gold/archive/2026-05-20/economic_action_recommendations_052117Z.csv,mixed,"Bảng audit tự động từ file trong repo, phân loại thận trọng theo thư mục."
economic_action_recommendations_054220Z,economic action recommendations 054220Z,repo SEA,datasets/gold/archive/2026-05-20/economic_action_recommendations_054220Z.csv,mixed,"Bảng audit tự động từ file trong repo, phân loại thận trọng theo thư mục."
economic_action_recommendations_073803Z,economic action recommendations 073803Z,repo SEA,datasets/gold/archive/2026-05-20/economic_action_recommendations_073803Z.csv,mixed,"Bảng audit tự động từ file trong repo, phân loại thận trọng theo thư mục."
economic_action_recommendations_083719Z,economic action recommendations 083719Z,repo SEA,datasets/gold/archive/2026-05-20/economic_action_recommendations_083719Z.csv,mixed,"Bảng audit tự động từ file trong repo, phân loại thận trọng theo thư mục."
economic_action_recommendations_090406Z,economic action recommendations 090406Z,repo SEA,datasets/gold/archive/2026-05-20/economic_action_recommendations_090406Z.csv,mixed,"Bảng audit tự động từ file trong repo, phân loại thận trọng theo thư mục."
economic_action_recommendations_092316Z,economic action recommendations 092316Z,repo SEA,datasets/gold/archive/2026-05-20/economic_action_recommendations_092316Z.csv,mixed,"Bảng audit tự động từ file trong repo, phân loại thận trọng theo thư mục."
economic_action_recommendations_095553Z,economic action recommendations 095553Z,repo SEA,datasets/gold/archive/2026-05-20/economic_action_recommendations_095553Z.csv,mixed,"Bảng audit tự động từ file trong repo, phân loại thận trọng theo thư mục."
economic_action_recommendations_095620Z,economic action recommendations 095620Z,repo SEA,datasets/gold/archive/2026-05-20/economic_action_recommendations_095620Z.csv,mixed,"Bảng audit tự động từ file trong repo, phân loại thận trọng theo thư mục."
economic_action_recommendations_102114Z,economic action recommendations 102114Z,repo SEA,datasets/gold/archive/2026-05-20/economic_action_recommendations_102114Z.csv,mixed,"Bảng audit tự động từ file trong repo, phân loại thận trọng theo thư mục."
economic_action_recommendations_105037Z,economic action recommendations 105037Z,repo SEA,datasets/gold/archive/2026-05-20/economic_action_recommendations_105037Z.csv,mixed,"Bảng audit tự động từ file trong repo, phân loại thận trọng theo thư mục."
economic_action_recommendations_143522Z,economic action recommendations 143522Z,repo SEA,datasets/gold/archive/2026-05-20/economic_action_recommendations_143522Z.csv,mixed,"Bảng audit tự động từ file trong repo, phân loại thận trọng theo thư mục."
economic_action_recommendations_151825Z,economic action recommendations 151825Z,repo SEA,datasets/gold/archive/2026-05-20/economic_action_recommendations_151825Z.csv,mixed,"Bảng audit tự động từ file trong repo, phân loại thận trọng theo thư mục."
flight_price_signal_052117Z,flight price signal 052117Z,repo SEA,datasets/gold/archive/2026-05-20/flight_price_signal_052117Z.csv,mixed,"Bảng audit tự động từ file trong repo, phân loại thận trọng theo thư mục."
flight_price_signal_054220Z,flight price signal 054220Z,repo SEA,datasets/gold/archive/2026-05-20/flight_price_signal_054220Z.csv,mixed,"Bảng audit tự động từ file trong repo, phân loại thận trọng theo thư mục."
flight_price_signal_073803Z,flight price signal 073803Z,repo SEA,datasets/gold/archive/2026-05-20/flight_price_signal_073803Z.csv,mixed,"Bảng audit tự động từ file trong repo, phân loại thận trọng theo thư mục."
flight_price_signal_083719Z,flight price signal 083719Z,repo SEA,datasets/gold/archive/2026-05-20/flight_price_signal_083719Z.csv,mixed,"Bảng audit tự động từ file trong repo, phân loại thận trọng theo thư mục."
flight_price_signal_090406Z,flight price signal 090406Z,repo SEA,datasets/gold/archive/2026-05-20/flight_price_signal_090406Z.csv,mixed,"Bảng audit tự động từ file trong repo, phân loại thận trọng theo thư mục."
flight_price_signal_092316Z,flight price signal 092316Z,repo SEA,datasets/gold/archive/2026-05-20/flight_price_signal_092316Z.csv,mixed,"Bảng audit tự động từ file trong repo, phân loại thận trọng theo thư mục."
flight_price_signal_095553Z,flight price signal 095553Z,repo SEA,datasets/gold/archive/2026-05-20/flight_price_signal_095553Z.csv,mixed,"Bảng audit tự động từ file trong repo, phân loại thận trọng theo thư mục."
flight_price_signal_095620Z,flight price signal 095620Z,repo SEA,datasets/gold/archive/2026-05-20/flight_price_signal_095620Z.csv,mixed,"Bảng audit tự động từ file trong repo, phân loại thận trọng theo thư mục."
flight_price_signal_102114Z,flight price signal 102114Z,repo SEA,datasets/gold/archive/2026-05-20/flight_price_signal_102114Z.csv,mixed,"Bảng audit tự động từ file trong repo, phân loại thận trọng theo thư mục."
flight_price_signal_105037Z,flight price signal 105037Z,repo SEA,datasets/gold/archive/2026-05-20/flight_price_signal_105037Z.csv,mixed,"Bảng audit tự động từ file trong repo, phân loại thận trọng theo thư mục."
flight_price_signal_143522Z,flight price signal 143522Z,repo SEA,datasets/gold/archive/2026-05-20/flight_price_signal_143522Z.csv,mixed,"Bảng audit tự động từ file trong repo, phân loại thận trọng theo thư mục."
flight_price_signal_151825Z,flight price signal 151825Z,repo SEA,datasets/gold/archive/2026-05-20/flight_price_signal_151825Z.csv,mixed,"Bảng audit tự động từ file trong repo, phân loại thận trọng theo thư mục."
forecast_demand_scores_052117Z,forecast demand scores 052117Z,repo SEA,datasets/gold/archive/2026-05-20/forecast_demand_scores_052117Z.csv,mixed,"Bảng audit tự động từ file trong repo, phân loại thận trọng theo thư mục."
forecast_demand_scores_054220Z,forecast demand scores 054220Z,repo SEA,datasets/gold/archive/2026-05-20/forecast_demand_scores_054220Z.csv,mixed,"Bảng audit tự động từ file trong repo, phân loại thận trọng theo thư mục."
forecast_demand_scores_073803Z,forecast demand scores 073803Z,repo SEA,datasets/gold/archive/2026-05-20/forecast_demand_scores_073803Z.csv,mixed,"Bảng audit tự động từ file trong repo, phân loại thận trọng theo thư mục."
forecast_demand_scores_083719Z,forecast demand scores 083719Z,repo SEA,datasets/gold/archive/2026-05-20/forecast_demand_scores_083719Z.csv,mixed,"Bảng audit tự động từ file trong repo, phân loại thận trọng theo thư mục."
forecast_demand_scores_090406Z,forecast demand scores 090406Z,repo SEA,datasets/gold/archive/2026-05-20/forecast_demand_scores_090406Z.csv,mixed,"Bảng audit tự động từ file trong repo, phân loại thận trọng theo thư mục."
forecast_demand_scores_092316Z,forecast demand scores 092316Z,repo SEA,datasets/gold/archive/2026-05-20/forecast_demand_scores_092316Z.csv,mixed,"Bảng audit tự động từ file trong repo, phân loại thận trọng theo thư mục."
forecast_demand_scores_095553Z,forecast demand scores 095553Z,repo SEA,datasets/gold/archive/2026-05-20/forecast_demand_scores_095553Z.csv,mixed,"Bảng audit tự động từ file trong repo, phân loại thận trọng theo thư mục."
forecast_demand_scores_095620Z,forecast demand scores 095620Z,repo SEA,datasets/gold/archive/2026-05-20/forecast_demand_scores_095620Z.csv,mixed,"Bảng audit tự động từ file trong repo, phân loại thận trọng theo thư mục."
forecast_demand_scores_102114Z,forecast demand scores 102114Z,repo SEA,datasets/gold/archive/2026-05-20/forecast_demand_scores_102114Z.csv,mixed,"Bảng audit tự động từ file trong repo, phân loại thận trọng theo thư mục."
forecast_demand_scores_105037Z,forecast demand scores 105037Z,repo SEA,datasets/gold/archive/2026-05-20/forecast_demand_scores_105037Z.csv,mixed,"Bảng audit tự động từ file trong repo, phân loại thận trọng theo thư mục."
forecast_demand_scores_143522Z,forecast demand scores 143522Z,repo SEA,datasets/gold/archive/2026-05-20/forecast_demand_scores_143522Z.csv,mixed,"Bảng audit tự động từ file trong repo, phân loại thận trọng theo thư mục."
forecast_demand_scores_151825Z,forecast demand scores 151825Z,repo SEA,datasets/gold/archive/2026-05-20/forecast_demand_scores_151825Z.csv,mixed,"Bảng audit tự động từ file trong repo, phân loại thận trọng theo thư mục."
hotel_price_pressure_052117Z,hotel price pressure 052117Z,repo SEA,datasets/gold/archive/2026-05-20/hotel_price_pressure_052117Z.csv,mixed,"Bảng audit tự động từ file trong repo, phân loại thận trọng theo thư mục."
hotel_price_pressure_054220Z,hotel price pressure 054220Z,repo SEA,datasets/gold/archive/2026-05-20/hotel_price_pressure_054220Z.csv,mixed,"Bảng audit tự động từ file trong repo, phân loại thận trọng theo thư mục."
hotel_price_pressure_073803Z,hotel price pressure 073803Z,repo SEA,datasets/gold/archive/2026-05-20/hotel_price_pressure_073803Z.csv,mixed,"Bảng audit tự động từ file trong repo, phân loại thận trọng theo thư mục."
hotel_price_pressure_083719Z,hotel price pressure 083719Z,repo SEA,datasets/gold/archive/2026-05-20/hotel_price_pressure_083719Z.csv,mixed,"Bảng audit tự động từ file trong repo, phân loại thận trọng theo thư mục."
hotel_price_pressure_090406Z,hotel price pressure 090406Z,repo SEA,datasets/gold/archive/2026-05-20/hotel_price_pressure_090406Z.csv,mixed,"Bảng audit tự động từ file trong repo, phân loại thận trọng theo thư mục."
hotel_price_pressure_092316Z,hotel price pressure 092316Z,repo SEA,datasets/gold/archive/2026-05-20/hotel_price_pressure_092316Z.csv,mixed,"Bảng audit tự động từ file trong repo, phân loại thận trọng theo thư mục."
hotel_price_pressure_095553Z,hotel price pressure 095553Z,repo SEA,datasets/gold/archive/2026-05-20/hotel_price_pressure_095553Z.csv,mixed,"Bảng audit tự động từ file trong repo, phân loại thận trọng theo thư mục."
hotel_price_pressure_095620Z,hotel price pressure 095620Z,repo SEA,datasets/gold/archive/2026-05-20/hotel_price_pressure_095620Z.csv,mixed,"Bảng audit tự động từ file trong repo, phân loại thận trọng theo thư mục."
hotel_price_pressure_102114Z,hotel price pressure 102114Z,repo SEA,datasets/gold/archive/2026-05-20/hotel_price_pressure_102114Z.csv,mixed,"Bảng audit tự động từ file trong repo, phân loại thận trọng theo thư mục."
hotel_price_pressure_105037Z,hotel price pressure 105037Z,repo SEA,datasets/gold/archive/2026-05-20/hotel_price_pressure_105037Z.csv,mixed,"Bảng audit tự động từ file trong repo, phân loại thận trọng theo thư mục."
hotel_price_pressure_143522Z,hotel price pressure 143522Z,repo SEA,datasets/gold/archive/2026-05-20/hotel_price_pressure_143522Z.csv,mixed,"Bảng audit tự động từ file trong repo, phân loại thận trọng theo thư mục."
hotel_price_pressure_151825Z,hotel price pressure 151825Z,repo SEA,datasets/gold/archive/2026-05-20/hotel_price_pressure_151825Z.csv,mixed,"Bảng audit tự động từ file trong repo, phân loại thận trọng theo thư mục."
kiem_dinh_proxy_083719Z,kiem dinh proxy 083719Z,repo SEA,datasets/gold/archive/2026-05-20/kiem_dinh_proxy_083719Z.csv,mixed,"Bảng audit tự động từ file trong repo, phân loại thận trọng theo thư mục."
kiem_dinh_proxy_090406Z,kiem dinh proxy 090406Z,repo SEA,datasets/gold/archive/2026-05-20/kiem_dinh_proxy_090406Z.csv,mixed,"Bảng audit tự động từ file trong repo, phân loại thận trọng theo thư mục."
kiem_dinh_proxy_092316Z,kiem dinh proxy 092316Z,repo SEA,datasets/gold/archive/2026-05-20/kiem_dinh_proxy_092316Z.csv,mixed,"Bảng audit tự động từ file trong repo, phân loại thận trọng theo thư mục."
kiem_dinh_proxy_095553Z,kiem dinh proxy 095553Z,repo SEA,datasets/gold/archive/2026-05-20/kiem_dinh_proxy_095553Z.csv,mixed,"Bảng audit tự động từ file trong repo, phân loại thận trọng theo thư mục."
kiem_dinh_proxy_095620Z,kiem dinh proxy 095620Z,repo SEA,datasets/gold/archive/2026-05-20/kiem_dinh_proxy_095620Z.csv,mixed,"Bảng audit tự động từ file trong repo, phân loại thận trọng theo thư mục."
kiem_dinh_proxy_102114Z,kiem dinh proxy 102114Z,repo SEA,datasets/gold/archive/2026-05-20/kiem_dinh_proxy_102114Z.csv,mixed,"Bảng audit tự động từ file trong repo, phân loại thận trọng theo thư mục."
kiem_dinh_proxy_105037Z,kiem dinh proxy 105037Z,repo SEA,datasets/gold/archive/2026-05-20/kiem_dinh_proxy_105037Z.csv,mixed,"Bảng audit tự động từ file trong repo, phân loại thận trọng theo thư mục."
kiem_dinh_proxy_143522Z,kiem dinh proxy 143522Z,repo SEA,datasets/gold/archive/2026-05-20/kiem_dinh_proxy_143522Z.csv,mixed,"Bảng audit tự động từ file trong repo, phân loại thận trọng theo thư mục."
kiem_dinh_proxy_151825Z,kiem dinh proxy 151825Z,repo SEA,datasets/gold/archive/2026-05-20/kiem_dinh_proxy_151825Z.csv,mixed,"Bảng audit tự động từ file trong repo, phân loại thận trọng theo thư mục."
kpi_confidence_scores_052117Z,kpi confidence scores 052117Z,repo SEA,datasets/gold/archive/2026-05-20/kpi_confidence_scores_052117Z.csv,mixed,"Bảng audit tự động từ file trong repo, phân loại thận trọng theo thư mục."
kpi_confidence_scores_054220Z,kpi confidence scores 054220Z,repo SEA,datasets/gold/archive/2026-05-20/kpi_confidence_scores_054220Z.csv,mixed,"Bảng audit tự động từ file trong repo, phân loại thận trọng theo thư mục."
kpi_confidence_scores_073803Z,kpi confidence scores 073803Z,repo SEA,datasets/gold/archive/2026-05-20/kpi_confidence_scores_073803Z.csv,mixed,"Bảng audit tự động từ file trong repo, phân loại thận trọng theo thư mục."
kpi_confidence_scores_083719Z,kpi confidence scores 083719Z,repo SEA,datasets/gold/archive/2026-05-20/kpi_confidence_scores_083719Z.csv,mixed,"Bảng audit tự động từ file trong repo, phân loại thận trọng theo thư mục."
kpi_confidence_scores_090406Z,kpi confidence scores 090406Z,repo SEA,datasets/gold/archive/2026-05-20/kpi_confidence_scores_090406Z.csv,mixed,"Bảng audit tự động từ file trong repo, phân loại thận trọng theo thư mục."
kpi_confidence_scores_092316Z,kpi confidence scores 092316Z,repo SEA,datasets/gold/archive/2026-05-20/kpi_confidence_scores_092316Z.csv,mixed,"Bảng audit tự động từ file trong repo, phân loại thận trọng theo thư mục."
kpi_confidence_scores_095553Z,kpi confidence scores 095553Z,repo SEA,datasets/gold/archive/2026-05-20/kpi_confidence_scores_095553Z.csv,mixed,"Bảng audit tự động từ file trong repo, phân loại thận trọng theo thư mục."
kpi_confidence_scores_095620Z,kpi confidence scores 095620Z,repo SEA,datasets/gold/archive/2026-05-20/kpi_confidence_scores_095620Z.csv,mixed,"Bảng audit tự động từ file trong repo, phân loại thận trọng theo thư mục."
kpi_confidence_scores_102114Z,kpi confidence scores 102114Z,repo SEA,datasets/gold/archive/2026-05-20/kpi_confidence_scores_102114Z.csv,mixed,"Bảng audit tự động từ file trong repo, phân loại thận trọng theo thư mục."
kpi_confidence_scores_105037Z,kpi confidence scores 105037Z,repo SEA,datasets/gold/archive/2026-05-20/kpi_confidence_scores_105037Z.csv,mixed,"Bảng audit tự động từ file trong repo, phân loại thận trọng theo thư mục."
kpi_confidence_scores_143522Z,kpi confidence scores 143522Z,repo SEA,datasets/gold/archive/2026-05-20/kpi_confidence_scores_143522Z.csv,mixed,"Bảng audit tự động từ file trong repo, phân loại thận trọng theo thư mục."
kpi_confidence_scores_151825Z,kpi confidence scores 151825Z,repo SEA,datasets/gold/archive/2026-05-20/kpi_confidence_scores_151825Z.csv,mixed,"Bảng audit tự động từ file trong repo, phân loại thận trọng theo thư mục."
kpi_scale_catalog_052117Z,kpi scale catalog 052117Z,repo SEA,datasets/gold/archive/2026-05-20/kpi_scale_catalog_052117Z.csv,mixed,"Bảng audit tự động từ file trong repo, phân loại thận trọng theo thư mục."
kpi_scale_catalog_054220Z,kpi scale catalog 054220Z,repo SEA,datasets/gold/archive/2026-05-20/kpi_scale_catalog_054220Z.csv,mixed,"Bảng audit tự động từ file trong repo, phân loại thận trọng theo thư mục."
kpi_scale_catalog_073803Z,kpi scale catalog 073803Z,repo SEA,datasets/gold/archive/2026-05-20/kpi_scale_catalog_073803Z.csv,mixed,"Bảng audit tự động từ file trong repo, phân loại thận trọng theo thư mục."
kpi_scale_catalog_083719Z,kpi scale catalog 083719Z,repo SEA,datasets/gold/archive/2026-05-20/kpi_scale_catalog_083719Z.csv,mixed,"Bảng audit tự động từ file trong repo, phân loại thận trọng theo thư mục."
kpi_scale_catalog_090406Z,kpi scale catalog 090406Z,repo SEA,datasets/gold/archive/2026-05-20/kpi_scale_catalog_090406Z.csv,mixed,"Bảng audit tự động từ file trong repo, phân loại thận trọng theo thư mục."
kpi_scale_catalog_092316Z,kpi scale catalog 092316Z,repo SEA,datasets/gold/archive/2026-05-20/kpi_scale_catalog_092316Z.csv,mixed,"Bảng audit tự động từ file trong repo, phân loại thận trọng theo thư mục."
kpi_scale_catalog_095553Z,kpi scale catalog 095553Z,repo SEA,datasets/gold/archive/2026-05-20/kpi_scale_catalog_095553Z.csv,mixed,"Bảng audit tự động từ file trong repo, phân loại thận trọng theo thư mục."
kpi_scale_catalog_095620Z,kpi scale catalog 095620Z,repo SEA,datasets/gold/archive/2026-05-20/kpi_scale_catalog_095620Z.csv,mixed,"Bảng audit tự động từ file trong repo, phân loại thận trọng theo thư mục."
kpi_scale_catalog_102114Z,kpi scale catalog 102114Z,repo SEA,datasets/gold/archive/2026-05-20/kpi_scale_catalog_102114Z.csv,mixed,"Bảng audit tự động từ file trong repo, phân loại thận trọng theo thư mục."
kpi_scale_catalog_105037Z,kpi scale catalog 105037Z,repo SEA,datasets/gold/archive/2026-05-20/kpi_scale_catalog_105037Z.csv,mixed,"Bảng audit tự động từ file trong repo, phân loại thận trọng theo thư mục."
kpi_scale_catalog_143522Z,kpi scale catalog 143522Z,repo SEA,datasets/gold/archive/2026-05-20/kpi_scale_catalog_143522Z.csv,mixed,"Bảng audit tự động từ file trong repo, phân loại thận trọng theo thư mục."
kpi_scale_catalog_151825Z,kpi scale catalog 151825Z,repo SEA,datasets/gold/archive/2026-05-20/kpi_scale_catalog_151825Z.csv,mixed,"Bảng audit tự động từ file trong repo, phân loại thận trọng theo thư mục."
local_spending_poi_052117Z,local spending poi 052117Z,repo SEA,datasets/gold/archive/2026-05-20/local_spending_poi_052117Z.csv,mixed,"Bảng audit tự động từ file trong repo, phân loại thận trọng theo thư mục."
local_spending_poi_054220Z,local spending poi 054220Z,repo SEA,datasets/gold/archive/2026-05-20/local_spending_poi_054220Z.csv,mixed,"Bảng audit tự động từ file trong repo, phân loại thận trọng theo thư mục."
local_spending_poi_073803Z,local spending poi 073803Z,repo SEA,datasets/gold/archive/2026-05-20/local_spending_poi_073803Z.csv,mixed,"Bảng audit tự động từ file trong repo, phân loại thận trọng theo thư mục."
local_spending_poi_083719Z,local spending poi 083719Z,repo SEA,datasets/gold/archive/2026-05-20/local_spending_poi_083719Z.csv,mixed,"Bảng audit tự động từ file trong repo, phân loại thận trọng theo thư mục."
local_spending_poi_090406Z,local spending poi 090406Z,repo SEA,datasets/gold/archive/2026-05-20/local_spending_poi_090406Z.csv,mixed,"Bảng audit tự động từ file trong repo, phân loại thận trọng theo thư mục."
local_spending_poi_092316Z,local spending poi 092316Z,repo SEA,datasets/gold/archive/2026-05-20/local_spending_poi_092316Z.csv,mixed,"Bảng audit tự động từ file trong repo, phân loại thận trọng theo thư mục."
local_spending_poi_095553Z,local spending poi 095553Z,repo SEA,datasets/gold/archive/2026-05-20/local_spending_poi_095553Z.csv,mixed,"Bảng audit tự động từ file trong repo, phân loại thận trọng theo thư mục."
local_spending_poi_095620Z,local spending poi 095620Z,repo SEA,datasets/gold/archive/2026-05-20/local_spending_poi_095620Z.csv,mixed,"Bảng audit tự động từ file trong repo, phân loại thận trọng theo thư mục."
local_spending_poi_102114Z,local spending poi 102114Z,repo SEA,datasets/gold/archive/2026-05-20/local_spending_poi_102114Z.csv,mixed,"Bảng audit tự động từ file trong repo, phân loại thận trọng theo thư mục."
local_spending_poi_105037Z,local spending poi 105037Z,repo SEA,datasets/gold/archive/2026-05-20/local_spending_poi_105037Z.csv,mixed,"Bảng audit tự động từ file trong repo, phân loại thận trọng theo thư mục."
local_spending_poi_143522Z,local spending poi 143522Z,repo SEA,datasets/gold/archive/2026-05-20/local_spending_poi_143522Z.csv,mixed,"Bảng audit tự động từ file trong repo, phân loại thận trọng theo thư mục."
local_spending_poi_151825Z,local spending poi 151825Z,repo SEA,datasets/gold/archive/2026-05-20/local_spending_poi_151825Z.csv,mixed,"Bảng audit tự động từ file trong repo, phân loại thận trọng theo thư mục."
national_destination_alerts_052117Z,national destination alerts 052117Z,repo SEA,datasets/gold/archive/2026-05-20/national_destination_alerts_052117Z.csv,mixed,"Bảng audit tự động từ file trong repo, phân loại thận trọng theo thư mục."
national_destination_alerts_054220Z,national destination alerts 054220Z,repo SEA,datasets/gold/archive/2026-05-20/national_destination_alerts_054220Z.csv,mixed,"Bảng audit tự động từ file trong repo, phân loại thận trọng theo thư mục."
national_destination_alerts_073803Z,national destination alerts 073803Z,repo SEA,datasets/gold/archive/2026-05-20/national_destination_alerts_073803Z.csv,mixed,"Bảng audit tự động từ file trong repo, phân loại thận trọng theo thư mục."
national_destination_alerts_083719Z,national destination alerts 083719Z,repo SEA,datasets/gold/archive/2026-05-20/national_destination_alerts_083719Z.csv,mixed,"Bảng audit tự động từ file trong repo, phân loại thận trọng theo thư mục."
national_destination_alerts_090406Z,national destination alerts 090406Z,repo SEA,datasets/gold/archive/2026-05-20/national_destination_alerts_090406Z.csv,mixed,"Bảng audit tự động từ file trong repo, phân loại thận trọng theo thư mục."
national_destination_alerts_092316Z,national destination alerts 092316Z,repo SEA,datasets/gold/archive/2026-05-20/national_destination_alerts_092316Z.csv,mixed,"Bảng audit tự động từ file trong repo, phân loại thận trọng theo thư mục."
national_destination_alerts_095553Z,national destination alerts 095553Z,repo SEA,datasets/gold/archive/2026-05-20/national_destination_alerts_095553Z.csv,mixed,"Bảng audit tự động từ file trong repo, phân loại thận trọng theo thư mục."
national_destination_alerts_095620Z,national destination alerts 095620Z,repo SEA,datasets/gold/archive/2026-05-20/national_destination_alerts_095620Z.csv,mixed,"Bảng audit tự động từ file trong repo, phân loại thận trọng theo thư mục."
national_destination_alerts_102114Z,national destination alerts 102114Z,repo SEA,datasets/gold/archive/2026-05-20/national_destination_alerts_102114Z.csv,mixed,"Bảng audit tự động từ file trong repo, phân loại thận trọng theo thư mục."
national_destination_alerts_105037Z,national destination alerts 105037Z,repo SEA,datasets/gold/archive/2026-05-20/national_destination_alerts_105037Z.csv,mixed,"Bảng audit tự động từ file trong repo, phân loại thận trọng theo thư mục."
national_destination_alerts_143522Z,national destination alerts 143522Z,repo SEA,datasets/gold/archive/2026-05-20/national_destination_alerts_143522Z.csv,mixed,"Bảng audit tự động từ file trong repo, phân loại thận trọng theo thư mục."
national_destination_alerts_151825Z,national destination alerts 151825Z,repo SEA,datasets/gold/archive/2026-05-20/national_destination_alerts_151825Z.csv,mixed,"Bảng audit tự động từ file trong repo, phân loại thận trọng theo thư mục."
news_action_recommendations_052117Z,news action recommendations 052117Z,repo SEA,datasets/gold/archive/2026-05-20/news_action_recommendations_052117Z.csv,mixed,"Bảng audit tự động từ file trong repo, phân loại thận trọng theo thư mục."
news_action_recommendations_054220Z,news action recommendations 054220Z,repo SEA,datasets/gold/archive/2026-05-20/news_action_recommendations_054220Z.csv,mixed,"Bảng audit tự động từ file trong repo, phân loại thận trọng theo thư mục."
news_action_recommendations_073803Z,news action recommendations 073803Z,repo SEA,datasets/gold/archive/2026-05-20/news_action_recommendations_073803Z.csv,mixed,"Bảng audit tự động từ file trong repo, phân loại thận trọng theo thư mục."
news_action_recommendations_083719Z,news action recommendations 083719Z,repo SEA,datasets/gold/archive/2026-05-20/news_action_recommendations_083719Z.csv,mixed,"Bảng audit tự động từ file trong repo, phân loại thận trọng theo thư mục."
news_action_recommendations_090406Z,news action recommendations 090406Z,repo SEA,datasets/gold/archive/2026-05-20/news_action_recommendations_090406Z.csv,mixed,"Bảng audit tự động từ file trong repo, phân loại thận trọng theo thư mục."
news_action_recommendations_092316Z,news action recommendations 092316Z,repo SEA,datasets/gold/archive/2026-05-20/news_action_recommendations_092316Z.csv,mixed,"Bảng audit tự động từ file trong repo, phân loại thận trọng theo thư mục."
news_action_recommendations_095553Z,news action recommendations 095553Z,repo SEA,datasets/gold/archive/2026-05-20/news_action_recommendations_095553Z.csv,mixed,"Bảng audit tự động từ file trong repo, phân loại thận trọng theo thư mục."
news_action_recommendations_095620Z,news action recommendations 095620Z,repo SEA,datasets/gold/archive/2026-05-20/news_action_recommendations_095620Z.csv,mixed,"Bảng audit tự động từ file trong repo, phân loại thận trọng theo thư mục."
news_action_recommendations_102114Z,news action recommendations 102114Z,repo SEA,datasets/gold/archive/2026-05-20/news_action_recommendations_102114Z.csv,mixed,"Bảng audit tự động từ file trong repo, phân loại thận trọng theo thư mục."
news_action_recommendations_105037Z,news action recommendations 105037Z,repo SEA,datasets/gold/archive/2026-05-20/news_action_recommendations_105037Z.csv,mixed,"Bảng audit tự động từ file trong repo, phân loại thận trọng theo thư mục."
news_action_recommendations_143522Z,news action recommendations 143522Z,repo SEA,datasets/gold/archive/2026-05-20/news_action_recommendations_143522Z.csv,mixed,"Bảng audit tự động từ file trong repo, phân loại thận trọng theo thư mục."
news_action_recommendations_151825Z,news action recommendations 151825Z,repo SEA,datasets/gold/archive/2026-05-20/news_action_recommendations_151825Z.csv,mixed,"Bảng audit tự động từ file trong repo, phân loại thận trọng theo thư mục."
news_events_052117Z,news events 052117Z,repo SEA,datasets/gold/archive/2026-05-20/news_events_052117Z.csv,mixed,"Bảng audit tự động từ file trong repo, phân loại thận trọng theo thư mục."
news_events_054220Z,news events 054220Z,repo SEA,datasets/gold/archive/2026-05-20/news_events_054220Z.csv,mixed,"Bảng audit tự động từ file trong repo, phân loại thận trọng theo thư mục."
news_events_073803Z,news events 073803Z,repo SEA,datasets/gold/archive/2026-05-20/news_events_073803Z.csv,mixed,"Bảng audit tự động từ file trong repo, phân loại thận trọng theo thư mục."
news_events_083719Z,news events 083719Z,repo SEA,datasets/gold/archive/2026-05-20/news_events_083719Z.csv,mixed,"Bảng audit tự động từ file trong repo, phân loại thận trọng theo thư mục."
news_events_090406Z,news events 090406Z,repo SEA,datasets/gold/archive/2026-05-20/news_events_090406Z.csv,mixed,"Bảng audit tự động từ file trong repo, phân loại thận trọng theo thư mục."
news_events_092316Z,news events 092316Z,repo SEA,datasets/gold/archive/2026-05-20/news_events_092316Z.csv,mixed,"Bảng audit tự động từ file trong repo, phân loại thận trọng theo thư mục."
news_events_095553Z,news events 095553Z,repo SEA,datasets/gold/archive/2026-05-20/news_events_095553Z.csv,mixed,"Bảng audit tự động từ file trong repo, phân loại thận trọng theo thư mục."
news_events_095620Z,news events 095620Z,repo SEA,datasets/gold/archive/2026-05-20/news_events_095620Z.csv,mixed,"Bảng audit tự động từ file trong repo, phân loại thận trọng theo thư mục."
news_events_102114Z,news events 102114Z,repo SEA,datasets/gold/archive/2026-05-20/news_events_102114Z.csv,mixed,"Bảng audit tự động từ file trong repo, phân loại thận trọng theo thư mục."
news_events_105037Z,news events 105037Z,repo SEA,datasets/gold/archive/2026-05-20/news_events_105037Z.csv,mixed,"Bảng audit tự động từ file trong repo, phân loại thận trọng theo thư mục."
news_events_143522Z,news events 143522Z,repo SEA,datasets/gold/archive/2026-05-20/news_events_143522Z.csv,mixed,"Bảng audit tự động từ file trong repo, phân loại thận trọng theo thư mục."
news_events_151825Z,news events 151825Z,repo SEA,datasets/gold/archive/2026-05-20/news_events_151825Z.csv,mixed,"Bảng audit tự động từ file trong repo, phân loại thận trọng theo thư mục."
news_risk_signals_052117Z,news risk signals 052117Z,repo SEA,datasets/gold/archive/2026-05-20/news_risk_signals_052117Z.csv,mixed,"Bảng audit tự động từ file trong repo, phân loại thận trọng theo thư mục."
news_risk_signals_054220Z,news risk signals 054220Z,repo SEA,datasets/gold/archive/2026-05-20/news_risk_signals_054220Z.csv,mixed,"Bảng audit tự động từ file trong repo, phân loại thận trọng theo thư mục."
news_risk_signals_073803Z,news risk signals 073803Z,repo SEA,datasets/gold/archive/2026-05-20/news_risk_signals_073803Z.csv,mixed,"Bảng audit tự động từ file trong repo, phân loại thận trọng theo thư mục."
news_risk_signals_083719Z,news risk signals 083719Z,repo SEA,datasets/gold/archive/2026-05-20/news_risk_signals_083719Z.csv,mixed,"Bảng audit tự động từ file trong repo, phân loại thận trọng theo thư mục."
news_risk_signals_090406Z,news risk signals 090406Z,repo SEA,datasets/gold/archive/2026-05-20/news_risk_signals_090406Z.csv,mixed,"Bảng audit tự động từ file trong repo, phân loại thận trọng theo thư mục."
news_risk_signals_092316Z,news risk signals 092316Z,repo SEA,datasets/gold/archive/2026-05-20/news_risk_signals_092316Z.csv,mixed,"Bảng audit tự động từ file trong repo, phân loại thận trọng theo thư mục."
news_risk_signals_095553Z,news risk signals 095553Z,repo SEA,datasets/gold/archive/2026-05-20/news_risk_signals_095553Z.csv,mixed,"Bảng audit tự động từ file trong repo, phân loại thận trọng theo thư mục."
news_risk_signals_095620Z,news risk signals 095620Z,repo SEA,datasets/gold/archive/2026-05-20/news_risk_signals_095620Z.csv,mixed,"Bảng audit tự động từ file trong repo, phân loại thận trọng theo thư mục."
news_risk_signals_102114Z,news risk signals 102114Z,repo SEA,datasets/gold/archive/2026-05-20/news_risk_signals_102114Z.csv,mixed,"Bảng audit tự động từ file trong repo, phân loại thận trọng theo thư mục."
news_risk_signals_105037Z,news risk signals 105037Z,repo SEA,datasets/gold/archive/2026-05-20/news_risk_signals_105037Z.csv,mixed,"Bảng audit tự động từ file trong repo, phân loại thận trọng theo thư mục."
news_risk_signals_143522Z,news risk signals 143522Z,repo SEA,datasets/gold/archive/2026-05-20/news_risk_signals_143522Z.csv,mixed,"Bảng audit tự động từ file trong repo, phân loại thận trọng theo thư mục."
news_risk_signals_151825Z,news risk signals 151825Z,repo SEA,datasets/gold/archive/2026-05-20/news_risk_signals_151825Z.csv,mixed,"Bảng audit tự động từ file trong repo, phân loại thận trọng theo thư mục."
proxy_vs_nearrealtime_comparison_052117Z,proxy vs nearrealtime comparison 052117Z,repo SEA,datasets/gold/archive/2026-05-20/proxy_vs_nearrealtime_comparison_052117Z.csv,mixed,"Bảng audit tự động từ file trong repo, phân loại thận trọng theo thư mục."
proxy_vs_nearrealtime_comparison_054220Z,proxy vs nearrealtime comparison 054220Z,repo SEA,datasets/gold/archive/2026-05-20/proxy_vs_nearrealtime_comparison_054220Z.csv,mixed,"Bảng audit tự động từ file trong repo, phân loại thận trọng theo thư mục."
proxy_vs_nearrealtime_comparison_073803Z,proxy vs nearrealtime comparison 073803Z,repo SEA,datasets/gold/archive/2026-05-20/proxy_vs_nearrealtime_comparison_073803Z.csv,mixed,"Bảng audit tự động từ file trong repo, phân loại thận trọng theo thư mục."
proxy_vs_nearrealtime_comparison_083719Z,proxy vs nearrealtime comparison 083719Z,repo SEA,datasets/gold/archive/2026-05-20/proxy_vs_nearrealtime_comparison_083719Z.csv,mixed,"Bảng audit tự động từ file trong repo, phân loại thận trọng theo thư mục."
proxy_vs_nearrealtime_comparison_090406Z,proxy vs nearrealtime comparison 090406Z,repo SEA,datasets/gold/archive/2026-05-20/proxy_vs_nearrealtime_comparison_090406Z.csv,mixed,"Bảng audit tự động từ file trong repo, phân loại thận trọng theo thư mục."
proxy_vs_nearrealtime_comparison_092316Z,proxy vs nearrealtime comparison 092316Z,repo SEA,datasets/gold/archive/2026-05-20/proxy_vs_nearrealtime_comparison_092316Z.csv,mixed,"Bảng audit tự động từ file trong repo, phân loại thận trọng theo thư mục."
proxy_vs_nearrealtime_comparison_095553Z,proxy vs nearrealtime comparison 095553Z,repo SEA,datasets/gold/archive/2026-05-20/proxy_vs_nearrealtime_comparison_095553Z.csv,mixed,"Bảng audit tự động từ file trong repo, phân loại thận trọng theo thư mục."
proxy_vs_nearrealtime_comparison_095620Z,proxy vs nearrealtime comparison 095620Z,repo SEA,datasets/gold/archive/2026-05-20/proxy_vs_nearrealtime_comparison_095620Z.csv,mixed,"Bảng audit tự động từ file trong repo, phân loại thận trọng theo thư mục."
proxy_vs_nearrealtime_comparison_102114Z,proxy vs nearrealtime comparison 102114Z,repo SEA,datasets/gold/archive/2026-05-20/proxy_vs_nearrealtime_comparison_102114Z.csv,mixed,"Bảng audit tự động từ file trong repo, phân loại thận trọng theo thư mục."
proxy_vs_nearrealtime_comparison_105037Z,proxy vs nearrealtime comparison 105037Z,repo SEA,datasets/gold/archive/2026-05-20/proxy_vs_nearrealtime_comparison_105037Z.csv,mixed,"Bảng audit tự động từ file trong repo, phân loại thận trọng theo thư mục."
proxy_vs_nearrealtime_comparison_143522Z,proxy vs nearrealtime comparison 143522Z,repo SEA,datasets/gold/archive/2026-05-20/proxy_vs_nearrealtime_comparison_143522Z.csv,mixed,"Bảng audit tự động từ file trong repo, phân loại thận trọng theo thư mục."
proxy_vs_nearrealtime_comparison_151825Z,proxy vs nearrealtime comparison 151825Z,repo SEA,datasets/gold/archive/2026-05-20/proxy_vs_nearrealtime_comparison_151825Z.csv,mixed,"Bảng audit tự động từ file trong repo, phân loại thận trọng theo thư mục."
redistribution_features_052117Z,redistribution features 052117Z,repo SEA,datasets/gold/archive/2026-05-20/redistribution_features_052117Z.csv,mixed,"Bảng audit tự động từ file trong repo, phân loại thận trọng theo thư mục."
redistribution_features_054220Z,redistribution features 054220Z,repo SEA,datasets/gold/archive/2026-05-20/redistribution_features_054220Z.csv,mixed,"Bảng audit tự động từ file trong repo, phân loại thận trọng theo thư mục."
redistribution_features_073803Z,redistribution features 073803Z,repo SEA,datasets/gold/archive/2026-05-20/redistribution_features_073803Z.csv,mixed,"Bảng audit tự động từ file trong repo, phân loại thận trọng theo thư mục."
redistribution_features_083719Z,redistribution features 083719Z,repo SEA,datasets/gold/archive/2026-05-20/redistribution_features_083719Z.csv,mixed,"Bảng audit tự động từ file trong repo, phân loại thận trọng theo thư mục."
redistribution_features_090406Z,redistribution features 090406Z,repo SEA,datasets/gold/archive/2026-05-20/redistribution_features_090406Z.csv,mixed,"Bảng audit tự động từ file trong repo, phân loại thận trọng theo thư mục."
redistribution_features_092316Z,redistribution features 092316Z,repo SEA,datasets/gold/archive/2026-05-20/redistribution_features_092316Z.csv,mixed,"Bảng audit tự động từ file trong repo, phân loại thận trọng theo thư mục."
redistribution_features_095553Z,redistribution features 095553Z,repo SEA,datasets/gold/archive/2026-05-20/redistribution_features_095553Z.csv,mixed,"Bảng audit tự động từ file trong repo, phân loại thận trọng theo thư mục."
redistribution_features_095620Z,redistribution features 095620Z,repo SEA,datasets/gold/archive/2026-05-20/redistribution_features_095620Z.csv,mixed,"Bảng audit tự động từ file trong repo, phân loại thận trọng theo thư mục."
redistribution_features_102114Z,redistribution features 102114Z,repo SEA,datasets/gold/archive/2026-05-20/redistribution_features_102114Z.csv,mixed,"Bảng audit tự động từ file trong repo, phân loại thận trọng theo thư mục."
redistribution_features_105037Z,redistribution features 105037Z,repo SEA,datasets/gold/archive/2026-05-20/redistribution_features_105037Z.csv,mixed,"Bảng audit tự động từ file trong repo, phân loại thận trọng theo thư mục."
redistribution_features_143522Z,redistribution features 143522Z,repo SEA,datasets/gold/archive/2026-05-20/redistribution_features_143522Z.csv,mixed,"Bảng audit tự động từ file trong repo, phân loại thận trọng theo thư mục."
redistribution_features_151825Z,redistribution features 151825Z,repo SEA,datasets/gold/archive/2026-05-20/redistribution_features_151825Z.csv,mixed,"Bảng audit tự động từ file trong repo, phân loại thận trọng theo thư mục."
thoi_tiet_hien_tai_143522Z,thoi tiet hien tai 143522Z,repo SEA,datasets/gold/archive/2026-05-20/thoi_tiet_hien_tai_143522Z.csv,mixed,"Bảng audit tự động từ file trong repo, phân loại thận trọng theo thư mục."
thoi_tiet_hien_tai_151825Z,thoi tiet hien tai 151825Z,repo SEA,datasets/gold/archive/2026-05-20/thoi_tiet_hien_tai_151825Z.csv,mixed,"Bảng audit tự động từ file trong repo, phân loại thận trọng theo thư mục."
ticket_pressure_scores_052117Z,ticket pressure scores 052117Z,repo SEA,datasets/gold/archive/2026-05-20/ticket_pressure_scores_052117Z.csv,mixed,"Bảng audit tự động từ file trong repo, phân loại thận trọng theo thư mục."
ticket_pressure_scores_054220Z,ticket pressure scores 054220Z,repo SEA,datasets/gold/archive/2026-05-20/ticket_pressure_scores_054220Z.csv,mixed,"Bảng audit tự động từ file trong repo, phân loại thận trọng theo thư mục."
ticket_pressure_scores_073803Z,ticket pressure scores 073803Z,repo SEA,datasets/gold/archive/2026-05-20/ticket_pressure_scores_073803Z.csv,mixed,"Bảng audit tự động từ file trong repo, phân loại thận trọng theo thư mục."
ticket_pressure_scores_083719Z,ticket pressure scores 083719Z,repo SEA,datasets/gold/archive/2026-05-20/ticket_pressure_scores_083719Z.csv,mixed,"Bảng audit tự động từ file trong repo, phân loại thận trọng theo thư mục."
ticket_pressure_scores_090406Z,ticket pressure scores 090406Z,repo SEA,datasets/gold/archive/2026-05-20/ticket_pressure_scores_090406Z.csv,mixed,"Bảng audit tự động từ file trong repo, phân loại thận trọng theo thư mục."
ticket_pressure_scores_092316Z,ticket pressure scores 092316Z,repo SEA,datasets/gold/archive/2026-05-20/ticket_pressure_scores_092316Z.csv,mixed,"Bảng audit tự động từ file trong repo, phân loại thận trọng theo thư mục."
ticket_pressure_scores_095553Z,ticket pressure scores 095553Z,repo SEA,datasets/gold/archive/2026-05-20/ticket_pressure_scores_095553Z.csv,mixed,"Bảng audit tự động từ file trong repo, phân loại thận trọng theo thư mục."
ticket_pressure_scores_095620Z,ticket pressure scores 095620Z,repo SEA,datasets/gold/archive/2026-05-20/ticket_pressure_scores_095620Z.csv,mixed,"Bảng audit tự động từ file trong repo, phân loại thận trọng theo thư mục."
ticket_pressure_scores_102114Z,ticket pressure scores 102114Z,repo SEA,datasets/gold/archive/2026-05-20/ticket_pressure_scores_102114Z.csv,mixed,"Bảng audit tự động từ file trong repo, phân loại thận trọng theo thư mục."
ticket_pressure_scores_105037Z,ticket pressure scores 105037Z,repo SEA,datasets/gold/archive/2026-05-20/ticket_pressure_scores_105037Z.csv,mixed,"Bảng audit tự động từ file trong repo, phân loại thận trọng theo thư mục."
ticket_pressure_scores_143522Z,ticket pressure scores 143522Z,repo SEA,datasets/gold/archive/2026-05-20/ticket_pressure_scores_143522Z.csv,mixed,"Bảng audit tự động từ file trong repo, phân loại thận trọng theo thư mục."
ticket_pressure_scores_151825Z,ticket pressure scores 151825Z,repo SEA,datasets/gold/archive/2026-05-20/ticket_pressure_scores_151825Z.csv,mixed,"Bảng audit tự động từ file trong repo, phân loại thận trọng theo thư mục."
xep_hang_canh_bao_toan_quoc_083719Z,xep hang canh bao toan quoc 083719Z,repo SEA,datasets/gold/archive/2026-05-20/xep_hang_canh_bao_toan_quoc_083719Z.csv,mixed,"Bảng audit tự động từ file trong repo, phân loại thận trọng theo thư mục."
xep_hang_canh_bao_toan_quoc_090406Z,xep hang canh bao toan quoc 090406Z,repo SEA,datasets/gold/archive/2026-05-20/xep_hang_canh_bao_toan_quoc_090406Z.csv,mixed,"Bảng audit tự động từ file trong repo, phân loại thận trọng theo thư mục."
xep_hang_canh_bao_toan_quoc_092316Z,xep hang canh bao toan quoc 092316Z,repo SEA,datasets/gold/archive/2026-05-20/xep_hang_canh_bao_toan_quoc_092316Z.csv,mixed,"Bảng audit tự động từ file trong repo, phân loại thận trọng theo thư mục."
xep_hang_canh_bao_toan_quoc_095553Z,xep hang canh bao toan quoc 095553Z,repo SEA,datasets/gold/archive/2026-05-20/xep_hang_canh_bao_toan_quoc_095553Z.csv,mixed,"Bảng audit tự động từ file trong repo, phân loại thận trọng theo thư mục."
xep_hang_canh_bao_toan_quoc_095620Z,xep hang canh bao toan quoc 095620Z,repo SEA,datasets/gold/archive/2026-05-20/xep_hang_canh_bao_toan_quoc_095620Z.csv,mixed,"Bảng audit tự động từ file trong repo, phân loại thận trọng theo thư mục."
xep_hang_canh_bao_toan_quoc_102114Z,xep hang canh bao toan quoc 102114Z,repo SEA,datasets/gold/archive/2026-05-20/xep_hang_canh_bao_toan_quoc_102114Z.csv,mixed,"Bảng audit tự động từ file trong repo, phân loại thận trọng theo thư mục."
xep_hang_canh_bao_toan_quoc_105037Z,xep hang canh bao toan quoc 105037Z,repo SEA,datasets/gold/archive/2026-05-20/xep_hang_canh_bao_toan_quoc_105037Z.csv,mixed,"Bảng audit tự động từ file trong repo, phân loại thận trọng theo thư mục."
xep_hang_canh_bao_toan_quoc_143522Z,xep hang canh bao toan quoc 143522Z,repo SEA,datasets/gold/archive/2026-05-20/xep_hang_canh_bao_toan_quoc_143522Z.csv,mixed,"Bảng audit tự động từ file trong repo, phân loại thận trọng theo thư mục."
xep_hang_canh_bao_toan_quoc_151825Z,xep hang canh bao toan quoc 151825Z,repo SEA,datasets/gold/archive/2026-05-20/xep_hang_canh_bao_toan_quoc_151825Z.csv,mixed,"Bảng audit tự động từ file trong repo, phân loại thận trọng theo thư mục."
congestion_features,congestion features,repo SEA,datasets/gold/congestion_features.csv,mixed,"Bảng audit tự động từ file trong repo, phân loại thận trọng theo thư mục."
attraction_ticket_catalog,attraction ticket catalog,repo SEA,datasets/gold/current/attraction_ticket_catalog.csv,mixed,"Bảng audit tự động từ file trong repo, phân loại thận trọng theo thư mục."
danh_sach_diem_den_mo_rong,danh sach diem den mo rong,repo SEA,datasets/gold/current/danh_sach_diem_den_mo_rong.csv,mixed,"Bảng audit tự động từ file trong repo, phân loại thận trọng theo thư mục."
de_xuat_hieu_qua_kinh_te,de xuat hieu qua kinh te,repo SEA,datasets/gold/current/de_xuat_hieu_qua_kinh_te.csv,mixed,"Bảng audit tự động từ file trong repo, phân loại thận trọng theo thư mục."
du_bao_thoi_tiet_7_ngay,du bao thoi tiet 7 ngay,repo SEA,datasets/gold/current/du_bao_thoi_tiet_7_ngay.csv,mixed,"Bảng audit tự động từ file trong repo, phân loại thận trọng theo thư mục."
economic_action_recommendations,economic action recommendations,repo SEA,datasets/gold/current/economic_action_recommendations.csv,mixed,"Bảng audit tự động từ file trong repo, phân loại thận trọng theo thư mục."
flight_price_signal,flight price signal,repo SEA,datasets/gold/current/flight_price_signal.csv,mixed,"Bảng audit tự động từ file trong repo, phân loại thận trọng theo thư mục."
forecast_demand_scores,forecast demand scores,repo SEA,datasets/gold/current/forecast_demand_scores.csv,mixed,"Bảng audit tự động từ file trong repo, phân loại thận trọng theo thư mục."
hotel_price_pressure,hotel price pressure,repo SEA,datasets/gold/current/hotel_price_pressure.csv,mixed,"Bảng audit tự động từ file trong repo, phân loại thận trọng theo thư mục."
kiem_dinh_proxy,kiem dinh proxy,repo SEA,datasets/gold/current/kiem_dinh_proxy.csv,mixed,"Bảng audit tự động từ file trong repo, phân loại thận trọng theo thư mục."
kpi_confidence_scores,kpi confidence scores,repo SEA,datasets/gold/current/kpi_confidence_scores.csv,mixed,"Bảng audit tự động từ file trong repo, phân loại thận trọng theo thư mục."
kpi_scale_catalog,kpi scale catalog,repo SEA,datasets/gold/current/kpi_scale_catalog.csv,mixed,"Bảng audit tự động từ file trong repo, phân loại thận trọng theo thư mục."
local_spending_poi,local spending poi,repo SEA,datasets/gold/current/local_spending_poi.csv,mixed,"Bảng audit tự động từ file trong repo, phân loại thận trọng theo thư mục."
national_destination_alerts,national destination alerts,repo SEA,datasets/gold/current/national_destination_alerts.csv,mixed,"Bảng audit tự động từ file trong repo, phân loại thận trọng theo thư mục."
news_action_recommendations,news action recommendations,repo SEA,datasets/gold/current/news_action_recommendations.csv,mixed,"Bảng audit tự động từ file trong repo, phân loại thận trọng theo thư mục."
news_events,news events,repo SEA,datasets/gold/current/news_events.csv,mixed,"Bảng audit tự động từ file trong repo, phân loại thận trọng theo thư mục."
news_risk_signals,news risk signals,repo SEA,datasets/gold/current/news_risk_signals.csv,mixed,"Bảng audit tự động từ file trong repo, phân loại thận trọng theo thư mục."
proxy_vs_nearrealtime_comparison,proxy vs nearrealtime comparison,repo SEA,datasets/gold/current/proxy_vs_nearrealtime_comparison.csv,mixed,"Bảng audit tự động từ file trong repo, phân loại thận trọng theo thư mục."
redistribution_features,redistribution features,repo SEA,datasets/gold/current/redistribution_features.csv,mixed,"Bảng audit tự động từ file trong repo, phân loại thận trọng theo thư mục."
thoi_tiet_hien_tai,thoi tiet hien tai,repo SEA,datasets/gold/current/thoi_tiet_hien_tai.csv,mixed,"Bảng audit tự động từ file trong repo, phân loại thận trọng theo thư mục."
ticket_pressure_scores,ticket pressure scores,repo SEA,datasets/gold/current/ticket_pressure_scores.csv,mixed,"Bảng audit tự động từ file trong repo, phân loại thận trọng theo thư mục."
xep_hang_canh_bao_toan_quoc,xep hang canh bao toan quoc,repo SEA,datasets/gold/current/xep_hang_canh_bao_toan_quoc.csv,mixed,"Bảng audit tự động từ file trong repo, phân loại thận trọng theo thư mục."
attraction_ticket_catalog,attraction ticket catalog,repo SEA,datasets/gold/current_csv/attraction_ticket_catalog.csv,mixed,"Bảng audit tự động từ file trong repo, phân loại thận trọng theo thư mục."
danh_sach_diem_den_mo_rong,danh sach diem den mo rong,repo SEA,datasets/gold/current_csv/danh_sach_diem_den_mo_rong.csv,mixed,"Bảng audit tự động từ file trong repo, phân loại thận trọng theo thư mục."
de_xuat_hieu_qua_kinh_te,de xuat hieu qua kinh te,repo SEA,datasets/gold/current_csv/de_xuat_hieu_qua_kinh_te.csv,mixed,"Bảng audit tự động từ file trong repo, phân loại thận trọng theo thư mục."
du_bao_thoi_tiet_7_ngay,du bao thoi tiet 7 ngay,repo SEA,datasets/gold/current_csv/du_bao_thoi_tiet_7_ngay.csv,mixed,"Bảng audit tự động từ file trong repo, phân loại thận trọng theo thư mục."
economic_action_recommendations,economic action recommendations,repo SEA,datasets/gold/current_csv/economic_action_recommendations.csv,mixed,"Bảng audit tự động từ file trong repo, phân loại thận trọng theo thư mục."
flight_price_signal,flight price signal,repo SEA,datasets/gold/current_csv/flight_price_signal.csv,mixed,"Bảng audit tự động từ file trong repo, phân loại thận trọng theo thư mục."
forecast_demand_scores,forecast demand scores,repo SEA,datasets/gold/current_csv/forecast_demand_scores.csv,mixed,"Bảng audit tự động từ file trong repo, phân loại thận trọng theo thư mục."
hotel_price_pressure,hotel price pressure,repo SEA,datasets/gold/current_csv/hotel_price_pressure.csv,mixed,"Bảng audit tự động từ file trong repo, phân loại thận trọng theo thư mục."
kiem_dinh_proxy,kiem dinh proxy,repo SEA,datasets/gold/current_csv/kiem_dinh_proxy.csv,mixed,"Bảng audit tự động từ file trong repo, phân loại thận trọng theo thư mục."
kpi_confidence_scores,kpi confidence scores,repo SEA,datasets/gold/current_csv/kpi_confidence_scores.csv,mixed,"Bảng audit tự động từ file trong repo, phân loại thận trọng theo thư mục."
kpi_scale_catalog,kpi scale catalog,repo SEA,datasets/gold/current_csv/kpi_scale_catalog.csv,mixed,"Bảng audit tự động từ file trong repo, phân loại thận trọng theo thư mục."
local_spending_poi,local spending poi,repo SEA,datasets/gold/current_csv/local_spending_poi.csv,mixed,"Bảng audit tự động từ file trong repo, phân loại thận trọng theo thư mục."
national_destination_alerts,national destination alerts,repo SEA,datasets/gold/current_csv/national_destination_alerts.csv,mixed,"Bảng audit tự động từ file trong repo, phân loại thận trọng theo thư mục."
news_action_recommendations,news action recommendations,repo SEA,datasets/gold/current_csv/news_action_recommendations.csv,mixed,"Bảng audit tự động từ file trong repo, phân loại thận trọng theo thư mục."
news_events,news events,repo SEA,datasets/gold/current_csv/news_events.csv,mixed,"Bảng audit tự động từ file trong repo, phân loại thận trọng theo thư mục."
news_risk_signals,news risk signals,repo SEA,datasets/gold/current_csv/news_risk_signals.csv,mixed,"Bảng audit tự động từ file trong repo, phân loại thận trọng theo thư mục."
proxy_vs_nearrealtime_comparison,proxy vs nearrealtime comparison,repo SEA,datasets/gold/current_csv/proxy_vs_nearrealtime_comparison.csv,mixed,"Bảng audit tự động từ file trong repo, phân loại thận trọng theo thư mục."
redistribution_features,redistribution features,repo SEA,datasets/gold/current_csv/redistribution_features.csv,mixed,"Bảng audit tự động từ file trong repo, phân loại thận trọng theo thư mục."
thoi_tiet_hien_tai,thoi tiet hien tai,repo SEA,datasets/gold/current_csv/thoi_tiet_hien_tai.csv,mixed,"Bảng audit tự động từ file trong repo, phân loại thận trọng theo thư mục."
ticket_pressure_scores,ticket pressure scores,repo SEA,datasets/gold/current_csv/ticket_pressure_scores.csv,mixed,"Bảng audit tự động từ file trong repo, phân loại thận trọng theo thư mục."
xep_hang_canh_bao_toan_quoc,xep hang canh bao toan quoc,repo SEA,datasets/gold/current_csv/xep_hang_canh_bao_toan_quoc.csv,mixed,"Bảng audit tự động từ file trong repo, phân loại thận trọng theo thư mục."
attraction_ticket_catalog,attraction ticket catalog,repo SEA,datasets/gold/current_parquet/attraction_ticket_catalog.parquet,mixed,"Bảng audit tự động từ file trong repo, phân loại thận trọng theo thư mục."
de_xuat_hieu_qua_kinh_te,de xuat hieu qua kinh te,repo SEA,datasets/gold/current_parquet/de_xuat_hieu_qua_kinh_te.parquet,mixed,"Bảng audit tự động từ file trong repo, phân loại thận trọng theo thư mục."
economic_action_recommendations,economic action recommendations,repo SEA,datasets/gold/current_parquet/economic_action_recommendations.parquet,mixed,"Bảng audit tự động từ file trong repo, phân loại thận trọng theo thư mục."
flight_price_signal,flight price signal,repo SEA,datasets/gold/current_parquet/flight_price_signal.parquet,mixed,"Bảng audit tự động từ file trong repo, phân loại thận trọng theo thư mục."
forecast_demand_scores,forecast demand scores,repo SEA,datasets/gold/current_parquet/forecast_demand_scores.parquet,mixed,"Bảng audit tự động từ file trong repo, phân loại thận trọng theo thư mục."
hotel_price_pressure,hotel price pressure,repo SEA,datasets/gold/current_parquet/hotel_price_pressure.parquet,mixed,"Bảng audit tự động từ file trong repo, phân loại thận trọng theo thư mục."
kiem_dinh_proxy,kiem dinh proxy,repo SEA,datasets/gold/current_parquet/kiem_dinh_proxy.parquet,mixed,"Bảng audit tự động từ file trong repo, phân loại thận trọng theo thư mục."
kpi_confidence_scores,kpi confidence scores,repo SEA,datasets/gold/current_parquet/kpi_confidence_scores.parquet,mixed,"Bảng audit tự động từ file trong repo, phân loại thận trọng theo thư mục."
kpi_scale_catalog,kpi scale catalog,repo SEA,datasets/gold/current_parquet/kpi_scale_catalog.parquet,mixed,"Bảng audit tự động từ file trong repo, phân loại thận trọng theo thư mục."
local_spending_poi,local spending poi,repo SEA,datasets/gold/current_parquet/local_spending_poi.parquet,mixed,"Bảng audit tự động từ file trong repo, phân loại thận trọng theo thư mục."
national_destination_alerts,national destination alerts,repo SEA,datasets/gold/current_parquet/national_destination_alerts.parquet,mixed,"Bảng audit tự động từ file trong repo, phân loại thận trọng theo thư mục."
news_action_recommendations,news action recommendations,repo SEA,datasets/gold/current_parquet/news_action_recommendations.parquet,mixed,"Bảng audit tự động từ file trong repo, phân loại thận trọng theo thư mục."
news_events,news events,repo SEA,datasets/gold/current_parquet/news_events.parquet,mixed,"Bảng audit tự động từ file trong repo, phân loại thận trọng theo thư mục."
news_risk_signals,news risk signals,repo SEA,datasets/gold/current_parquet/news_risk_signals.parquet,mixed,"Bảng audit tự động từ file trong repo, phân loại thận trọng theo thư mục."
proxy_vs_nearrealtime_comparison,proxy vs nearrealtime comparison,repo SEA,datasets/gold/current_parquet/proxy_vs_nearrealtime_comparison.parquet,mixed,"Bảng audit tự động từ file trong repo, phân loại thận trọng theo thư mục."
redistribution_features,redistribution features,repo SEA,datasets/gold/current_parquet/redistribution_features.parquet,mixed,"Bảng audit tự động từ file trong repo, phân loại thận trọng theo thư mục."
ticket_pressure_scores,ticket pressure scores,repo SEA,datasets/gold/current_parquet/ticket_pressure_scores.parquet,mixed,"Bảng audit tự động từ file trong repo, phân loại thận trọng theo thư mục."
xep_hang_canh_bao_toan_quoc,xep hang canh bao toan quoc,repo SEA,datasets/gold/current_parquet/xep_hang_canh_bao_toan_quoc.parquet,mixed,"Bảng audit tự động từ file trong repo, phân loại thận trọng theo thư mục."
destination_health_scores,destination health scores,repo SEA,datasets/gold/destination_health_scores.csv,mixed,"Bảng audit tự động từ file trong repo, phân loại thận trọng theo thư mục."
destination_readiness_scores,destination readiness scores,repo SEA,datasets/gold/destination_readiness_scores.csv,mixed,"Bảng audit tự động từ file trong repo, phân loại thận trọng theo thư mục."
destination_readiness_scores,destination readiness scores,repo SEA,datasets/gold/destination_readiness_scores.parquet,mixed,"Bảng audit tự động từ file trong repo, phân loại thận trọng theo thư mục."
economic_features,economic features,repo SEA,datasets/gold/economic_features.csv,mixed,"Bảng audit tự động từ file trong repo, phân loại thận trọng theo thư mục."
events_calendar,events calendar,repo SEA,datasets/gold/events_calendar.csv,mixed,"Bảng audit tự động từ file trong repo, phân loại thận trọng theo thư mục."
events_calendar,events calendar,repo SEA,datasets/gold/events_calendar.parquet,mixed,"Bảng audit tự động từ file trong repo, phân loại thận trọng theo thư mục."
hotel_inventory_daily,hotel inventory daily,repo SEA,datasets/gold/hotel_inventory_daily.csv,mixed,"Bảng audit tự động từ file trong repo, phân loại thận trọng theo thư mục."
hotel_inventory_daily,hotel inventory daily,repo SEA,datasets/gold/hotel_inventory_daily.parquet,mixed,"Bảng audit tự động từ file trong repo, phân loại thận trọng theo thư mục."
hotel_supply_by_source_province,hotel supply by source province,repo SEA,datasets/gold/hotel_supply_by_source_province.csv,mixed,"Bảng audit tự động từ file trong repo, phân loại thận trọng theo thư mục."
hotel_supply_by_source_province,hotel supply by source province,repo SEA,datasets/gold/hotel_supply_by_source_province.parquet,mixed,"Bảng audit tự động từ file trong repo, phân loại thận trọng theo thư mục."
mvp_build_summary,mvp build summary,repo SEA,datasets/gold/mvp_build_summary.json,mixed,"Bảng audit tự động từ file trong repo, phân loại thận trọng theo thư mục."
poi_capacity,poi capacity,repo SEA,datasets/gold/poi_capacity.csv,mixed,"Bảng audit tự động từ file trong repo, phân loại thận trọng theo thư mục."
poi_capacity,poi capacity,repo SEA,datasets/gold/poi_capacity.parquet,mixed,"Bảng audit tự động từ file trong repo, phân loại thận trọng theo thư mục."
poi_master,poi master,repo SEA,datasets/gold/poi_master.csv,mixed,"Bảng audit tự động từ file trong repo, phân loại thận trọng theo thư mục."
poi_master,poi master,repo SEA,datasets/gold/poi_master.parquet,mixed,"Bảng audit tự động từ file trong repo, phân loại thận trọng theo thư mục."
redistribution_features,redistribution features,repo SEA,datasets/gold/redistribution_features.csv,mixed,"Bảng audit tự động từ file trong repo, phân loại thận trọng theo thư mục."
redistribution_features,redistribution features,repo SEA,datasets/gold/redistribution_features.parquet,mixed,"Bảng audit tự động từ file trong repo, phân loại thận trọng theo thư mục."
review_sentiment,review sentiment,repo SEA,datasets/gold/review_sentiment.csv,mixed,"Bảng audit tự động từ file trong repo, phân loại thận trọng theo thư mục."
review_sentiment,review sentiment,repo SEA,datasets/gold/review_sentiment.parquet,mixed,"Bảng audit tự động từ file trong repo, phân loại thận trọng theo thư mục."
tourism_demand_monthly,tourism demand monthly,repo SEA,datasets/gold/tourism_demand_monthly.csv,mixed,"Bảng audit tự động từ file trong repo, phân loại thận trọng theo thư mục."
tourism_demand_monthly,tourism demand monthly,repo SEA,datasets/gold/tourism_demand_monthly.parquet,mixed,"Bảng audit tự động từ file trong repo, phân loại thận trọng theo thư mục."
transport_flow_monthly,transport flow monthly,repo SEA,datasets/gold/transport_flow_monthly.csv,mixed,"Bảng audit tự động từ file trong repo, phân loại thận trọng theo thư mục."
transport_flow_monthly,transport flow monthly,repo SEA,datasets/gold/transport_flow_monthly.parquet,mixed,"Bảng audit tự động từ file trong repo, phân loại thận trọng theo thư mục."
weather_daily,weather daily,repo SEA,datasets/gold/weather_daily.csv,mixed,"Bảng audit tự động từ file trong repo, phân loại thận trọng theo thư mục."
weather_daily,weather daily,repo SEA,datasets/gold/weather_daily.parquet,mixed,"Bảng audit tự động từ file trong repo, phân loại thận trọng theo thư mục."
weather_monthly_by_province,weather monthly by province,repo SEA,datasets/gold/weather_monthly_by_province.csv,mixed,"Bảng audit tự động từ file trong repo, phân loại thận trọng theo thư mục."
weather_monthly_by_province,weather monthly by province,repo SEA,datasets/gold/weather_monthly_by_province.parquet,mixed,"Bảng audit tự động từ file trong repo, phân loại thận trọng theo thư mục."
weather_risk_features,weather risk features,repo SEA,datasets/gold/weather_risk_features.csv,mixed,"Bảng audit tự động từ file trong repo, phân loại thận trọng theo thư mục."
weather_risk_features,weather risk features,repo SEA,datasets/gold/weather_risk_features.parquet,mixed,"Bảng audit tự động từ file trong repo, phân loại thận trọng theo thư mục."
crawler_log,crawler log,repo SEA,datasets/logs/crawler_log.csv,proxy,"Bảng audit tự động từ file trong repo, phân loại thận trọng theo thư mục."
mvp_overpass_errors,mvp overpass errors,repo SEA,datasets/logs/mvp_overpass_errors.csv,proxy,"Bảng audit tự động từ file trong repo, phân loại thận trọng theo thư mục."
2026-05-18T155802.601925Z0000,2026-05-18T155802.601925Z0000,repo SEA,datasets/raw/civil_aviation_authority_vietnam/aviation_passenger_news/2026-05-18T155802.601925Z0000.html,real_data,"Bảng audit tự động từ file trong repo, phân loại thận trọng theo thư mục."
2026-05-18T155843.677790Z0000,2026-05-18T155843.677790Z0000,repo SEA,datasets/raw/civil_aviation_authority_vietnam/aviation_passenger_news/2026-05-18T155843.677790Z0000.html,real_data,"Bảng audit tự động từ file trong repo, phân loại thận trọng theo thư mục."
2026-05-18T160137.624684Z0000,2026-05-18T160137.624684Z0000,repo SEA,datasets/raw/civil_aviation_authority_vietnam/aviation_passenger_news/2026-05-18T160137.624684Z0000.html,real_data,"Bảng audit tự động từ file trong repo, phân loại thận trọng theo thư mục."
cat_ba_20260519T161049Z,cat ba 20260519T161049Z,repo SEA,datasets/raw/geospatial/overpass/cat_ba_20260519T161049Z.json,real_data,"Bảng audit tự động từ file trong repo, phân loại thận trọng theo thư mục."
cua_lo_20260519T160816Z,cua lo 20260519T160816Z,repo SEA,datasets/raw/geospatial/overpass/cua_lo_20260519T160816Z.json,real_data,"Bảng audit tự động từ file trong repo, phân loại thận trọng theo thư mục."
cua_lo_20260519T161102Z,cua lo 20260519T161102Z,repo SEA,datasets/raw/geospatial/overpass/cua_lo_20260519T161102Z.json,real_data,"Bảng audit tự động từ file trong repo, phân loại thận trọng theo thư mục."
da_nang_20260519T160702Z,da nang 20260519T160702Z,repo SEA,datasets/raw/geospatial/overpass/da_nang_20260519T160702Z.json,real_data,"Bảng audit tự động từ file trong repo, phân loại thận trọng theo thư mục."
da_nang_20260519T160938Z,da nang 20260519T160938Z,repo SEA,datasets/raw/geospatial/overpass/da_nang_20260519T160938Z.json,real_data,"Bảng audit tự động từ file trong repo, phân loại thận trọng theo thư mục."
ha_long_20260519T161037Z,ha long 20260519T161037Z,repo SEA,datasets/raw/geospatial/overpass/ha_long_20260519T161037Z.json,real_data,"Bảng audit tự động từ file trong repo, phân loại thận trọng theo thư mục."
hoi_an_20260519T160711Z,hoi an 20260519T160711Z,repo SEA,datasets/raw/geospatial/overpass/hoi_an_20260519T160711Z.json,real_data,"Bảng audit tự động từ file trong repo, phân loại thận trọng theo thư mục."
hoi_an_20260519T160945Z,hoi an 20260519T160945Z,repo SEA,datasets/raw/geospatial/overpass/hoi_an_20260519T160945Z.json,real_data,"Bảng audit tự động từ file trong repo, phân loại thận trọng theo thư mục."
hue_20260519T160717Z,hue 20260519T160717Z,repo SEA,datasets/raw/geospatial/overpass/hue_20260519T160717Z.json,real_data,"Bảng audit tự động từ file trong repo, phân loại thận trọng theo thư mục."
hue_20260519T160950Z,hue 20260519T160950Z,repo SEA,datasets/raw/geospatial/overpass/hue_20260519T160950Z.json,real_data,"Bảng audit tự động từ file trong repo, phân loại thận trọng theo thư mục."
mui_ne_20260519T160835Z,mui ne 20260519T160835Z,repo SEA,datasets/raw/geospatial/overpass/mui_ne_20260519T160835Z.json,real_data,"Bảng audit tự động từ file trong repo, phân loại thận trọng theo thư mục."
mui_ne_20260519T161118Z,mui ne 20260519T161118Z,repo SEA,datasets/raw/geospatial/overpass/mui_ne_20260519T161118Z.json,real_data,"Bảng audit tự động từ file trong repo, phân loại thận trọng theo thư mục."
quy_nhon_20260519T160722Z,quy nhon 20260519T160722Z,repo SEA,datasets/raw/geospatial/overpass/quy_nhon_20260519T160722Z.json,real_data,"Bảng audit tự động từ file trong repo, phân loại thận trọng theo thư mục."
quy_nhon_20260519T160957Z,quy nhon 20260519T160957Z,repo SEA,datasets/raw/geospatial/overpass/quy_nhon_20260519T160957Z.json,real_data,"Bảng audit tự động từ file trong repo, phân loại thận trọng theo thư mục."
sam_son_20260519T160807Z,sam son 20260519T160807Z,repo SEA,datasets/raw/geospatial/overpass/sam_son_20260519T160807Z.json,real_data,"Bảng audit tự động từ file trong repo, phân loại thận trọng theo thư mục."
sam_son_20260519T161055Z,sam son 20260519T161055Z,repo SEA,datasets/raw/geospatial/overpass/sam_son_20260519T161055Z.json,real_data,"Bảng audit tự động từ file trong repo, phân loại thận trọng theo thư mục."
vung_tau_20260519T160829Z,vung tau 20260519T160829Z,repo SEA,datasets/raw/geospatial/overpass/vung_tau_20260519T160829Z.json,real_data,"Bảng audit tự động từ file trong repo, phân loại thận trọng theo thư mục."
vung_tau_20260519T161113Z,vung tau 20260519T161113Z,repo SEA,datasets/raw/geospatial/overpass/vung_tau_20260519T161113Z.json,real_data,"Bảng audit tự động từ file trong repo, phân loại thận trọng theo thư mục."
route_can_tho_an_giang_20260519T161136Z,route can tho an giang 20260519T161136Z,repo SEA,datasets/raw/mobility/osrm/route_can_tho_an_giang_20260519T161136Z.json,real_data,"Bảng audit tự động từ file trong repo, phân loại thận trọng theo thư mục."
route_can_tho_ben_tre_20260519T161137Z,route can tho ben tre 20260519T161137Z,repo SEA,datasets/raw/mobility/osrm/route_can_tho_ben_tre_20260519T161137Z.json,real_data,"Bảng audit tự động từ file trong repo, phân loại thận trọng theo thư mục."
route_da_nang_hoi_an_20260519T161123Z,route da nang hoi an 20260519T161123Z,repo SEA,datasets/raw/mobility/osrm/route_da_nang_hoi_an_20260519T161123Z.json,real_data,"Bảng audit tự động từ file trong repo, phân loại thận trọng theo thư mục."
route_da_nang_hue_20260519T161124Z,route da nang hue 20260519T161124Z,repo SEA,datasets/raw/mobility/osrm/route_da_nang_hue_20260519T161124Z.json,real_data,"Bảng audit tự động từ file trong repo, phân loại thận trọng theo thư mục."
route_da_nang_ly_son_20260519T161138Z,route da nang ly son 20260519T161138Z,repo SEA,datasets/raw/mobility/osrm/route_da_nang_ly_son_20260519T161138Z.json,real_data,"Bảng audit tự động từ file trong repo, phân loại thận trọng theo thư mục."
route_da_nang_quy_nhon_20260519T161126Z,route da nang quy nhon 20260519T161126Z,repo SEA,datasets/raw/mobility/osrm/route_da_nang_quy_nhon_20260519T161126Z.json,real_data,"Bảng audit tự động từ file trong repo, phân loại thận trọng theo thư mục."
route_ha_giang_moc_chau_20260519T161135Z,route ha giang moc chau 20260519T161135Z,repo SEA,datasets/raw/mobility/osrm/route_ha_giang_moc_chau_20260519T161135Z.json,real_data,"Bảng audit tự động từ file trong repo, phân loại thận trọng theo thư mục."
route_ha_long_cat_ba_20260519T161133Z,route ha long cat ba 20260519T161133Z,repo SEA,datasets/raw/mobility/osrm/route_ha_long_cat_ba_20260519T161133Z.json,real_data,"Bảng audit tự động từ file trong repo, phân loại thận trọng theo thư mục."
route_ha_noi_ha_long_20260519T161132Z,route ha noi ha long 20260519T161132Z,repo SEA,datasets/raw/mobility/osrm/route_ha_noi_ha_long_20260519T161132Z.json,real_data,"Bảng audit tự động từ file trong repo, phân loại thận trọng theo thư mục."
route_ha_noi_ninh_binh_20260519T161131Z,route ha noi ninh binh 20260519T161131Z,repo SEA,datasets/raw/mobility/osrm/route_ha_noi_ninh_binh_20260519T161131Z.json,real_data,"Bảng audit tự động từ file trong repo, phân loại thận trọng theo thư mục."
route_ha_noi_sa_pa_20260519T161134Z,route ha noi sa pa 20260519T161134Z,repo SEA,datasets/raw/mobility/osrm/route_ha_noi_sa_pa_20260519T161134Z.json,real_data,"Bảng audit tự động từ file trong repo, phân loại thận trọng theo thư mục."
route_ho_chi_minh_city_mui_ne_20260519T161130Z,route ho chi minh city mui ne 20260519T161130Z,repo SEA,datasets/raw/mobility/osrm/route_ho_chi_minh_city_mui_ne_20260519T161130Z.json,real_data,"Bảng audit tự động từ file trong repo, phân loại thận trọng theo thư mục."
route_ho_chi_minh_city_vung_tau_20260519T161128Z,route ho chi minh city vung tau 20260519T161128Z,repo SEA,datasets/raw/mobility/osrm/route_ho_chi_minh_city_vung_tau_20260519T161128Z.json,real_data,"Bảng audit tự động từ file trong repo, phân loại thận trọng theo thư mục."
route_hoi_an_hue_20260519T161127Z,route hoi an hue 20260519T161127Z,repo SEA,datasets/raw/mobility/osrm/route_hoi_an_hue_20260519T161127Z.json,real_data,"Bảng audit tự động từ file trong repo, phân loại thận trọng theo thư mục."
route_nha_trang_mui_ne_20260519T161128Z,route nha trang mui ne 20260519T161128Z,repo SEA,datasets/raw/mobility/osrm/route_nha_trang_mui_ne_20260519T161128Z.json,real_data,"Bảng audit tự động từ file trong repo, phân loại thận trọng theo thư mục."
route_phu_quoc_con_dao_20260519T161137Z,route phu quoc con dao 20260519T161137Z,repo SEA,datasets/raw/mobility/osrm/route_phu_quoc_con_dao_20260519T161137Z.json,real_data,"Bảng audit tự động từ file trong repo, phân loại thận trọng theo thư mục."
route_sa_pa_ha_giang_20260519T161134Z,route sa pa ha giang 20260519T161134Z,repo SEA,datasets/raw/mobility/osrm/route_sa_pa_ha_giang_20260519T161134Z.json,real_data,"Bảng audit tự động từ file trong repo, phân loại thận trọng theo thư mục."
2026-05-18T161820.734762Z0000,2026-05-18T161820.734762Z0000,repo SEA,datasets/raw/official_statistics/thongke.tourism.vn/2026-05-18T161820.734762Z0000.html,real_data,"Bảng audit tự động từ file trong repo, phân loại thận trọng theo thư mục."
2026-05-18T161822.735771Z0000,2026-05-18T161822.735771Z0000,repo SEA,datasets/raw/official_statistics/thongke.tourism.vn/2026-05-18T161822.735771Z0000.html,real_data,"Bảng audit tự động từ file trong repo, phân loại thận trọng theo thư mục."
2026-05-18T161823.833654Z0000,2026-05-18T161823.833654Z0000,repo SEA,datasets/raw/official_statistics/vietnamtourism.gov.vn/2026-05-18T161823.833654Z0000.html,real_data,"Bảng audit tự động từ file trong repo, phân loại thận trọng theo thư mục."
2026-05-18T161825.001289Z0000,2026-05-18T161825.001289Z0000,repo SEA,datasets/raw/official_statistics/vietnamtourism.gov.vn/2026-05-18T161825.001289Z0000.html,real_data,"Bảng audit tự động từ file trong repo, phân loại thận trọng theo thư mục."
2026-05-18T161830.547675Z0000,2026-05-18T161830.547675Z0000,repo SEA,datasets/raw/transport/caa.gov.vn/2026-05-18T161830.547675Z0000.html,real_data,"Bảng audit tự động từ file trong repo, phân loại thận trọng theo thư mục."
2026-05-18T161832.036920Z0000,2026-05-18T161832.036920Z0000,repo SEA,datasets/raw/transport/vietnamairport.vn/2026-05-18T161832.036920Z0000.html,real_data,"Bảng audit tự động từ file trong repo, phân loại thận trọng theo thư mục."
2026-05-18T161836.389988Z0000,2026-05-18T161836.389988Z0000,repo SEA,datasets/raw/transport/vietnamairport.vn/2026-05-18T161836.389988Z0000.html,real_data,"Bảng audit tự động từ file trong repo, phân loại thận trọng theo thư mục."
2026-05-18T161837.761053Z0000,2026-05-18T161837.761053Z0000,repo SEA,datasets/raw/transport/vietnamairport.vn/2026-05-18T161837.761053Z0000.html,real_data,"Bảng audit tự động từ file trong repo, phân loại thận trọng theo thư mục."
2026-05-18T161839.125161Z0000,2026-05-18T161839.125161Z0000,repo SEA,datasets/raw/transport/vietnamairport.vn/2026-05-18T161839.125161Z0000.html,real_data,"Bảng audit tự động từ file trong repo, phân loại thận trọng theo thư mục."
2026-05-18T161840.486025Z0000,2026-05-18T161840.486025Z0000,repo SEA,datasets/raw/transport/vietnamairport.vn/2026-05-18T161840.486025Z0000.html,real_data,"Bảng audit tự động từ file trong repo, phân loại thận trọng theo thư mục."
2026-05-18T161841.827203Z0000,2026-05-18T161841.827203Z0000,repo SEA,datasets/raw/transport/vietnamairport.vn/2026-05-18T161841.827203Z0000.html,real_data,"Bảng audit tự động từ file trong repo, phân loại thận trọng theo thư mục."
2026-05-18T161843.171478Z0000,2026-05-18T161843.171478Z0000,repo SEA,datasets/raw/transport/vietnamairport.vn/2026-05-18T161843.171478Z0000.html,real_data,"Bảng audit tự động từ file trong repo, phân loại thận trọng theo thư mục."
2026-05-18T155759.904430Z0000,2026-05-18T155759.904430Z0000,repo SEA,datasets/raw/vietnam_tourism_news/monthly_international_arrival_articles/2026-05-18T155759.904430Z0000.html,real_data,"Bảng audit tự động từ file trong repo, phân loại thận trọng theo thư mục."
2026-05-18T155840.915761Z0000,2026-05-18T155840.915761Z0000,repo SEA,datasets/raw/vietnam_tourism_news/monthly_international_arrival_articles/2026-05-18T155840.915761Z0000.html,real_data,"Bảng audit tự động từ file trong repo, phân loại thận trọng theo thư mục."
2026-05-18T160135.160294Z0000,2026-05-18T160135.160294Z0000,repo SEA,datasets/raw/vietnam_tourism_news/monthly_international_arrival_articles/2026-05-18T160135.160294Z0000.html,real_data,"Bảng audit tự động từ file trong repo, phân loại thận trọng theo thư mục."
2026-05-18T155758.648598Z0000,2026-05-18T155758.648598Z0000,repo SEA,datasets/raw/vietnam_tourism_statistics/domestic_visitors_by_group/2026-05-18T155758.648598Z0000.html,real_data,"Bảng audit tự động từ file trong repo, phân loại thận trọng theo thư mục."
2026-05-18T155839.599565Z0000,2026-05-18T155839.599565Z0000,repo SEA,datasets/raw/vietnam_tourism_statistics/domestic_visitors_by_group/2026-05-18T155839.599565Z0000.html,real_data,"Bảng audit tự động từ file trong repo, phân loại thận trọng theo thư mục."
2026-05-18T160133.911719Z0000,2026-05-18T160133.911719Z0000,repo SEA,datasets/raw/vietnam_tourism_statistics/domestic_visitors_by_group/2026-05-18T160133.911719Z0000.html,real_data,"Bảng audit tự động từ file trong repo, phân loại thận trọng theo thư mục."
2026-05-18T155754.642715Z0000,2026-05-18T155754.642715Z0000,repo SEA,datasets/raw/vietnam_tourism_statistics/international_arrivals_by_market/2026-05-18T155754.642715Z0000.html,real_data,"Bảng audit tự động từ file trong repo, phân loại thận trọng theo thư mục."
2026-05-18T155836.288062Z0000,2026-05-18T155836.288062Z0000,repo SEA,datasets/raw/vietnam_tourism_statistics/international_arrivals_by_market/2026-05-18T155836.288062Z0000.html,real_data,"Bảng audit tự động từ file trong repo, phân loại thận trọng theo thư mục."
2026-05-18T160130.817172Z0000,2026-05-18T160130.817172Z0000,repo SEA,datasets/raw/vietnam_tourism_statistics/international_arrivals_by_market/2026-05-18T160130.817172Z0000.html,real_data,"Bảng audit tự động từ file trong repo, phân loại thận trọng theo thư mục."
2026-05-18T155757.402325Z0000,2026-05-18T155757.402325Z0000,repo SEA,datasets/raw/vietnam_tourism_statistics/international_arrivals_by_transport/2026-05-18T155757.402325Z0000.html,real_data,"Bảng audit tự động từ file trong repo, phân loại thận trọng theo thư mục."
2026-05-18T155838.242556Z0000,2026-05-18T155838.242556Z0000,repo SEA,datasets/raw/vietnam_tourism_statistics/international_arrivals_by_transport/2026-05-18T155838.242556Z0000.html,real_data,"Bảng audit tự động từ file trong repo, phân loại thận trọng theo thư mục."
2026-05-18T160132.658869Z0000,2026-05-18T160132.658869Z0000,repo SEA,datasets/raw/vietnam_tourism_statistics/international_arrivals_by_transport/2026-05-18T160132.658869Z0000.html,real_data,"Bảng audit tự động từ file trong repo, phân loại thận trọng theo thư mục."
forecast_20260519T160837Z,forecast 20260519T160837Z,repo SEA,datasets/raw/weather/open_meteo_forecast/forecast_20260519T160837Z.json,real_data,"Bảng audit tự động từ file trong repo, phân loại thận trọng theo thư mục."
forecast_20260519T161120Z,forecast 20260519T161120Z,repo SEA,datasets/raw/weather/open_meteo_forecast/forecast_20260519T161120Z.json,real_data,"Bảng audit tự động từ file trong repo, phân loại thận trọng theo thư mục."
hotels_inventory,hotels inventory,repo SEA,datasets/silver/hotels_inventory.csv,mixed,"Bảng audit tự động từ file trong repo, phân loại thận trọng theo thư mục."
hotels_inventory,hotels inventory,repo SEA,datasets/silver/hotels_inventory.parquet,mixed,"Bảng audit tự động từ file trong repo, phân loại thận trọng theo thư mục."
public_reviews,public reviews,repo SEA,datasets/silver/public_reviews.csv,mixed,"Bảng audit tự động từ file trong repo, phân loại thận trọng theo thư mục."
public_reviews,public reviews,repo SEA,datasets/silver/public_reviews.parquet,mixed,"Bảng audit tự động từ file trong repo, phân loại thận trọng theo thư mục."
source_catalog,source catalog,repo SEA,datasets/source_catalog.csv,proxy,"Bảng audit tự động từ file trong repo, phân loại thận trọng theo thư mục."
traveloka_full,traveloka full,repo SEA,datasets/traveloka/debug/traveloka_full.html,proxy,"Bảng audit tự động từ file trong repo, phân loại thận trọng theo thư mục."
traveloka_vietnam_discovery,traveloka vietnam discovery,repo SEA,datasets/traveloka/debug/traveloka_vietnam_discovery.html,proxy,"Bảng audit tự động từ file trong repo, phân loại thận trọng theo thư mục."
traveloka_hotels_full,traveloka hotels full,repo SEA,datasets/traveloka/traveloka_hotels_full.csv,proxy,"Bảng audit tự động từ file trong repo, phân loại thận trọng theo thư mục."
traveloka_reviews,traveloka reviews,repo SEA,datasets/traveloka/traveloka_reviews.csv,proxy,"Bảng audit tự động từ file trong repo, phân loại thận trọng theo thư mục."
weather_all_vietnam,weather all vietnam,repo SEA,datasets/weather/weather_all_vietnam.csv,proxy,"Bảng audit tự động từ file trong repo, phân loại thận trọng theo thư mục."
weather_archive_vietnam,weather archive vietnam,repo SEA,datasets/weather/weather_archive_vietnam.csv,proxy,"Bảng audit tự động từ file trong repo, phân loại thận trọng theo thư mục."
weather_scrape_status,weather scrape status,repo SEA,datasets/weather/weather_scrape_status.csv,proxy,"Bảng audit tự động từ file trong repo, phân loại thận trọng theo thư mục."
weather_today_vietnam,weather today vietnam,repo SEA,datasets/weather/weather_today_vietnam.csv,proxy,"Bảng audit tự động từ file trong repo, phân loại thận trọng theo thư mục."
