rank,destination_id,ten_diem_den,tinh_thanh,vung,loai_hinh_du_lich,muc_canh_bao,diem_ap_luc,rui_ro_thoi_tiet,du_bao_24_gio,du_bao_7_ngay,du_bao_30_ngay,du_bao_3_thang,co_hoi_kinh_te,kha_nang_dieu_phoi,diem_san_sang_ha_tang,loai_du_lieu,do_tin_cay,nguyen_nhan_chinh,hanh_dong_de_xuat,hieu_qua_kinh_te_ky_vong,cap_nhat_lan_cuoi,nhiet_do_hien_tai,mua_hien_tai,gio_hien_tai,do_am_hien_tai,trang_thai_thoi_tiet_ngan,cap_nhat_thoi_tiet_luc,lat,lng,coastal_zone,diem_uu_tien_dau_tu,diem_suc_khoe_diem_den
1,ha_long,Hạ Long,Quảng Ninh,Đông Bắc,biển; di sản; đô thị,cam,84.73,84.1,84.54,85.08,78.59,73.05,50.88,61.76,57.9,mixed_proxy_near_real_time,76.5,rủi ro thời tiết cao; proxy giá/lưu trú căng,"Phân luồng giao thông, tăng shuttle, chia khung giờ vào điểm nóng, tạm giảm quảng bá đại trà và đẩy khách sang điểm thay thế có hạ tầng tốt hơn.","Giảm áp lực điểm nóng, tăng chi tiêu ăn uống/vận tải/lưu trú ở điểm phụ, giảm chi phí xã hội do kẹt xe và trải nghiệm xấu.",21/05/2026 13:18,27.4,0.0,13.5,93,Ổn định,21/05/2026 13:18,20.9712,107.0448,yes,56.27,58.22
2,cat_ba,Cát Bà,Hải Phòng,Đông Bắc,đảo; biển; tự nhiên,cam,70.81,96.38,78.48,66.96,59.65,57.65,49.67,35.0,54.82,mixed_proxy_near_real_time,76.5,rủi ro thời tiết cao,"Phân luồng giao thông, tăng shuttle, chia khung giờ vào điểm nóng, tạm giảm quảng bá đại trà và đẩy khách sang điểm thay thế có hạ tầng tốt hơn.","Giảm áp lực điểm nóng, tăng chi tiêu ăn uống/vận tải/lưu trú ở điểm phụ, giảm chi phí xã hội do kẹt xe và trải nghiệm xấu.",21/05/2026 13:18,28.0,0.0,21.1,92,Ổn định,21/05/2026 13:18,20.7278,107.0482,yes,53.38,60.49
3,quy_nhon,Quy Nhơn,Bình Định,Nam Trung Bộ,biển; đô thị,vàng,65.71,68.32,66.49,65.1,60.95,58.24,47.38,35.0,52.49,mixed_proxy_near_real_time,76.5,áp lực ở mức theo dõi từ dữ liệu hiện có,"Theo dõi thời tiết, giá/lưu trú và sự kiện; chuẩn bị shuttle, voucher giờ thấp điểm.",Tăng doanh thu mùa thấp điểm và kéo dài thời gian lưu trú nếu kích cầu đúng phân khúc.,21/05/2026 13:18,27.7,0.0,5.4,93,Ổn định,21/05/2026 13:18,13.7563,109.2297,yes,52.01,69.1
4,da_nang,Đà Nẵng,Đà Nẵng,Duyên hải miền Trung,biển; đô thị; cửa ngõ,vàng,63.06,49.64,59.03,64.47,66.4,66.54,67.11,79.84,75.02,mixed_proxy_near_real_time,76.5,áp lực ở mức theo dõi từ dữ liệu hiện có,"Theo dõi thời tiết, giá/lưu trú và sự kiện; chuẩn bị shuttle, voucher giờ thấp điểm.",Tăng doanh thu mùa thấp điểm và kéo dài thời gian lưu trú nếu kích cầu đúng phân khúc.,21/05/2026 13:18,27.0,0.1,8.8,94,Ổn định,21/05/2026 13:18,16.0471,108.2068,yes,51.35,81.72
5,mui_ne,Mũi Né,Bình Thuận,Nam Trung Bộ,biển; thể thao,vàng,60.78,49.66,57.44,61.98,61.19,59.36,52.03,35.0,58.88,mixed_proxy_near_real_time,76.5,áp lực ở mức theo dõi từ dữ liệu hiện có,"Theo dõi thời tiết, giá/lưu trú và sự kiện; chuẩn bị shuttle, voucher giờ thấp điểm.",Tăng doanh thu mùa thấp điểm và kéo dài thời gian lưu trú nếu kích cầu đúng phân khúc.,21/05/2026 13:18,27.1,0.1,6.7,93,Ổn định,21/05/2026 13:18,10.9333,108.2833,yes,50.4,77.9
6,sam_son,Sầm Sơn,Thanh Hóa,Bắc Trung Bộ,bãi biển,vàng,58.85,97.98,70.59,53.74,43.65,40.68,28.78,35.0,35.04,mixed_proxy_near_real_time,76.5,rủi ro thời tiết cao; hạ tầng proxy yếu,"Không đẩy khách đại trà; ưu tiên bãi đỗ, vệ sinh công cộng, biển chỉ dẫn, QR vé và điểm thông tin du lịch.",Tăng doanh thu mùa thấp điểm và kéo dài thời gian lưu trú nếu kích cầu đúng phân khúc.,21/05/2026 13:18,28.8,0.0,21.1,91,Ổn định,21/05/2026 13:18,19.7419,105.902,yes,48.96,59.53
7,hoi_an,Hội An,Quảng Nam,Duyên hải miền Trung,di sản; biển,vàng,52.25,41.96,49.16,53.13,59.08,62.96,78.48,72.97,81.82,mixed_proxy_near_real_time,76.5,áp lực ở mức theo dõi từ dữ liệu hiện có,"Theo dõi thời tiết, giá/lưu trú và sự kiện; chuẩn bị shuttle, voucher giờ thấp điểm.",Tăng doanh thu mùa thấp điểm và kéo dài thời gian lưu trú nếu kích cầu đúng phân khúc.,21/05/2026 13:18,27.0,0.1,5.2,95,Ổn định,21/05/2026 13:18,15.8801,108.338,yes,50.82,90.54
8,hue,Huế,Huế,Duyên hải miền Trung,di sản; đô thị,vàng,51.4,61.22,54.35,49.51,50.6,53.36,64.4,35.0,68.51,mixed_proxy_near_real_time,76.5,áp lực ở mức theo dõi từ dữ liệu hiện có,"Theo dõi thời tiết, giá/lưu trú và sự kiện; chuẩn bị shuttle, voucher giờ thấp điểm.",Tăng doanh thu mùa thấp điểm và kéo dài thời gian lưu trú nếu kích cầu đúng phân khúc.,21/05/2026 13:18,27.1,0.1,1.9,97,Ổn định,21/05/2026 13:18,16.4637,107.5909,no,49.63,82.12
9,vung_tau,Vũng Tàu,Bà Rịa - Vũng Tàu,Đông Nam Bộ,biển; đô thị,vàng,40.95,48.82,43.31,39.42,43.73,48.71,68.62,35.0,70.7,mixed_proxy_near_real_time,76.5,áp lực ở mức theo dõi từ dữ liệu hiện có,"Theo dõi thời tiết, giá/lưu trú và sự kiện; chuẩn bị shuttle, voucher giờ thấp điểm.",Tăng doanh thu mùa thấp điểm và kéo dài thời gian lưu trú nếu kích cầu đúng phân khúc.,21/05/2026 13:18,28.5,0.0,7.9,83,Ổn định,21/05/2026 13:18,10.4114,107.1362,yes,47.94,90.58
10,cua_lo,Cửa Lò,Nghệ An,Bắc Trung Bộ,bãi biển,xanh,36.2,40.58,37.51,35.9,34.2,33.14,28.9,35.0,37.2,mixed_proxy_near_real_time,76.5,hạ tầng proxy yếu,"Không đẩy khách đại trà; ưu tiên bãi đỗ, vệ sinh công cộng, biển chỉ dẫn, QR vé và điểm thông tin du lịch.",Tăng doanh thu mùa thấp điểm và kéo dài thời gian lưu trú nếu kích cầu đúng phân khúc.,21/05/2026 13:18,28.5,0.0,9.1,85,Ổn định,21/05/2026 13:18,18.7929,105.722,yes,42.59,84.72
11,ninh_binh,Ninh Bình,Ninh Bình,Đồng bằng sông Hồng,di sản; tự nhiên,xám,48.38,85.38,59.48,43.78,34.4,31.48,19.82,35.0,23.27,mixed_proxy_thieu_du_lieu,61.5,rủi ro thời tiết cao; hạ tầng proxy yếu; thiếu POI/nguồn kiểm định,"Không đẩy khách đại trà; ưu tiên bãi đỗ, vệ sinh công cộng, biển chỉ dẫn, QR vé và điểm thông tin du lịch.",Tăng doanh thu mùa thấp điểm và kéo dài thời gian lưu trú nếu kích cầu đúng phân khúc.,21/05/2026 13:18,28.2,0.0,14.1,91,Ổn định,21/05/2026 13:18,20.2506,105.9745,no,46.88,63.86
12,ly_son,Lý Sơn,Quảng Ngãi,Đảo miền Trung,đảo; biển,xám,47.76,83.6,58.51,43.32,33.89,30.79,18.39,35.0,22.7,mixed_proxy_thieu_du_lieu,61.5,rủi ro thời tiết cao; hạ tầng proxy yếu; thiếu POI/nguồn kiểm định,"Không đẩy khách đại trà; ưu tiên bãi đỗ, vệ sinh công cộng, biển chỉ dẫn, QR vé và điểm thông tin du lịch.",Tăng doanh thu mùa thấp điểm và kéo dài thời gian lưu trú nếu kích cầu đúng phân khúc.,21/05/2026 13:18,28.1,0.0,27.0,85,Ổn định,21/05/2026 13:18,15.3833,109.1167,yes,46.35,64.42
13,ha_noi,Hà Nội,Hà Nội,Đồng bằng sông Hồng,đô thị; di sản; cửa ngõ,xám,45.65,77.56,55.22,41.74,34.3,32.26,24.09,50.89,33.92,mixed_proxy_thieu_du_lieu,61.5,rủi ro thời tiết cao; hạ tầng proxy yếu; thiếu POI/nguồn kiểm định,"Không đẩy khách đại trà; ưu tiên bãi đỗ, vệ sinh công cộng, biển chỉ dẫn, QR vé và điểm thông tin du lịch.",Tăng doanh thu mùa thấp điểm và kéo dài thời gian lưu trú nếu kích cầu đúng phân khúc.,21/05/2026 13:18,27.5,0.0,12.2,94,Ổn định,21/05/2026 13:18,21.0278,105.8342,no,44.18,70.24
14,ha_giang,Hà Giang,Hà Giang,Miền núi phía Bắc,núi; tự nhiên,xám,43.62,71.78,52.07,40.21,32.82,30.31,20.26,35.0,25.66,mixed_proxy_thieu_du_lieu,61.5,rủi ro thời tiết cao; hạ tầng proxy yếu; thiếu POI/nguồn kiểm định,"Không đẩy khách đại trà; ưu tiên bãi đỗ, vệ sinh công cộng, biển chỉ dẫn, QR vé và điểm thông tin du lịch.",Tăng doanh thu mùa thấp điểm và kéo dài thời gian lưu trú nếu kích cầu đúng phân khúc.,21/05/2026 13:18,24.9,0.6,3.1,97,Ổn định,21/05/2026 13:18,22.8233,104.9836,no,45.03,70.12
15,phu_quoc,Phú Quốc,Kiên Giang,Đảo Tây Nam Bộ,đảo; biển,xám,37.76,57.28,43.62,35.5,35.28,37.37,45.72,41.8,48.71,mixed_proxy_thieu_du_lieu,61.5,thiếu POI/nguồn kiểm định,"Theo dõi thời tiết, giá/lưu trú và sự kiện; chuẩn bị shuttle, voucher giờ thấp điểm.",Tăng doanh thu mùa thấp điểm và kéo dài thời gian lưu trú nếu kích cầu đúng phân khúc.,21/05/2026 13:18,26.6,0.1,11.6,87,Ổn định,21/05/2026 13:18,10.2899,103.984,yes,45.68,83.3
16,phong_nha,Phong Nha - Kẻ Bàng,Quảng Bình,Bắc Trung Bộ,di sản; tự nhiên,xám,36.0,50.0,40.2,34.5,31.11,29.9,25.05,35.0,35.0,mixed_proxy_thieu_du_lieu,43.75,hạ tầng proxy yếu; thiếu POI/nguồn kiểm định,"Không đẩy khách đại trà; ưu tiên bãi đỗ, vệ sinh công cộng, biển chỉ dẫn, QR vé và điểm thông tin du lịch.",Tăng doanh thu mùa thấp điểm và kéo dài thời gian lưu trú nếu kích cầu đúng phân khúc.,21/05/2026 13:18,,,,,thiếu dữ liệu,21/05/2026 13:18,17.5903,106.283,no,41.77,81.8
17,ba_na,Bà Nà Hills,Đà Nẵng,Duyên hải miền Trung,khu vui chơi; núi,xám,36.0,50.0,40.2,34.5,31.11,29.9,25.05,35.0,35.0,mixed_proxy_thieu_du_lieu,43.75,hạ tầng proxy yếu; thiếu POI/nguồn kiểm định,"Không đẩy khách đại trà; ưu tiên bãi đỗ, vệ sinh công cộng, biển chỉ dẫn, QR vé và điểm thông tin du lịch.",Tăng doanh thu mùa thấp điểm và kéo dài thời gian lưu trú nếu kích cầu đúng phân khúc.,21/05/2026 13:18,,,,,thiếu dữ liệu,21/05/2026 13:18,15.995,107.997,no,41.77,81.8
18,mai_chau,Mai Châu,Hòa Bình,Miền núi phía Bắc,cộng đồng; núi,xám,36.0,50.0,40.2,34.5,31.11,29.9,25.05,35.0,35.0,mixed_proxy_thieu_du_lieu,43.75,hạ tầng proxy yếu; thiếu POI/nguồn kiểm định,"Không đẩy khách đại trà; ưu tiên bãi đỗ, vệ sinh công cộng, biển chỉ dẫn, QR vé và điểm thông tin du lịch.",Tăng doanh thu mùa thấp điểm và kéo dài thời gian lưu trú nếu kích cầu đúng phân khúc.,21/05/2026 13:18,,,,,thiếu dữ liệu,21/05/2026 13:18,20.6629,105.083,no,41.77,81.8
19,tam_dao,Tam Đảo,Vĩnh Phúc,Trung du miền núi Bắc Bộ,núi; nghỉ dưỡng,xám,36.0,50.0,40.2,34.5,31.11,29.9,25.05,35.0,35.0,mixed_proxy_thieu_du_lieu,43.75,hạ tầng proxy yếu; thiếu POI/nguồn kiểm định,"Không đẩy khách đại trà; ưu tiên bãi đỗ, vệ sinh công cộng, biển chỉ dẫn, QR vé và điểm thông tin du lịch.",Tăng doanh thu mùa thấp điểm và kéo dài thời gian lưu trú nếu kích cầu đúng phân khúc.,21/05/2026 13:18,,,,,thiếu dữ liệu,21/05/2026 13:18,21.4569,105.6442,no,41.77,81.8
20,pleiku,Pleiku,Gia Lai,Tây Nguyên,văn hóa; tự nhiên,xám,36.0,50.0,40.2,34.5,31.11,29.9,25.05,35.0,35.0,mixed_proxy_thieu_du_lieu,43.75,hạ tầng proxy yếu; thiếu POI/nguồn kiểm định,"Không đẩy khách đại trà; ưu tiên bãi đỗ, vệ sinh công cộng, biển chỉ dẫn, QR vé và điểm thông tin du lịch.",Tăng doanh thu mùa thấp điểm và kéo dài thời gian lưu trú nếu kích cầu đúng phân khúc.,21/05/2026 13:18,,,,,thiếu dữ liệu,21/05/2026 13:18,13.9718,108.0151,no,41.77,81.8
21,buon_ma_thuot,Buôn Ma Thuột,Đắk Lắk,Tây Nguyên,văn hóa; tự nhiên,xám,36.0,50.0,40.2,34.5,31.11,29.9,25.05,35.0,35.0,mixed_proxy_thieu_du_lieu,43.75,hạ tầng proxy yếu; thiếu POI/nguồn kiểm định,"Không đẩy khách đại trà; ưu tiên bãi đỗ, vệ sinh công cộng, biển chỉ dẫn, QR vé và điểm thông tin du lịch.",Tăng doanh thu mùa thấp điểm và kéo dài thời gian lưu trú nếu kích cầu đúng phân khúc.,21/05/2026 13:18,,,,,thiếu dữ liệu,21/05/2026 13:18,12.6667,108.05,no,41.77,81.8
22,chau_doc,Châu Đốc,An Giang,Đồng bằng sông Cửu Long,tâm linh; Mekong,xám,36.0,50.0,40.2,34.5,31.11,29.9,25.05,35.0,35.0,mixed_proxy_thieu_du_lieu,43.75,hạ tầng proxy yếu; thiếu POI/nguồn kiểm định,"Không đẩy khách đại trà; ưu tiên bãi đỗ, vệ sinh công cộng, biển chỉ dẫn, QR vé và điểm thông tin du lịch.",Tăng doanh thu mùa thấp điểm và kéo dài thời gian lưu trú nếu kích cầu đúng phân khúc.,21/05/2026 13:18,,,,,thiếu dữ liệu,21/05/2026 13:18,10.705,105.1167,no,41.77,81.8
23,ba_vi,Ba Vì,Hà Nội,Đồng bằng sông Hồng,sinh thái; núi,xám,36.0,50.0,40.2,34.5,31.11,29.9,25.05,35.0,35.0,mixed_proxy_thieu_du_lieu,43.75,hạ tầng proxy yếu; thiếu POI/nguồn kiểm định,"Không đẩy khách đại trà; ưu tiên bãi đỗ, vệ sinh công cộng, biển chỉ dẫn, QR vé và điểm thông tin du lịch.",Tăng doanh thu mùa thấp điểm và kéo dài thời gian lưu trú nếu kích cầu đúng phân khúc.,21/05/2026 13:18,,,,,thiếu dữ liệu,21/05/2026 13:18,21.082,105.374,no,41.77,81.8
24,thien_cam,Thiên Cầm,Hà Tĩnh,Bắc Trung Bộ,bãi biển,xám,36.0,50.0,40.2,34.5,31.11,29.9,25.05,35.0,35.0,mixed_proxy_thieu_du_lieu,43.75,hạ tầng proxy yếu; thiếu POI/nguồn kiểm định,"Không đẩy khách đại trà; ưu tiên bãi đỗ, vệ sinh công cộng, biển chỉ dẫn, QR vé và điểm thông tin du lịch.",Tăng doanh thu mùa thấp điểm và kéo dài thời gian lưu trú nếu kích cầu đúng phân khúc.,21/05/2026 13:18,,,,,thiếu dữ liệu,21/05/2026 13:18,18.2597,106.1053,yes,41.77,81.8
25,nhat_le,Nhật Lệ,Quảng Bình,Bắc Trung Bộ,bãi biển,xám,36.0,50.0,40.2,34.5,31.11,29.9,25.05,35.0,35.0,mixed_proxy_thieu_du_lieu,43.75,hạ tầng proxy yếu; thiếu POI/nguồn kiểm định,"Không đẩy khách đại trà; ưu tiên bãi đỗ, vệ sinh công cộng, biển chỉ dẫn, QR vé và điểm thông tin du lịch.",Tăng doanh thu mùa thấp điểm và kéo dài thời gian lưu trú nếu kích cầu đúng phân khúc.,21/05/2026 13:18,,,,,thiếu dữ liệu,21/05/2026 13:18,17.4833,106.6233,yes,41.77,81.8
26,cua_tung,Cửa Tùng,Quảng Trị,Bắc Trung Bộ,bãi biển,xám,36.0,50.0,40.2,34.5,31.11,29.9,25.05,35.0,35.0,mixed_proxy_thieu_du_lieu,43.75,hạ tầng proxy yếu; thiếu POI/nguồn kiểm định,"Không đẩy khách đại trà; ưu tiên bãi đỗ, vệ sinh công cộng, biển chỉ dẫn, QR vé và điểm thông tin du lịch.",Tăng doanh thu mùa thấp điểm và kéo dài thời gian lưu trú nếu kích cầu đúng phân khúc.,21/05/2026 13:18,,,,,thiếu dữ liệu,21/05/2026 13:18,17.1012,107.1028,yes,41.77,81.8
27,hai_tien,Hải Tiến,Thanh Hóa,Bắc Trung Bộ,bãi biển,xám,36.0,50.0,40.2,34.5,31.11,29.9,25.05,35.0,35.0,mixed_proxy_thieu_du_lieu,43.75,hạ tầng proxy yếu; thiếu POI/nguồn kiểm định,"Không đẩy khách đại trà; ưu tiên bãi đỗ, vệ sinh công cộng, biển chỉ dẫn, QR vé và điểm thông tin du lịch.",Tăng doanh thu mùa thấp điểm và kéo dài thời gian lưu trú nếu kích cầu đúng phân khúc.,21/05/2026 13:18,,,,,thiếu dữ liệu,21/05/2026 13:18,19.8605,105.9297,yes,41.77,81.8
28,lang_co,Lăng Cô,Huế,Duyên hải miền Trung,bãi biển; đầm phá,xám,36.0,50.0,40.2,34.5,31.11,29.9,25.05,35.0,35.0,mixed_proxy_thieu_du_lieu,43.75,hạ tầng proxy yếu; thiếu POI/nguồn kiểm định,"Không đẩy khách đại trà; ưu tiên bãi đỗ, vệ sinh công cộng, biển chỉ dẫn, QR vé và điểm thông tin du lịch.",Tăng doanh thu mùa thấp điểm và kéo dài thời gian lưu trú nếu kích cầu đúng phân khúc.,21/05/2026 13:18,,,,,thiếu dữ liệu,21/05/2026 13:18,16.2383,108.0789,yes,41.77,81.8
29,cu_lao_cham,Cù Lao Chàm,Quảng Nam,Duyên hải miền Trung,đảo; biển,xám,36.0,50.0,40.2,34.5,31.11,29.9,25.05,35.0,35.0,mixed_proxy_thieu_du_lieu,43.75,hạ tầng proxy yếu; thiếu POI/nguồn kiểm định,"Không đẩy khách đại trà; ưu tiên bãi đỗ, vệ sinh công cộng, biển chỉ dẫn, QR vé và điểm thông tin du lịch.",Tăng doanh thu mùa thấp điểm và kéo dài thời gian lưu trú nếu kích cầu đúng phân khúc.,21/05/2026 13:18,,,,,thiếu dữ liệu,21/05/2026 13:18,15.955,108.51,yes,41.77,81.8
30,tam_ky,Tam Kỳ,Quảng Nam,Duyên hải miền Trung,đô thị; biển,xám,36.0,50.0,40.2,34.5,31.11,29.9,25.05,35.0,35.0,mixed_proxy_thieu_du_lieu,43.75,hạ tầng proxy yếu; thiếu POI/nguồn kiểm định,"Không đẩy khách đại trà; ưu tiên bãi đỗ, vệ sinh công cộng, biển chỉ dẫn, QR vé và điểm thông tin du lịch.",Tăng doanh thu mùa thấp điểm và kéo dài thời gian lưu trú nếu kích cầu đúng phân khúc.,21/05/2026 13:18,,,,,thiếu dữ liệu,21/05/2026 13:18,15.5736,108.474,yes,41.77,81.8
31,sa_huynh,Sa Huỳnh,Quảng Ngãi,Duyên hải miền Trung,bãi biển,xám,36.0,50.0,40.2,34.5,31.11,29.9,25.05,35.0,35.0,mixed_proxy_thieu_du_lieu,43.75,hạ tầng proxy yếu; thiếu POI/nguồn kiểm định,"Không đẩy khách đại trà; ưu tiên bãi đỗ, vệ sinh công cộng, biển chỉ dẫn, QR vé và điểm thông tin du lịch.",Tăng doanh thu mùa thấp điểm và kéo dài thời gian lưu trú nếu kích cầu đúng phân khúc.,21/05/2026 13:18,,,,,thiếu dữ liệu,21/05/2026 13:18,14.6723,109.0588,yes,41.77,81.8
32,my_khe,Mỹ Khê,Đà Nẵng,Duyên hải miền Trung,bãi biển,xám,36.0,50.0,40.2,34.5,31.11,29.9,25.05,35.0,35.0,mixed_proxy_thieu_du_lieu,43.75,hạ tầng proxy yếu; thiếu POI/nguồn kiểm định,"Không đẩy khách đại trà; ưu tiên bãi đỗ, vệ sinh công cộng, biển chỉ dẫn, QR vé và điểm thông tin du lịch.",Tăng doanh thu mùa thấp điểm và kéo dài thời gian lưu trú nếu kích cầu đúng phân khúc.,21/05/2026 13:18,,,,,thiếu dữ liệu,21/05/2026 13:18,16.0544,108.2478,yes,41.77,81.8
33,la_gi,La Gi,Bình Thuận,Nam Trung Bộ,bãi biển,xám,36.0,50.0,40.2,34.5,31.11,29.9,25.05,35.0,35.0,mixed_proxy_thieu_du_lieu,43.75,hạ tầng proxy yếu; thiếu POI/nguồn kiểm định,"Không đẩy khách đại trà; ưu tiên bãi đỗ, vệ sinh công cộng, biển chỉ dẫn, QR vé và điểm thông tin du lịch.",Tăng doanh thu mùa thấp điểm và kéo dài thời gian lưu trú nếu kích cầu đúng phân khúc.,21/05/2026 13:18,,,,,thiếu dữ liệu,21/05/2026 13:18,10.6599,107.7722,yes,41.77,81.8
34,phan_thiet,Phan Thiết,Bình Thuận,Nam Trung Bộ,biển; đô thị,xám,36.0,50.0,40.2,34.5,31.11,29.9,25.05,35.0,35.0,mixed_proxy_thieu_du_lieu,43.75,hạ tầng proxy yếu; thiếu POI/nguồn kiểm định,"Không đẩy khách đại trà; ưu tiên bãi đỗ, vệ sinh công cộng, biển chỉ dẫn, QR vé và điểm thông tin du lịch.",Tăng doanh thu mùa thấp điểm và kéo dài thời gian lưu trú nếu kích cầu đúng phân khúc.,21/05/2026 13:18,,,,,thiếu dữ liệu,21/05/2026 13:18,10.9804,108.2615,yes,41.77,81.8
35,ky_co,Kỳ Co,Bình Định,Nam Trung Bộ,bãi biển,xám,36.0,50.0,40.2,34.5,31.11,29.9,25.05,35.0,35.0,mixed_proxy_thieu_du_lieu,43.75,hạ tầng proxy yếu; thiếu POI/nguồn kiểm định,"Không đẩy khách đại trà; ưu tiên bãi đỗ, vệ sinh công cộng, biển chỉ dẫn, QR vé và điểm thông tin du lịch.",Tăng doanh thu mùa thấp điểm và kéo dài thời gian lưu trú nếu kích cầu đúng phân khúc.,21/05/2026 13:18,,,,,thiếu dữ liệu,21/05/2026 13:18,13.895,109.291,yes,41.77,81.8
36,binh_ba,Bình Ba,Khánh Hòa,Nam Trung Bộ,đảo; biển,xám,36.0,50.0,40.2,34.5,31.11,29.9,25.05,35.0,35.0,mixed_proxy_thieu_du_lieu,43.75,hạ tầng proxy yếu; thiếu POI/nguồn kiểm định,"Không đẩy khách đại trà; ưu tiên bãi đỗ, vệ sinh công cộng, biển chỉ dẫn, QR vé và điểm thông tin du lịch.",Tăng doanh thu mùa thấp điểm và kéo dài thời gian lưu trú nếu kích cầu đúng phân khúc.,21/05/2026 13:18,,,,,thiếu dữ liệu,21/05/2026 13:18,11.8535,109.23,yes,41.77,81.8
37,cam_ranh,Cam Ranh,Khánh Hòa,Nam Trung Bộ,biển; sân bay,xám,36.0,50.0,40.2,34.5,31.11,29.9,25.05,35.0,35.0,mixed_proxy_thieu_du_lieu,43.75,hạ tầng proxy yếu; thiếu POI/nguồn kiểm định,"Không đẩy khách đại trà; ưu tiên bãi đỗ, vệ sinh công cộng, biển chỉ dẫn, QR vé và điểm thông tin du lịch.",Tăng doanh thu mùa thấp điểm và kéo dài thời gian lưu trú nếu kích cầu đúng phân khúc.,21/05/2026 13:18,,,,,thiếu dữ liệu,21/05/2026 13:18,11.902,109.2207,yes,41.77,81.8
38,phan_rang,Phan Rang - Tháp Chàm,Ninh Thuận,Nam Trung Bộ,biển; văn hóa,xám,36.0,50.0,40.2,34.5,31.11,29.9,25.05,35.0,35.0,mixed_proxy_thieu_du_lieu,43.75,hạ tầng proxy yếu; thiếu POI/nguồn kiểm định,"Không đẩy khách đại trà; ưu tiên bãi đỗ, vệ sinh công cộng, biển chỉ dẫn, QR vé và điểm thông tin du lịch.",Tăng doanh thu mùa thấp điểm và kéo dài thời gian lưu trú nếu kích cầu đúng phân khúc.,21/05/2026 13:18,,,,,thiếu dữ liệu,21/05/2026 13:18,11.5826,108.9912,yes,41.77,81.8
39,vinh_hy,Vĩnh Hy,Ninh Thuận,Nam Trung Bộ,vịnh; biển,xám,36.0,50.0,40.2,34.5,31.11,29.9,25.05,35.0,35.0,mixed_proxy_thieu_du_lieu,43.75,hạ tầng proxy yếu; thiếu POI/nguồn kiểm định,"Không đẩy khách đại trà; ưu tiên bãi đỗ, vệ sinh công cộng, biển chỉ dẫn, QR vé và điểm thông tin du lịch.",Tăng doanh thu mùa thấp điểm và kéo dài thời gian lưu trú nếu kích cầu đúng phân khúc.,21/05/2026 13:18,,,,,thiếu dữ liệu,21/05/2026 13:18,11.7183,109.19,yes,41.77,81.8
40,ghenh_da_dia,Gành Đá Đĩa,Phú Yên,Nam Trung Bộ,di sản địa chất; biển,xám,36.0,50.0,40.2,34.5,31.11,29.9,25.05,35.0,35.0,mixed_proxy_thieu_du_lieu,43.75,hạ tầng proxy yếu; thiếu POI/nguồn kiểm định,"Không đẩy khách đại trà; ưu tiên bãi đỗ, vệ sinh công cộng, biển chỉ dẫn, QR vé và điểm thông tin du lịch.",Tăng doanh thu mùa thấp điểm và kéo dài thời gian lưu trú nếu kích cầu đúng phân khúc.,21/05/2026 13:18,,,,,thiếu dữ liệu,21/05/2026 13:18,13.3533,109.293,yes,41.77,81.8
41,tuy_hoa,Tuy Hòa,Phú Yên,Nam Trung Bộ,biển; đô thị,xám,36.0,50.0,40.2,34.5,31.11,29.9,25.05,35.0,35.0,mixed_proxy_thieu_du_lieu,43.75,hạ tầng proxy yếu; thiếu POI/nguồn kiểm định,"Không đẩy khách đại trà; ưu tiên bãi đỗ, vệ sinh công cộng, biển chỉ dẫn, QR vé và điểm thông tin du lịch.",Tăng doanh thu mùa thấp điểm và kéo dài thời gian lưu trú nếu kích cầu đúng phân khúc.,21/05/2026 13:18,,,,,thiếu dữ liệu,21/05/2026 13:18,13.0955,109.3209,yes,41.77,81.8
42,ha_tien,Hà Tiên,Kiên Giang,Tây Nam Bộ,biển; cửa khẩu,xám,36.0,50.0,40.2,34.5,31.11,29.9,25.05,35.0,35.0,mixed_proxy_thieu_du_lieu,43.75,hạ tầng proxy yếu; thiếu POI/nguồn kiểm định,"Không đẩy khách đại trà; ưu tiên bãi đỗ, vệ sinh công cộng, biển chỉ dẫn, QR vé và điểm thông tin du lịch.",Tăng doanh thu mùa thấp điểm và kéo dài thời gian lưu trú nếu kích cầu đúng phân khúc.,21/05/2026 13:18,,,,,thiếu dữ liệu,21/05/2026 13:18,10.3831,104.4875,yes,41.77,81.8
43,co_to,Cô Tô,Quảng Ninh,Đông Bắc,đảo; biển,xám,36.0,50.0,40.2,34.5,31.11,29.9,25.05,35.0,35.0,mixed_proxy_thieu_du_lieu,43.75,hạ tầng proxy yếu; thiếu POI/nguồn kiểm định,"Không đẩy khách đại trà; ưu tiên bãi đỗ, vệ sinh công cộng, biển chỉ dẫn, QR vé và điểm thông tin du lịch.",Tăng doanh thu mùa thấp điểm và kéo dài thời gian lưu trú nếu kích cầu đúng phân khúc.,21/05/2026 13:18,,,,,thiếu dữ liệu,21/05/2026 13:18,20.9736,107.7657,yes,41.77,81.8
44,tra_co,Trà Cổ,Quảng Ninh,Đông Bắc,bãi biển; biên giới,xám,36.0,50.0,40.2,34.5,31.11,29.9,25.05,35.0,35.0,mixed_proxy_thieu_du_lieu,43.75,hạ tầng proxy yếu; thiếu POI/nguồn kiểm định,"Không đẩy khách đại trà; ưu tiên bãi đỗ, vệ sinh công cộng, biển chỉ dẫn, QR vé và điểm thông tin du lịch.",Tăng doanh thu mùa thấp điểm và kéo dài thời gian lưu trú nếu kích cầu đúng phân khúc.,21/05/2026 13:18,,,,,thiếu dữ liệu,21/05/2026 13:18,21.4644,108.0142,yes,41.77,81.8
45,ho_tram,Hồ Tràm,Bà Rịa - Vũng Tàu,Đông Nam Bộ,bãi biển; nghỉ dưỡng,xám,36.0,50.0,40.2,34.5,31.11,29.9,25.05,35.0,35.0,mixed_proxy_thieu_du_lieu,43.75,hạ tầng proxy yếu; thiếu POI/nguồn kiểm định,"Không đẩy khách đại trà; ưu tiên bãi đỗ, vệ sinh công cộng, biển chỉ dẫn, QR vé và điểm thông tin du lịch.",Tăng doanh thu mùa thấp điểm và kéo dài thời gian lưu trú nếu kích cầu đúng phân khúc.,21/05/2026 13:18,,,,,thiếu dữ liệu,21/05/2026 13:18,10.477,107.426,yes,41.77,81.8
46,can_gio,Cần Giờ,TP Hồ Chí Minh,Đông Nam Bộ,biển; sinh thái,xám,36.0,50.0,40.2,34.5,31.11,29.9,25.05,35.0,35.0,mixed_proxy_thieu_du_lieu,43.75,hạ tầng proxy yếu; thiếu POI/nguồn kiểm định,"Không đẩy khách đại trà; ưu tiên bãi đỗ, vệ sinh công cộng, biển chỉ dẫn, QR vé và điểm thông tin du lịch.",Tăng doanh thu mùa thấp điểm và kéo dài thời gian lưu trú nếu kích cầu đúng phân khúc.,21/05/2026 13:18,,,,,thiếu dữ liệu,21/05/2026 13:18,10.4111,106.9547,yes,41.77,81.8
47,hon_son,Hòn Sơn,Kiên Giang,Đảo Tây Nam Bộ,đảo; biển,xám,36.0,50.0,40.2,34.5,31.11,29.9,25.05,35.0,35.0,mixed_proxy_thieu_du_lieu,43.75,hạ tầng proxy yếu; thiếu POI/nguồn kiểm định,"Không đẩy khách đại trà; ưu tiên bãi đỗ, vệ sinh công cộng, biển chỉ dẫn, QR vé và điểm thông tin du lịch.",Tăng doanh thu mùa thấp điểm và kéo dài thời gian lưu trú nếu kích cầu đúng phân khúc.,21/05/2026 13:18,,,,,thiếu dữ liệu,21/05/2026 13:18,9.81,104.63,yes,41.77,81.8
48,nam_du,Nam Du,Kiên Giang,Đảo Tây Nam Bộ,đảo; biển,xám,36.0,50.0,40.2,34.5,31.11,29.9,25.05,35.0,35.0,mixed_proxy_thieu_du_lieu,43.75,hạ tầng proxy yếu; thiếu POI/nguồn kiểm định,"Không đẩy khách đại trà; ưu tiên bãi đỗ, vệ sinh công cộng, biển chỉ dẫn, QR vé và điểm thông tin du lịch.",Tăng doanh thu mùa thấp điểm và kéo dài thời gian lưu trú nếu kích cầu đúng phân khúc.,21/05/2026 13:18,,,,,thiếu dữ liệu,21/05/2026 13:18,9.684,104.354,yes,41.77,81.8
49,bac_lieu,Bạc Liêu,Bạc Liêu,Đồng bằng sông Cửu Long,biển; văn hóa,xám,36.0,50.0,40.2,34.5,31.11,29.9,25.05,35.0,35.0,mixed_proxy_thieu_du_lieu,43.75,hạ tầng proxy yếu; thiếu POI/nguồn kiểm định,"Không đẩy khách đại trà; ưu tiên bãi đỗ, vệ sinh công cộng, biển chỉ dẫn, QR vé và điểm thông tin du lịch.",Tăng doanh thu mùa thấp điểm và kéo dài thời gian lưu trú nếu kích cầu đúng phân khúc.,21/05/2026 13:18,,,,,thiếu dữ liệu,21/05/2026 13:18,9.294,105.7244,yes,41.77,81.8
50,ca_mau_dat_mui,Đất Mũi Cà Mau,Cà Mau,Đồng bằng sông Cửu Long,sinh thái; biển,xám,36.0,50.0,40.2,34.5,31.11,29.9,25.05,35.0,35.0,mixed_proxy_thieu_du_lieu,43.75,hạ tầng proxy yếu; thiếu POI/nguồn kiểm định,"Không đẩy khách đại trà; ưu tiên bãi đỗ, vệ sinh công cộng, biển chỉ dẫn, QR vé và điểm thông tin du lịch.",Tăng doanh thu mùa thấp điểm và kéo dài thời gian lưu trú nếu kích cầu đúng phân khúc.,21/05/2026 13:18,,,,,thiếu dữ liệu,21/05/2026 13:18,8.6208,104.7314,yes,41.77,81.8
51,soc_trang,Sóc Trăng,Sóc Trăng,Đồng bằng sông Cửu Long,văn hóa; Mekong,xám,36.0,50.0,40.2,34.5,31.11,29.9,25.05,35.0,35.0,mixed_proxy_thieu_du_lieu,43.75,hạ tầng proxy yếu; thiếu POI/nguồn kiểm định,"Không đẩy khách đại trà; ưu tiên bãi đỗ, vệ sinh công cộng, biển chỉ dẫn, QR vé và điểm thông tin du lịch.",Tăng doanh thu mùa thấp điểm và kéo dài thời gian lưu trú nếu kích cầu đúng phân khúc.,21/05/2026 13:18,,,,,thiếu dữ liệu,21/05/2026 13:18,9.6025,105.9739,yes,41.77,81.8
52,tra_vinh,Trà Vinh,Trà Vinh,Đồng bằng sông Cửu Long,văn hóa; biển,xám,36.0,50.0,40.2,34.5,31.11,29.9,25.05,35.0,35.0,mixed_proxy_thieu_du_lieu,43.75,hạ tầng proxy yếu; thiếu POI/nguồn kiểm định,"Không đẩy khách đại trà; ưu tiên bãi đỗ, vệ sinh công cộng, biển chỉ dẫn, QR vé và điểm thông tin du lịch.",Tăng doanh thu mùa thấp điểm và kéo dài thời gian lưu trú nếu kích cầu đúng phân khúc.,21/05/2026 13:18,,,,,thiếu dữ liệu,21/05/2026 13:18,9.9347,106.3453,yes,41.77,81.8
53,do_son,Đồ Sơn,Hải Phòng,Đồng bằng sông Hồng,bãi biển; đô thị,xám,36.0,50.0,40.2,34.5,31.11,29.9,25.05,35.0,35.0,mixed_proxy_thieu_du_lieu,43.75,hạ tầng proxy yếu; thiếu POI/nguồn kiểm định,"Không đẩy khách đại trà; ưu tiên bãi đỗ, vệ sinh công cộng, biển chỉ dẫn, QR vé và điểm thông tin du lịch.",Tăng doanh thu mùa thấp điểm và kéo dài thời gian lưu trú nếu kích cầu đúng phân khúc.,21/05/2026 13:18,,,,,thiếu dữ liệu,21/05/2026 13:18,20.7149,106.7894,yes,41.77,81.8
54,thinh_long,Thịnh Long,Nam Định,Đồng bằng sông Hồng,bãi biển,xám,36.0,50.0,40.2,34.5,31.11,29.9,25.05,35.0,35.0,mixed_proxy_thieu_du_lieu,43.75,hạ tầng proxy yếu; thiếu POI/nguồn kiểm định,"Không đẩy khách đại trà; ưu tiên bãi đỗ, vệ sinh công cộng, biển chỉ dẫn, QR vé và điểm thông tin du lịch.",Tăng doanh thu mùa thấp điểm và kéo dài thời gian lưu trú nếu kích cầu đúng phân khúc.,21/05/2026 13:18,,,,,thiếu dữ liệu,21/05/2026 13:18,20.0333,106.2833,yes,41.77,81.8
55,moc_chau,Mộc Châu,Sơn La,Miền núi phía Bắc,núi; tự nhiên,xám,34.61,46.02,38.03,33.46,30.48,29.25,24.31,35.0,32.1,mixed_proxy_thieu_du_lieu,61.5,hạ tầng proxy yếu; thiếu POI/nguồn kiểm định,"Không đẩy khách đại trà; ưu tiên bãi đỗ, vệ sinh công cộng, biển chỉ dẫn, QR vé và điểm thông tin du lịch.",Tăng doanh thu mùa thấp điểm và kéo dài thời gian lưu trú nếu kích cầu đúng phân khúc.,21/05/2026 13:18,22.4,0.0,5.9,97,Ổn định,21/05/2026 13:18,20.8297,104.6946,no,42.14,82.55
56,ben_tre,Bến Tre,Bến Tre,Đồng bằng sông Cửu Long,Mekong; sinh thái,xám,33.56,43.02,36.4,32.67,30.2,29.12,24.78,35.0,32.84,mixed_proxy_thieu_du_lieu,61.5,hạ tầng proxy yếu; thiếu POI/nguồn kiểm định,"Không đẩy khách đại trà; ưu tiên bãi đỗ, vệ sinh công cộng, biển chỉ dẫn, QR vé và điểm thông tin du lịch.",Tăng doanh thu mùa thấp điểm và kéo dài thời gian lưu trú nếu kích cầu đúng phân khúc.,21/05/2026 13:18,27.4,0.0,4.9,87,Ổn định,21/05/2026 13:18,10.2434,106.3756,no,41.81,84.0
57,an_giang,An Giang,An Giang,Đồng bằng sông Cửu Long,Mekong; di sản; tự nhiên,xám,32.63,40.38,34.96,31.97,29.96,29.01,25.2,35.0,33.51,mixed_proxy_thieu_du_lieu,61.5,hạ tầng proxy yếu; thiếu POI/nguồn kiểm định,"Không đẩy khách đại trà; ưu tiên bãi đỗ, vệ sinh công cộng, biển chỉ dẫn, QR vé và điểm thông tin du lịch.",Tăng doanh thu mùa thấp điểm và kéo dài thời gian lưu trú nếu kích cầu đúng phân khúc.,21/05/2026 13:18,28.0,0.0,3.1,80,Ổn định,21/05/2026 13:18,10.5216,105.1259,no,41.51,85.27
58,can_tho,Cần Thơ,Cần Thơ,Đồng bằng sông Cửu Long,Mekong; đô thị,xám,32.07,38.76,34.08,31.55,30.16,29.56,27.16,35.0,34.92,mixed_proxy_thieu_du_lieu,61.5,hạ tầng proxy yếu; thiếu POI/nguồn kiểm định,"Không đẩy khách đại trà; ưu tiên bãi đỗ, vệ sinh công cộng, biển chỉ dẫn, QR vé và điểm thông tin du lịch.",Tăng doanh thu mùa thấp điểm và kéo dài thời gian lưu trú nếu kích cầu đúng phân khúc.,21/05/2026 13:18,27.0,0.0,5.2,91,Ổn định,21/05/2026 13:18,10.0452,105.7469,no,41.66,86.35
59,nha_trang,Nha Trang,Khánh Hòa,Nam Trung Bộ,biển; đô thị,xám,28.72,43.08,33.03,27.07,29.33,32.79,46.63,35.0,50.78,mixed_proxy_thieu_du_lieu,61.5,thiếu POI/nguồn kiểm định,"Theo dõi thời tiết, giá/lưu trú và sự kiện; chuẩn bị shuttle, voucher giờ thấp điểm.",Tăng doanh thu mùa thấp điểm và kéo dài thời gian lưu trú nếu kích cầu đúng phân khúc.,21/05/2026 13:18,27.7,0.0,4.6,90,Ổn định,21/05/2026 13:18,12.2388,109.1967,yes,43.06,91.54
60,con_dao,Côn Đảo,Bà Rịa - Vũng Tàu,Đảo Đông Nam Bộ,đảo; biển; di sản,xám,27.69,65.62,39.07,22.68,19.14,21.31,30.01,35.0,36.71,mixed_proxy_thieu_du_lieu,61.5,hạ tầng proxy yếu; thiếu POI/nguồn kiểm định,"Không đẩy khách đại trà; ưu tiên bãi đỗ, vệ sinh công cộng, biển chỉ dẫn, QR vé và điểm thông tin du lịch.",Tăng doanh thu mùa thấp điểm và kéo dài thời gian lưu trú nếu kích cầu đúng phân khúc.,21/05/2026 13:18,29.4,0.0,16.9,76,Ổn định,21/05/2026 13:18,8.6864,106.6082,yes,41.08,82.15
61,sa_pa,Sa Pa,Lào Cai,Miền núi phía Bắc,núi; tự nhiên,xám,24.69,50.8,32.52,21.32,21.61,25.22,39.64,35.0,44.99,mixed_proxy_thieu_du_lieu,61.5,thiếu POI/nguồn kiểm định,"Theo dõi thời tiết, giá/lưu trú và sự kiện; chuẩn bị shuttle, voucher giờ thấp điểm.",Tăng doanh thu mùa thấp điểm và kéo dài thời gian lưu trú nếu kích cầu đúng phân khúc.,21/05/2026 13:18,18.4,0.2,7.0,99,Ổn định,21/05/2026 13:18,22.3364,103.8438,no,41.28,89.69
62,ho_chi_minh_city,TP Hồ Chí Minh,TP Hồ Chí Minh,Đông Nam Bộ,đô thị; cửa ngõ,xám,16.48,47.1,25.67,12.36,12.3,16.37,32.66,75.2,40.17,mixed_proxy_thieu_du_lieu,61.5,thiếu POI/nguồn kiểm định,"Theo dõi thời tiết, giá/lưu trú và sự kiện; chuẩn bị shuttle, voucher giờ thấp điểm.",Tăng doanh thu mùa thấp điểm và kéo dài thời gian lưu trú nếu kích cầu đúng phân khúc.,21/05/2026 13:18,27.5,0.0,6.5,91,Ổn định,21/05/2026 13:18,10.8231,106.6297,no,38.12,92.86
63,da_lat,Đà Lạt,Lâm Đồng,Tây Nguyên,núi; đô thị,xám,16.38,41.74,23.99,13.0,18.25,25.82,56.12,35.0,55.42,mixed_proxy_thieu_du_lieu,61.5,thiếu POI/nguồn kiểm định,"Theo dõi thời tiết, giá/lưu trú và sự kiện; chuẩn bị shuttle, voucher giờ thấp điểm.",Tăng doanh thu mùa thấp điểm và kéo dài thời gian lưu trú nếu kích cầu đúng phân khúc.,21/05/2026 13:18,18.1,0.0,5.3,100,Ổn định,21/05/2026 13:18,11.9404,108.4583,no,42.15,98.82
