destination_id,weather_risk_score,temperature_2m,precipitation,rain,wind_speed_10m,relative_humidity_2m,weather_status_short,collection_time
phong_nha,38.52,33.9,0.0,0.0,13.5,59,Ổn định,21/05/2026 14:38
hue,10.35,28.5,1.1,0.1,1.0,87,Ổn định,21/05/2026 14:38
ba_na,12.88,21.1,0.1,0.0,1.1,94,Ổn định,21/05/2026 14:38
ha_giang,19.0,31.7,0.1,0.1,10.0,65,Ổn định,21/05/2026 14:38
mai_chau,15.44,27.2,0.1,0.1,2.1,95,Ổn định,21/05/2026 14:38
sa_pa,4.05,24.7,0.0,0.0,3.0,68,Ổn định,21/05/2026 14:38
moc_chau,14.73,24.5,0.2,0.1,3.8,92,Ổn định,21/05/2026 14:38
tam_dao,26.73,21.6,0.3,0.1,7.8,97,Ổn định,21/05/2026 14:38
pleiku,25.43,26.0,0.3,0.0,17.5,79,Ổn định,21/05/2026 14:38
da_lat,23.46,21.0,0.5,0.3,11.6,89,Ổn định,21/05/2026 14:38
buon_ma_thuot,16.61,25.2,0.4,0.4,4.3,92,Ổn định,21/05/2026 14:38
ho_chi_minh_city,15.71,31.5,0.1,0.1,8.6,66,Ổn định,21/05/2026 14:38
an_giang,20.82,27.4,0.2,0.2,9.2,91,Ổn định,21/05/2026 14:38
chau_doc,18.79,28.0,0.1,0.1,11.7,87,Ổn định,21/05/2026 14:38
ben_tre,9.99,30.2,0.0,0.0,7.4,77,Ổn định,21/05/2026 14:38
can_tho,16.34,30.4,0.0,0.0,12.1,74,Ổn định,21/05/2026 14:38
ba_vi,24.59,24.5,0.3,0.3,7.1,96,Ổn định,21/05/2026 14:38
ha_noi,31.58,28.5,1.5,0.1,10.5,92,Ổn định,21/05/2026 14:38
ninh_binh,13.95,29.5,0.1,0.0,9.0,86,Ổn định,21/05/2026 14:38
thien_cam,42.16,32.8,0.0,0.0,21.9,65,Ổn định,21/05/2026 14:38
cua_lo,18.83,32.9,0.0,0.0,4.1,68,Ổn định,21/05/2026 14:38
nhat_le,25.02,31.5,0.1,0.1,15.5,69,Ổn định,21/05/2026 14:38
cua_tung,17.54,29.0,0.1,0.1,8.1,90,Ổn định,21/05/2026 14:38
hai_tien,17.42,30.1,0.0,0.0,12.9,82,Ổn định,21/05/2026 14:38
sam_son,18.63,30.3,0.0,0.0,13.8,82,Ổn định,21/05/2026 14:38
lang_co,10.83,30.6,0.3,0.1,5.8,86,Ổn định,21/05/2026 14:38
cu_lao_cham,41.0,27.3,0.0,0.0,26.4,90,Ổn định,21/05/2026 14:38
hoi_an,49.69,33.5,0.1,0.1,23.4,63,Ổn định,21/05/2026 14:38
tam_ky,35.8,33.6,0.3,0.2,11.7,61,Ổn định,21/05/2026 14:38
sa_huynh,40.86,31.9,0.0,0.0,25.6,66,Ổn định,21/05/2026 14:38
my_khe,38.3,33.3,0.1,0.1,16.0,62,Ổn định,21/05/2026 14:38
da_nang,38.3,33.3,0.1,0.1,16.0,62,Ổn định,21/05/2026 14:38
la_gi,17.69,30.8,0.0,0.0,13.1,69,Ổn định,21/05/2026 14:38
mui_ne,25.42,31.7,0.0,0.0,15.2,66,Ổn định,21/05/2026 14:38
phan_thiet,21.92,31.2,0.0,0.0,15.2,66,Ổn định,21/05/2026 14:38
ky_co,39.2,31.6,0.0,0.0,29.8,67,Ổn định,21/05/2026 14:38
quy_nhon,39.2,31.6,0.0,0.0,29.8,67,Ổn định,21/05/2026 14:38
binh_ba,54.48,34.0,0.0,0.0,24.8,53,Ổn định,21/05/2026 14:38
cam_ranh,56.58,34.3,0.0,0.0,24.8,53,Ổn định,21/05/2026 14:38
nha_trang,46.67,33.0,0.0,0.0,24.2,60,Ổn định,21/05/2026 14:38
phan_rang,54.16,34.9,0.0,0.0,19.9,49,Ổn định,21/05/2026 14:38
vinh_hy,32.72,32.3,0.0,0.0,17.5,61,Ổn định,21/05/2026 14:38
ghenh_da_dia,48.3,32.9,0.0,0.0,27.2,61,Ổn định,21/05/2026 14:38
tuy_hoa,53.78,33.9,0.0,0.0,24.8,52,Ổn định,21/05/2026 14:38
ha_tien,21.77,28.1,0.1,0.1,13.9,87,Ổn định,21/05/2026 14:38
cat_ba,16.29,28.1,0.0,0.0,9.4,88,Ổn định,21/05/2026 14:38
co_to,19.71,27.6,0.1,0.1,10.6,89,Ổn định,21/05/2026 14:38
ha_long,7.16,28.4,0.0,0.0,5.3,82,Ổn định,21/05/2026 14:38
tra_co,21.09,26.6,0.0,0.0,9.4,92,Ổn định,21/05/2026 14:38
ho_tram,17.01,30.5,0.0,0.0,12.6,72,Ổn định,21/05/2026 14:38
vung_tau,20.66,29.8,0.0,0.0,15.3,73,Ổn định,21/05/2026 14:38
can_gio,18.36,30.4,0.0,0.0,13.6,71,Ổn định,21/05/2026 14:38
hon_son,26.6,26.9,0.0,0.0,19.7,81,Ổn định,21/05/2026 14:38
nam_du,22.41,28.2,0.0,0.0,16.6,81,Ổn định,21/05/2026 14:38
phu_quoc,12.48,28.9,0.1,0.1,8.8,78,Ổn định,21/05/2026 14:38
ly_son,35.0,28.3,0.0,0.0,39.9,82,Gió mạnh,21/05/2026 14:38
con_dao,16.2,28.8,0.0,0.0,12.0,78,Ổn định,21/05/2026 14:38
bac_lieu,19.44,30.8,0.0,0.0,14.4,69,Ổn định,21/05/2026 14:38
ca_mau_dat_mui,17.82,29.4,0.0,0.0,13.2,75,Ổn định,21/05/2026 14:38
soc_trang,21.46,31.5,0.0,0.0,13.3,65,Ổn định,21/05/2026 14:38
tra_vinh,15.34,31.1,0.1,0.0,10.4,72,Ổn định,21/05/2026 14:38
do_son,16.74,29.0,0.0,0.0,12.4,83,Ổn định,21/05/2026 14:38
thinh_long,22.82,30.0,0.0,0.0,16.9,81,Ổn định,21/05/2026 14:38
