destination_id,ten_diem_den,metric_name,metric_score,confidence_score,confidence_label,confidence_reason,source_list,last_updated,proxy_validation_error
ha_long,Hạ Long,Điểm áp lực điểm đến,84.73,76.5,Khá,Nguồn: mixed_proxy_near_real_time; rủi ro thời tiết cao; proxy giá/lưu trú căng,OpenStreetMap; Open-Meteo; OTA snapshot; destination graph,20/05/2026 22:18,
ha_long,Hạ Long,Điểm rủi ro thời tiết,84.1,76.5,Khá,Nguồn: mixed_proxy_near_real_time; rủi ro thời tiết cao; proxy giá/lưu trú căng,OpenStreetMap; Open-Meteo; OTA snapshot; destination graph,20/05/2026 22:18,
ha_long,Hạ Long,Điểm sẵn sàng hạ tầng,57.9,76.5,Khá,Nguồn: mixed_proxy_near_real_time; rủi ro thời tiết cao; proxy giá/lưu trú căng,OpenStreetMap; Open-Meteo; OTA snapshot; destination graph,20/05/2026 22:18,
ha_long,Hạ Long,Điểm cơ hội kinh tế,50.88,76.5,Khá,Nguồn: mixed_proxy_near_real_time; rủi ro thời tiết cao; proxy giá/lưu trú căng,OpenStreetMap; Open-Meteo; OTA snapshot; destination graph,20/05/2026 22:18,
ha_long,Hạ Long,Điểm điều phối khách,61.76,76.5,Khá,Nguồn: mixed_proxy_near_real_time; rủi ro thời tiết cao; proxy giá/lưu trú căng,OpenStreetMap; Open-Meteo; OTA snapshot; destination graph,20/05/2026 22:18,
cat_ba,Cát Bà,Điểm áp lực điểm đến,70.81,76.5,Khá,Nguồn: mixed_proxy_near_real_time; rủi ro thời tiết cao,OpenStreetMap; Open-Meteo; OTA snapshot; destination graph,20/05/2026 22:18,
cat_ba,Cát Bà,Điểm rủi ro thời tiết,96.38,76.5,Khá,Nguồn: mixed_proxy_near_real_time; rủi ro thời tiết cao,OpenStreetMap; Open-Meteo; OTA snapshot; destination graph,20/05/2026 22:18,
cat_ba,Cát Bà,Điểm sẵn sàng hạ tầng,54.82,76.5,Khá,Nguồn: mixed_proxy_near_real_time; rủi ro thời tiết cao,OpenStreetMap; Open-Meteo; OTA snapshot; destination graph,20/05/2026 22:18,
cat_ba,Cát Bà,Điểm cơ hội kinh tế,49.67,76.5,Khá,Nguồn: mixed_proxy_near_real_time; rủi ro thời tiết cao,OpenStreetMap; Open-Meteo; OTA snapshot; destination graph,20/05/2026 22:18,
cat_ba,Cát Bà,Điểm điều phối khách,35.0,76.5,Khá,Nguồn: mixed_proxy_near_real_time; rủi ro thời tiết cao,OpenStreetMap; Open-Meteo; OTA snapshot; destination graph,20/05/2026 22:18,
quy_nhon,Quy Nhơn,Điểm áp lực điểm đến,65.71,76.5,Khá,Nguồn: mixed_proxy_near_real_time; áp lực ở mức theo dõi từ dữ liệu hiện có,OpenStreetMap; Open-Meteo; OTA snapshot; destination graph,20/05/2026 22:18,
quy_nhon,Quy Nhơn,Điểm rủi ro thời tiết,68.32,76.5,Khá,Nguồn: mixed_proxy_near_real_time; áp lực ở mức theo dõi từ dữ liệu hiện có,OpenStreetMap; Open-Meteo; OTA snapshot; destination graph,20/05/2026 22:18,
quy_nhon,Quy Nhơn,Điểm sẵn sàng hạ tầng,52.49,76.5,Khá,Nguồn: mixed_proxy_near_real_time; áp lực ở mức theo dõi từ dữ liệu hiện có,OpenStreetMap; Open-Meteo; OTA snapshot; destination graph,20/05/2026 22:18,
quy_nhon,Quy Nhơn,Điểm cơ hội kinh tế,47.38,76.5,Khá,Nguồn: mixed_proxy_near_real_time; áp lực ở mức theo dõi từ dữ liệu hiện có,OpenStreetMap; Open-Meteo; OTA snapshot; destination graph,20/05/2026 22:18,
quy_nhon,Quy Nhơn,Điểm điều phối khách,35.0,76.5,Khá,Nguồn: mixed_proxy_near_real_time; áp lực ở mức theo dõi từ dữ liệu hiện có,OpenStreetMap; Open-Meteo; OTA snapshot; destination graph,20/05/2026 22:18,
da_nang,Đà Nẵng,Điểm áp lực điểm đến,63.06,76.5,Khá,Nguồn: mixed_proxy_near_real_time; áp lực ở mức theo dõi từ dữ liệu hiện có,OpenStreetMap; Open-Meteo; OTA snapshot; destination graph,20/05/2026 22:18,
da_nang,Đà Nẵng,Điểm rủi ro thời tiết,49.64,76.5,Khá,Nguồn: mixed_proxy_near_real_time; áp lực ở mức theo dõi từ dữ liệu hiện có,OpenStreetMap; Open-Meteo; OTA snapshot; destination graph,20/05/2026 22:18,
da_nang,Đà Nẵng,Điểm sẵn sàng hạ tầng,75.02,76.5,Khá,Nguồn: mixed_proxy_near_real_time; áp lực ở mức theo dõi từ dữ liệu hiện có,OpenStreetMap; Open-Meteo; OTA snapshot; destination graph,20/05/2026 22:18,
da_nang,Đà Nẵng,Điểm cơ hội kinh tế,67.11,76.5,Khá,Nguồn: mixed_proxy_near_real_time; áp lực ở mức theo dõi từ dữ liệu hiện có,OpenStreetMap; Open-Meteo; OTA snapshot; destination graph,20/05/2026 22:18,
da_nang,Đà Nẵng,Điểm điều phối khách,79.84,76.5,Khá,Nguồn: mixed_proxy_near_real_time; áp lực ở mức theo dõi từ dữ liệu hiện có,OpenStreetMap; Open-Meteo; OTA snapshot; destination graph,20/05/2026 22:18,
mui_ne,Mũi Né,Điểm áp lực điểm đến,60.78,76.5,Khá,Nguồn: mixed_proxy_near_real_time; áp lực ở mức theo dõi từ dữ liệu hiện có,OpenStreetMap; Open-Meteo; OTA snapshot; destination graph,20/05/2026 22:18,
mui_ne,Mũi Né,Điểm rủi ro thời tiết,49.66,76.5,Khá,Nguồn: mixed_proxy_near_real_time; áp lực ở mức theo dõi từ dữ liệu hiện có,OpenStreetMap; Open-Meteo; OTA snapshot; destination graph,20/05/2026 22:18,
mui_ne,Mũi Né,Điểm sẵn sàng hạ tầng,58.88,76.5,Khá,Nguồn: mixed_proxy_near_real_time; áp lực ở mức theo dõi từ dữ liệu hiện có,OpenStreetMap; Open-Meteo; OTA snapshot; destination graph,20/05/2026 22:18,
mui_ne,Mũi Né,Điểm cơ hội kinh tế,52.03,76.5,Khá,Nguồn: mixed_proxy_near_real_time; áp lực ở mức theo dõi từ dữ liệu hiện có,OpenStreetMap; Open-Meteo; OTA snapshot; destination graph,20/05/2026 22:18,
mui_ne,Mũi Né,Điểm điều phối khách,35.0,76.5,Khá,Nguồn: mixed_proxy_near_real_time; áp lực ở mức theo dõi từ dữ liệu hiện có,OpenStreetMap; Open-Meteo; OTA snapshot; destination graph,20/05/2026 22:18,
sam_son,Sầm Sơn,Điểm áp lực điểm đến,58.85,76.5,Khá,Nguồn: mixed_proxy_near_real_time; rủi ro thời tiết cao; hạ tầng proxy yếu,OpenStreetMap; Open-Meteo; OTA snapshot; destination graph,20/05/2026 22:18,
sam_son,Sầm Sơn,Điểm rủi ro thời tiết,97.98,76.5,Khá,Nguồn: mixed_proxy_near_real_time; rủi ro thời tiết cao; hạ tầng proxy yếu,OpenStreetMap; Open-Meteo; OTA snapshot; destination graph,20/05/2026 22:18,
sam_son,Sầm Sơn,Điểm sẵn sàng hạ tầng,35.04,76.5,Khá,Nguồn: mixed_proxy_near_real_time; rủi ro thời tiết cao; hạ tầng proxy yếu,OpenStreetMap; Open-Meteo; OTA snapshot; destination graph,20/05/2026 22:18,
sam_son,Sầm Sơn,Điểm cơ hội kinh tế,28.78,76.5,Khá,Nguồn: mixed_proxy_near_real_time; rủi ro thời tiết cao; hạ tầng proxy yếu,OpenStreetMap; Open-Meteo; OTA snapshot; destination graph,20/05/2026 22:18,
sam_son,Sầm Sơn,Điểm điều phối khách,35.0,76.5,Khá,Nguồn: mixed_proxy_near_real_time; rủi ro thời tiết cao; hạ tầng proxy yếu,OpenStreetMap; Open-Meteo; OTA snapshot; destination graph,20/05/2026 22:18,
hoi_an,Hội An,Điểm áp lực điểm đến,52.25,76.5,Khá,Nguồn: mixed_proxy_near_real_time; áp lực ở mức theo dõi từ dữ liệu hiện có,OpenStreetMap; Open-Meteo; OTA snapshot; destination graph,20/05/2026 22:18,
hoi_an,Hội An,Điểm rủi ro thời tiết,41.96,76.5,Khá,Nguồn: mixed_proxy_near_real_time; áp lực ở mức theo dõi từ dữ liệu hiện có,OpenStreetMap; Open-Meteo; OTA snapshot; destination graph,20/05/2026 22:18,
hoi_an,Hội An,Điểm sẵn sàng hạ tầng,81.82,76.5,Khá,Nguồn: mixed_proxy_near_real_time; áp lực ở mức theo dõi từ dữ liệu hiện có,OpenStreetMap; Open-Meteo; OTA snapshot; destination graph,20/05/2026 22:18,
hoi_an,Hội An,Điểm cơ hội kinh tế,78.48,76.5,Khá,Nguồn: mixed_proxy_near_real_time; áp lực ở mức theo dõi từ dữ liệu hiện có,OpenStreetMap; Open-Meteo; OTA snapshot; destination graph,20/05/2026 22:18,
hoi_an,Hội An,Điểm điều phối khách,72.97,76.5,Khá,Nguồn: mixed_proxy_near_real_time; áp lực ở mức theo dõi từ dữ liệu hiện có,OpenStreetMap; Open-Meteo; OTA snapshot; destination graph,20/05/2026 22:18,
hue,Huế,Điểm áp lực điểm đến,51.4,76.5,Khá,Nguồn: mixed_proxy_near_real_time; áp lực ở mức theo dõi từ dữ liệu hiện có,OpenStreetMap; Open-Meteo; OTA snapshot; destination graph,20/05/2026 22:18,
hue,Huế,Điểm rủi ro thời tiết,61.22,76.5,Khá,Nguồn: mixed_proxy_near_real_time; áp lực ở mức theo dõi từ dữ liệu hiện có,OpenStreetMap; Open-Meteo; OTA snapshot; destination graph,20/05/2026 22:18,
hue,Huế,Điểm sẵn sàng hạ tầng,68.51,76.5,Khá,Nguồn: mixed_proxy_near_real_time; áp lực ở mức theo dõi từ dữ liệu hiện có,OpenStreetMap; Open-Meteo; OTA snapshot; destination graph,20/05/2026 22:18,
hue,Huế,Điểm cơ hội kinh tế,64.4,76.5,Khá,Nguồn: mixed_proxy_near_real_time; áp lực ở mức theo dõi từ dữ liệu hiện có,OpenStreetMap; Open-Meteo; OTA snapshot; destination graph,20/05/2026 22:18,
hue,Huế,Điểm điều phối khách,35.0,76.5,Khá,Nguồn: mixed_proxy_near_real_time; áp lực ở mức theo dõi từ dữ liệu hiện có,OpenStreetMap; Open-Meteo; OTA snapshot; destination graph,20/05/2026 22:18,
vung_tau,Vũng Tàu,Điểm áp lực điểm đến,40.95,76.5,Khá,Nguồn: mixed_proxy_near_real_time; áp lực ở mức theo dõi từ dữ liệu hiện có,OpenStreetMap; Open-Meteo; OTA snapshot; destination graph,20/05/2026 22:18,
vung_tau,Vũng Tàu,Điểm rủi ro thời tiết,48.82,76.5,Khá,Nguồn: mixed_proxy_near_real_time; áp lực ở mức theo dõi từ dữ liệu hiện có,OpenStreetMap; Open-Meteo; OTA snapshot; destination graph,20/05/2026 22:18,
vung_tau,Vũng Tàu,Điểm sẵn sàng hạ tầng,70.7,76.5,Khá,Nguồn: mixed_proxy_near_real_time; áp lực ở mức theo dõi từ dữ liệu hiện có,OpenStreetMap; Open-Meteo; OTA snapshot; destination graph,20/05/2026 22:18,
vung_tau,Vũng Tàu,Điểm cơ hội kinh tế,68.62,76.5,Khá,Nguồn: mixed_proxy_near_real_time; áp lực ở mức theo dõi từ dữ liệu hiện có,OpenStreetMap; Open-Meteo; OTA snapshot; destination graph,20/05/2026 22:18,
vung_tau,Vũng Tàu,Điểm điều phối khách,35.0,76.5,Khá,Nguồn: mixed_proxy_near_real_time; áp lực ở mức theo dõi từ dữ liệu hiện có,OpenStreetMap; Open-Meteo; OTA snapshot; destination graph,20/05/2026 22:18,
cua_lo,Cửa Lò,Điểm áp lực điểm đến,36.2,76.5,Khá,Nguồn: mixed_proxy_near_real_time; hạ tầng proxy yếu,OpenStreetMap; Open-Meteo; OTA snapshot; destination graph,20/05/2026 22:18,
cua_lo,Cửa Lò,Điểm rủi ro thời tiết,40.58,76.5,Khá,Nguồn: mixed_proxy_near_real_time; hạ tầng proxy yếu,OpenStreetMap; Open-Meteo; OTA snapshot; destination graph,20/05/2026 22:18,
cua_lo,Cửa Lò,Điểm sẵn sàng hạ tầng,37.2,76.5,Khá,Nguồn: mixed_proxy_near_real_time; hạ tầng proxy yếu,OpenStreetMap; Open-Meteo; OTA snapshot; destination graph,20/05/2026 22:18,
cua_lo,Cửa Lò,Điểm cơ hội kinh tế,28.9,76.5,Khá,Nguồn: mixed_proxy_near_real_time; hạ tầng proxy yếu,OpenStreetMap; Open-Meteo; OTA snapshot; destination graph,20/05/2026 22:18,
cua_lo,Cửa Lò,Điểm điều phối khách,35.0,76.5,Khá,Nguồn: mixed_proxy_near_real_time; hạ tầng proxy yếu,OpenStreetMap; Open-Meteo; OTA snapshot; destination graph,20/05/2026 22:18,
ninh_binh,Ninh Bình,Điểm áp lực điểm đến,48.38,61.5,Trung bình,Nguồn: mixed_proxy_thieu_du_lieu; rủi ro thời tiết cao; hạ tầng proxy yếu; thiếu POI/nguồn kiểm định,OpenStreetMap; Open-Meteo; OTA snapshot; destination graph,20/05/2026 22:18,
ninh_binh,Ninh Bình,Điểm rủi ro thời tiết,85.38,61.5,Trung bình,Nguồn: mixed_proxy_thieu_du_lieu; rủi ro thời tiết cao; hạ tầng proxy yếu; thiếu POI/nguồn kiểm định,OpenStreetMap; Open-Meteo; OTA snapshot; destination graph,20/05/2026 22:18,
ninh_binh,Ninh Bình,Điểm sẵn sàng hạ tầng,23.27,61.5,Trung bình,Nguồn: mixed_proxy_thieu_du_lieu; rủi ro thời tiết cao; hạ tầng proxy yếu; thiếu POI/nguồn kiểm định,OpenStreetMap; Open-Meteo; OTA snapshot; destination graph,20/05/2026 22:18,
ninh_binh,Ninh Bình,Điểm cơ hội kinh tế,19.82,61.5,Trung bình,Nguồn: mixed_proxy_thieu_du_lieu; rủi ro thời tiết cao; hạ tầng proxy yếu; thiếu POI/nguồn kiểm định,OpenStreetMap; Open-Meteo; OTA snapshot; destination graph,20/05/2026 22:18,
ninh_binh,Ninh Bình,Điểm điều phối khách,35.0,61.5,Trung bình,Nguồn: mixed_proxy_thieu_du_lieu; rủi ro thời tiết cao; hạ tầng proxy yếu; thiếu POI/nguồn kiểm định,OpenStreetMap; Open-Meteo; OTA snapshot; destination graph,20/05/2026 22:18,
ly_son,Lý Sơn,Điểm áp lực điểm đến,47.76,61.5,Trung bình,Nguồn: mixed_proxy_thieu_du_lieu; rủi ro thời tiết cao; hạ tầng proxy yếu; thiếu POI/nguồn kiểm định,OpenStreetMap; Open-Meteo; OTA snapshot; destination graph,20/05/2026 22:18,
ly_son,Lý Sơn,Điểm rủi ro thời tiết,83.6,61.5,Trung bình,Nguồn: mixed_proxy_thieu_du_lieu; rủi ro thời tiết cao; hạ tầng proxy yếu; thiếu POI/nguồn kiểm định,OpenStreetMap; Open-Meteo; OTA snapshot; destination graph,20/05/2026 22:18,
ly_son,Lý Sơn,Điểm sẵn sàng hạ tầng,22.7,61.5,Trung bình,Nguồn: mixed_proxy_thieu_du_lieu; rủi ro thời tiết cao; hạ tầng proxy yếu; thiếu POI/nguồn kiểm định,OpenStreetMap; Open-Meteo; OTA snapshot; destination graph,20/05/2026 22:18,
ly_son,Lý Sơn,Điểm cơ hội kinh tế,18.39,61.5,Trung bình,Nguồn: mixed_proxy_thieu_du_lieu; rủi ro thời tiết cao; hạ tầng proxy yếu; thiếu POI/nguồn kiểm định,OpenStreetMap; Open-Meteo; OTA snapshot; destination graph,20/05/2026 22:18,
ly_son,Lý Sơn,Điểm điều phối khách,35.0,61.5,Trung bình,Nguồn: mixed_proxy_thieu_du_lieu; rủi ro thời tiết cao; hạ tầng proxy yếu; thiếu POI/nguồn kiểm định,OpenStreetMap; Open-Meteo; OTA snapshot; destination graph,20/05/2026 22:18,
ha_noi,Hà Nội,Điểm áp lực điểm đến,45.65,61.5,Trung bình,Nguồn: mixed_proxy_thieu_du_lieu; rủi ro thời tiết cao; hạ tầng proxy yếu; thiếu POI/nguồn kiểm định,OpenStreetMap; Open-Meteo; OTA snapshot; destination graph,20/05/2026 22:18,
ha_noi,Hà Nội,Điểm rủi ro thời tiết,77.56,61.5,Trung bình,Nguồn: mixed_proxy_thieu_du_lieu; rủi ro thời tiết cao; hạ tầng proxy yếu; thiếu POI/nguồn kiểm định,OpenStreetMap; Open-Meteo; OTA snapshot; destination graph,20/05/2026 22:18,
ha_noi,Hà Nội,Điểm sẵn sàng hạ tầng,33.92,61.5,Trung bình,Nguồn: mixed_proxy_thieu_du_lieu; rủi ro thời tiết cao; hạ tầng proxy yếu; thiếu POI/nguồn kiểm định,OpenStreetMap; Open-Meteo; OTA snapshot; destination graph,20/05/2026 22:18,
ha_noi,Hà Nội,Điểm cơ hội kinh tế,24.09,61.5,Trung bình,Nguồn: mixed_proxy_thieu_du_lieu; rủi ro thời tiết cao; hạ tầng proxy yếu; thiếu POI/nguồn kiểm định,OpenStreetMap; Open-Meteo; OTA snapshot; destination graph,20/05/2026 22:18,
ha_noi,Hà Nội,Điểm điều phối khách,50.89,61.5,Trung bình,Nguồn: mixed_proxy_thieu_du_lieu; rủi ro thời tiết cao; hạ tầng proxy yếu; thiếu POI/nguồn kiểm định,OpenStreetMap; Open-Meteo; OTA snapshot; destination graph,20/05/2026 22:18,
ha_giang,Hà Giang,Điểm áp lực điểm đến,43.62,61.5,Trung bình,Nguồn: mixed_proxy_thieu_du_lieu; rủi ro thời tiết cao; hạ tầng proxy yếu; thiếu POI/nguồn kiểm định,OpenStreetMap; Open-Meteo; OTA snapshot; destination graph,20/05/2026 22:18,
ha_giang,Hà Giang,Điểm rủi ro thời tiết,71.78,61.5,Trung bình,Nguồn: mixed_proxy_thieu_du_lieu; rủi ro thời tiết cao; hạ tầng proxy yếu; thiếu POI/nguồn kiểm định,OpenStreetMap; Open-Meteo; OTA snapshot; destination graph,20/05/2026 22:18,
ha_giang,Hà Giang,Điểm sẵn sàng hạ tầng,25.66,61.5,Trung bình,Nguồn: mixed_proxy_thieu_du_lieu; rủi ro thời tiết cao; hạ tầng proxy yếu; thiếu POI/nguồn kiểm định,OpenStreetMap; Open-Meteo; OTA snapshot; destination graph,20/05/2026 22:18,
ha_giang,Hà Giang,Điểm cơ hội kinh tế,20.26,61.5,Trung bình,Nguồn: mixed_proxy_thieu_du_lieu; rủi ro thời tiết cao; hạ tầng proxy yếu; thiếu POI/nguồn kiểm định,OpenStreetMap; Open-Meteo; OTA snapshot; destination graph,20/05/2026 22:18,
ha_giang,Hà Giang,Điểm điều phối khách,35.0,61.5,Trung bình,Nguồn: mixed_proxy_thieu_du_lieu; rủi ro thời tiết cao; hạ tầng proxy yếu; thiếu POI/nguồn kiểm định,OpenStreetMap; Open-Meteo; OTA snapshot; destination graph,20/05/2026 22:18,
phu_quoc,Phú Quốc,Điểm áp lực điểm đến,37.76,61.5,Trung bình,Nguồn: mixed_proxy_thieu_du_lieu; thiếu POI/nguồn kiểm định,OpenStreetMap; Open-Meteo; OTA snapshot; destination graph,20/05/2026 22:18,
phu_quoc,Phú Quốc,Điểm rủi ro thời tiết,57.28,61.5,Trung bình,Nguồn: mixed_proxy_thieu_du_lieu; thiếu POI/nguồn kiểm định,OpenStreetMap; Open-Meteo; OTA snapshot; destination graph,20/05/2026 22:18,
phu_quoc,Phú Quốc,Điểm sẵn sàng hạ tầng,48.71,61.5,Trung bình,Nguồn: mixed_proxy_thieu_du_lieu; thiếu POI/nguồn kiểm định,OpenStreetMap; Open-Meteo; OTA snapshot; destination graph,20/05/2026 22:18,
phu_quoc,Phú Quốc,Điểm cơ hội kinh tế,45.72,61.5,Trung bình,Nguồn: mixed_proxy_thieu_du_lieu; thiếu POI/nguồn kiểm định,OpenStreetMap; Open-Meteo; OTA snapshot; destination graph,20/05/2026 22:18,
phu_quoc,Phú Quốc,Điểm điều phối khách,41.8,61.5,Trung bình,Nguồn: mixed_proxy_thieu_du_lieu; thiếu POI/nguồn kiểm định,OpenStreetMap; Open-Meteo; OTA snapshot; destination graph,20/05/2026 22:18,
phong_nha,Phong Nha - Kẻ Bàng,Điểm áp lực điểm đến,36.0,43.75,Thấp,Nguồn: mixed_proxy_thieu_du_lieu; hạ tầng proxy yếu; thiếu POI/nguồn kiểm định,OpenStreetMap; Open-Meteo; OTA snapshot; destination graph,20/05/2026 22:18,
phong_nha,Phong Nha - Kẻ Bàng,Điểm rủi ro thời tiết,50.0,43.75,Thấp,Nguồn: mixed_proxy_thieu_du_lieu; hạ tầng proxy yếu; thiếu POI/nguồn kiểm định,OpenStreetMap; Open-Meteo; OTA snapshot; destination graph,20/05/2026 22:18,
phong_nha,Phong Nha - Kẻ Bàng,Điểm sẵn sàng hạ tầng,35.0,43.75,Thấp,Nguồn: mixed_proxy_thieu_du_lieu; hạ tầng proxy yếu; thiếu POI/nguồn kiểm định,OpenStreetMap; Open-Meteo; OTA snapshot; destination graph,20/05/2026 22:18,
phong_nha,Phong Nha - Kẻ Bàng,Điểm cơ hội kinh tế,25.05,43.75,Thấp,Nguồn: mixed_proxy_thieu_du_lieu; hạ tầng proxy yếu; thiếu POI/nguồn kiểm định,OpenStreetMap; Open-Meteo; OTA snapshot; destination graph,20/05/2026 22:18,
phong_nha,Phong Nha - Kẻ Bàng,Điểm điều phối khách,35.0,43.75,Thấp,Nguồn: mixed_proxy_thieu_du_lieu; hạ tầng proxy yếu; thiếu POI/nguồn kiểm định,OpenStreetMap; Open-Meteo; OTA snapshot; destination graph,20/05/2026 22:18,
ba_na,Bà Nà Hills,Điểm áp lực điểm đến,36.0,43.75,Thấp,Nguồn: mixed_proxy_thieu_du_lieu; hạ tầng proxy yếu; thiếu POI/nguồn kiểm định,OpenStreetMap; Open-Meteo; OTA snapshot; destination graph,20/05/2026 22:18,
ba_na,Bà Nà Hills,Điểm rủi ro thời tiết,50.0,43.75,Thấp,Nguồn: mixed_proxy_thieu_du_lieu; hạ tầng proxy yếu; thiếu POI/nguồn kiểm định,OpenStreetMap; Open-Meteo; OTA snapshot; destination graph,20/05/2026 22:18,
ba_na,Bà Nà Hills,Điểm sẵn sàng hạ tầng,35.0,43.75,Thấp,Nguồn: mixed_proxy_thieu_du_lieu; hạ tầng proxy yếu; thiếu POI/nguồn kiểm định,OpenStreetMap; Open-Meteo; OTA snapshot; destination graph,20/05/2026 22:18,
ba_na,Bà Nà Hills,Điểm cơ hội kinh tế,25.05,43.75,Thấp,Nguồn: mixed_proxy_thieu_du_lieu; hạ tầng proxy yếu; thiếu POI/nguồn kiểm định,OpenStreetMap; Open-Meteo; OTA snapshot; destination graph,20/05/2026 22:18,
ba_na,Bà Nà Hills,Điểm điều phối khách,35.0,43.75,Thấp,Nguồn: mixed_proxy_thieu_du_lieu; hạ tầng proxy yếu; thiếu POI/nguồn kiểm định,OpenStreetMap; Open-Meteo; OTA snapshot; destination graph,20/05/2026 22:18,
mai_chau,Mai Châu,Điểm áp lực điểm đến,36.0,43.75,Thấp,Nguồn: mixed_proxy_thieu_du_lieu; hạ tầng proxy yếu; thiếu POI/nguồn kiểm định,OpenStreetMap; Open-Meteo; OTA snapshot; destination graph,20/05/2026 22:18,
mai_chau,Mai Châu,Điểm rủi ro thời tiết,50.0,43.75,Thấp,Nguồn: mixed_proxy_thieu_du_lieu; hạ tầng proxy yếu; thiếu POI/nguồn kiểm định,OpenStreetMap; Open-Meteo; OTA snapshot; destination graph,20/05/2026 22:18,
mai_chau,Mai Châu,Điểm sẵn sàng hạ tầng,35.0,43.75,Thấp,Nguồn: mixed_proxy_thieu_du_lieu; hạ tầng proxy yếu; thiếu POI/nguồn kiểm định,OpenStreetMap; Open-Meteo; OTA snapshot; destination graph,20/05/2026 22:18,
mai_chau,Mai Châu,Điểm cơ hội kinh tế,25.05,43.75,Thấp,Nguồn: mixed_proxy_thieu_du_lieu; hạ tầng proxy yếu; thiếu POI/nguồn kiểm định,OpenStreetMap; Open-Meteo; OTA snapshot; destination graph,20/05/2026 22:18,
mai_chau,Mai Châu,Điểm điều phối khách,35.0,43.75,Thấp,Nguồn: mixed_proxy_thieu_du_lieu; hạ tầng proxy yếu; thiếu POI/nguồn kiểm định,OpenStreetMap; Open-Meteo; OTA snapshot; destination graph,20/05/2026 22:18,
tam_dao,Tam Đảo,Điểm áp lực điểm đến,36.0,43.75,Thấp,Nguồn: mixed_proxy_thieu_du_lieu; hạ tầng proxy yếu; thiếu POI/nguồn kiểm định,OpenStreetMap; Open-Meteo; OTA snapshot; destination graph,20/05/2026 22:18,
tam_dao,Tam Đảo,Điểm rủi ro thời tiết,50.0,43.75,Thấp,Nguồn: mixed_proxy_thieu_du_lieu; hạ tầng proxy yếu; thiếu POI/nguồn kiểm định,OpenStreetMap; Open-Meteo; OTA snapshot; destination graph,20/05/2026 22:18,
tam_dao,Tam Đảo,Điểm sẵn sàng hạ tầng,35.0,43.75,Thấp,Nguồn: mixed_proxy_thieu_du_lieu; hạ tầng proxy yếu; thiếu POI/nguồn kiểm định,OpenStreetMap; Open-Meteo; OTA snapshot; destination graph,20/05/2026 22:18,
tam_dao,Tam Đảo,Điểm cơ hội kinh tế,25.05,43.75,Thấp,Nguồn: mixed_proxy_thieu_du_lieu; hạ tầng proxy yếu; thiếu POI/nguồn kiểm định,OpenStreetMap; Open-Meteo; OTA snapshot; destination graph,20/05/2026 22:18,
tam_dao,Tam Đảo,Điểm điều phối khách,35.0,43.75,Thấp,Nguồn: mixed_proxy_thieu_du_lieu; hạ tầng proxy yếu; thiếu POI/nguồn kiểm định,OpenStreetMap; Open-Meteo; OTA snapshot; destination graph,20/05/2026 22:18,
pleiku,Pleiku,Điểm áp lực điểm đến,36.0,43.75,Thấp,Nguồn: mixed_proxy_thieu_du_lieu; hạ tầng proxy yếu; thiếu POI/nguồn kiểm định,OpenStreetMap; Open-Meteo; OTA snapshot; destination graph,20/05/2026 22:18,
pleiku,Pleiku,Điểm rủi ro thời tiết,50.0,43.75,Thấp,Nguồn: mixed_proxy_thieu_du_lieu; hạ tầng proxy yếu; thiếu POI/nguồn kiểm định,OpenStreetMap; Open-Meteo; OTA snapshot; destination graph,20/05/2026 22:18,
pleiku,Pleiku,Điểm sẵn sàng hạ tầng,35.0,43.75,Thấp,Nguồn: mixed_proxy_thieu_du_lieu; hạ tầng proxy yếu; thiếu POI/nguồn kiểm định,OpenStreetMap; Open-Meteo; OTA snapshot; destination graph,20/05/2026 22:18,
pleiku,Pleiku,Điểm cơ hội kinh tế,25.05,43.75,Thấp,Nguồn: mixed_proxy_thieu_du_lieu; hạ tầng proxy yếu; thiếu POI/nguồn kiểm định,OpenStreetMap; Open-Meteo; OTA snapshot; destination graph,20/05/2026 22:18,
pleiku,Pleiku,Điểm điều phối khách,35.0,43.75,Thấp,Nguồn: mixed_proxy_thieu_du_lieu; hạ tầng proxy yếu; thiếu POI/nguồn kiểm định,OpenStreetMap; Open-Meteo; OTA snapshot; destination graph,20/05/2026 22:18,
buon_ma_thuot,Buôn Ma Thuột,Điểm áp lực điểm đến,36.0,43.75,Thấp,Nguồn: mixed_proxy_thieu_du_lieu; hạ tầng proxy yếu; thiếu POI/nguồn kiểm định,OpenStreetMap; Open-Meteo; OTA snapshot; destination graph,20/05/2026 22:18,
buon_ma_thuot,Buôn Ma Thuột,Điểm rủi ro thời tiết,50.0,43.75,Thấp,Nguồn: mixed_proxy_thieu_du_lieu; hạ tầng proxy yếu; thiếu POI/nguồn kiểm định,OpenStreetMap; Open-Meteo; OTA snapshot; destination graph,20/05/2026 22:18,
buon_ma_thuot,Buôn Ma Thuột,Điểm sẵn sàng hạ tầng,35.0,43.75,Thấp,Nguồn: mixed_proxy_thieu_du_lieu; hạ tầng proxy yếu; thiếu POI/nguồn kiểm định,OpenStreetMap; Open-Meteo; OTA snapshot; destination graph,20/05/2026 22:18,
buon_ma_thuot,Buôn Ma Thuột,Điểm cơ hội kinh tế,25.05,43.75,Thấp,Nguồn: mixed_proxy_thieu_du_lieu; hạ tầng proxy yếu; thiếu POI/nguồn kiểm định,OpenStreetMap; Open-Meteo; OTA snapshot; destination graph,20/05/2026 22:18,
buon_ma_thuot,Buôn Ma Thuột,Điểm điều phối khách,35.0,43.75,Thấp,Nguồn: mixed_proxy_thieu_du_lieu; hạ tầng proxy yếu; thiếu POI/nguồn kiểm định,OpenStreetMap; Open-Meteo; OTA snapshot; destination graph,20/05/2026 22:18,
chau_doc,Châu Đốc,Điểm áp lực điểm đến,36.0,43.75,Thấp,Nguồn: mixed_proxy_thieu_du_lieu; hạ tầng proxy yếu; thiếu POI/nguồn kiểm định,OpenStreetMap; Open-Meteo; OTA snapshot; destination graph,20/05/2026 22:18,
chau_doc,Châu Đốc,Điểm rủi ro thời tiết,50.0,43.75,Thấp,Nguồn: mixed_proxy_thieu_du_lieu; hạ tầng proxy yếu; thiếu POI/nguồn kiểm định,OpenStreetMap; Open-Meteo; OTA snapshot; destination graph,20/05/2026 22:18,
chau_doc,Châu Đốc,Điểm sẵn sàng hạ tầng,35.0,43.75,Thấp,Nguồn: mixed_proxy_thieu_du_lieu; hạ tầng proxy yếu; thiếu POI/nguồn kiểm định,OpenStreetMap; Open-Meteo; OTA snapshot; destination graph,20/05/2026 22:18,
chau_doc,Châu Đốc,Điểm cơ hội kinh tế,25.05,43.75,Thấp,Nguồn: mixed_proxy_thieu_du_lieu; hạ tầng proxy yếu; thiếu POI/nguồn kiểm định,OpenStreetMap; Open-Meteo; OTA snapshot; destination graph,20/05/2026 22:18,
chau_doc,Châu Đốc,Điểm điều phối khách,35.0,43.75,Thấp,Nguồn: mixed_proxy_thieu_du_lieu; hạ tầng proxy yếu; thiếu POI/nguồn kiểm định,OpenStreetMap; Open-Meteo; OTA snapshot; destination graph,20/05/2026 22:18,
ba_vi,Ba Vì,Điểm áp lực điểm đến,36.0,43.75,Thấp,Nguồn: mixed_proxy_thieu_du_lieu; hạ tầng proxy yếu; thiếu POI/nguồn kiểm định,OpenStreetMap; Open-Meteo; OTA snapshot; destination graph,20/05/2026 22:18,
ba_vi,Ba Vì,Điểm rủi ro thời tiết,50.0,43.75,Thấp,Nguồn: mixed_proxy_thieu_du_lieu; hạ tầng proxy yếu; thiếu POI/nguồn kiểm định,OpenStreetMap; Open-Meteo; OTA snapshot; destination graph,20/05/2026 22:18,
ba_vi,Ba Vì,Điểm sẵn sàng hạ tầng,35.0,43.75,Thấp,Nguồn: mixed_proxy_thieu_du_lieu; hạ tầng proxy yếu; thiếu POI/nguồn kiểm định,OpenStreetMap; Open-Meteo; OTA snapshot; destination graph,20/05/2026 22:18,
ba_vi,Ba Vì,Điểm cơ hội kinh tế,25.05,43.75,Thấp,Nguồn: mixed_proxy_thieu_du_lieu; hạ tầng proxy yếu; thiếu POI/nguồn kiểm định,OpenStreetMap; Open-Meteo; OTA snapshot; destination graph,20/05/2026 22:18,
ba_vi,Ba Vì,Điểm điều phối khách,35.0,43.75,Thấp,Nguồn: mixed_proxy_thieu_du_lieu; hạ tầng proxy yếu; thiếu POI/nguồn kiểm định,OpenStreetMap; Open-Meteo; OTA snapshot; destination graph,20/05/2026 22:18,
thien_cam,Thiên Cầm,Điểm áp lực điểm đến,36.0,43.75,Thấp,Nguồn: mixed_proxy_thieu_du_lieu; hạ tầng proxy yếu; thiếu POI/nguồn kiểm định,OpenStreetMap; Open-Meteo; OTA snapshot; destination graph,20/05/2026 22:18,
thien_cam,Thiên Cầm,Điểm rủi ro thời tiết,50.0,43.75,Thấp,Nguồn: mixed_proxy_thieu_du_lieu; hạ tầng proxy yếu; thiếu POI/nguồn kiểm định,OpenStreetMap; Open-Meteo; OTA snapshot; destination graph,20/05/2026 22:18,
thien_cam,Thiên Cầm,Điểm sẵn sàng hạ tầng,35.0,43.75,Thấp,Nguồn: mixed_proxy_thieu_du_lieu; hạ tầng proxy yếu; thiếu POI/nguồn kiểm định,OpenStreetMap; Open-Meteo; OTA snapshot; destination graph,20/05/2026 22:18,
thien_cam,Thiên Cầm,Điểm cơ hội kinh tế,25.05,43.75,Thấp,Nguồn: mixed_proxy_thieu_du_lieu; hạ tầng proxy yếu; thiếu POI/nguồn kiểm định,OpenStreetMap; Open-Meteo; OTA snapshot; destination graph,20/05/2026 22:18,
thien_cam,Thiên Cầm,Điểm điều phối khách,35.0,43.75,Thấp,Nguồn: mixed_proxy_thieu_du_lieu; hạ tầng proxy yếu; thiếu POI/nguồn kiểm định,OpenStreetMap; Open-Meteo; OTA snapshot; destination graph,20/05/2026 22:18,
nhat_le,Nhật Lệ,Điểm áp lực điểm đến,36.0,43.75,Thấp,Nguồn: mixed_proxy_thieu_du_lieu; hạ tầng proxy yếu; thiếu POI/nguồn kiểm định,OpenStreetMap; Open-Meteo; OTA snapshot; destination graph,20/05/2026 22:18,
nhat_le,Nhật Lệ,Điểm rủi ro thời tiết,50.0,43.75,Thấp,Nguồn: mixed_proxy_thieu_du_lieu; hạ tầng proxy yếu; thiếu POI/nguồn kiểm định,OpenStreetMap; Open-Meteo; OTA snapshot; destination graph,20/05/2026 22:18,
nhat_le,Nhật Lệ,Điểm sẵn sàng hạ tầng,35.0,43.75,Thấp,Nguồn: mixed_proxy_thieu_du_lieu; hạ tầng proxy yếu; thiếu POI/nguồn kiểm định,OpenStreetMap; Open-Meteo; OTA snapshot; destination graph,20/05/2026 22:18,
nhat_le,Nhật Lệ,Điểm cơ hội kinh tế,25.05,43.75,Thấp,Nguồn: mixed_proxy_thieu_du_lieu; hạ tầng proxy yếu; thiếu POI/nguồn kiểm định,OpenStreetMap; Open-Meteo; OTA snapshot; destination graph,20/05/2026 22:18,
nhat_le,Nhật Lệ,Điểm điều phối khách,35.0,43.75,Thấp,Nguồn: mixed_proxy_thieu_du_lieu; hạ tầng proxy yếu; thiếu POI/nguồn kiểm định,OpenStreetMap; Open-Meteo; OTA snapshot; destination graph,20/05/2026 22:18,
cua_tung,Cửa Tùng,Điểm áp lực điểm đến,36.0,43.75,Thấp,Nguồn: mixed_proxy_thieu_du_lieu; hạ tầng proxy yếu; thiếu POI/nguồn kiểm định,OpenStreetMap; Open-Meteo; OTA snapshot; destination graph,20/05/2026 22:18,
cua_tung,Cửa Tùng,Điểm rủi ro thời tiết,50.0,43.75,Thấp,Nguồn: mixed_proxy_thieu_du_lieu; hạ tầng proxy yếu; thiếu POI/nguồn kiểm định,OpenStreetMap; Open-Meteo; OTA snapshot; destination graph,20/05/2026 22:18,
cua_tung,Cửa Tùng,Điểm sẵn sàng hạ tầng,35.0,43.75,Thấp,Nguồn: mixed_proxy_thieu_du_lieu; hạ tầng proxy yếu; thiếu POI/nguồn kiểm định,OpenStreetMap; Open-Meteo; OTA snapshot; destination graph,20/05/2026 22:18,
cua_tung,Cửa Tùng,Điểm cơ hội kinh tế,25.05,43.75,Thấp,Nguồn: mixed_proxy_thieu_du_lieu; hạ tầng proxy yếu; thiếu POI/nguồn kiểm định,OpenStreetMap; Open-Meteo; OTA snapshot; destination graph,20/05/2026 22:18,
cua_tung,Cửa Tùng,Điểm điều phối khách,35.0,43.75,Thấp,Nguồn: mixed_proxy_thieu_du_lieu; hạ tầng proxy yếu; thiếu POI/nguồn kiểm định,OpenStreetMap; Open-Meteo; OTA snapshot; destination graph,20/05/2026 22:18,
hai_tien,Hải Tiến,Điểm áp lực điểm đến,36.0,43.75,Thấp,Nguồn: mixed_proxy_thieu_du_lieu; hạ tầng proxy yếu; thiếu POI/nguồn kiểm định,OpenStreetMap; Open-Meteo; OTA snapshot; destination graph,20/05/2026 22:18,
hai_tien,Hải Tiến,Điểm rủi ro thời tiết,50.0,43.75,Thấp,Nguồn: mixed_proxy_thieu_du_lieu; hạ tầng proxy yếu; thiếu POI/nguồn kiểm định,OpenStreetMap; Open-Meteo; OTA snapshot; destination graph,20/05/2026 22:18,
hai_tien,Hải Tiến,Điểm sẵn sàng hạ tầng,35.0,43.75,Thấp,Nguồn: mixed_proxy_thieu_du_lieu; hạ tầng proxy yếu; thiếu POI/nguồn kiểm định,OpenStreetMap; Open-Meteo; OTA snapshot; destination graph,20/05/2026 22:18,
hai_tien,Hải Tiến,Điểm cơ hội kinh tế,25.05,43.75,Thấp,Nguồn: mixed_proxy_thieu_du_lieu; hạ tầng proxy yếu; thiếu POI/nguồn kiểm định,OpenStreetMap; Open-Meteo; OTA snapshot; destination graph,20/05/2026 22:18,
hai_tien,Hải Tiến,Điểm điều phối khách,35.0,43.75,Thấp,Nguồn: mixed_proxy_thieu_du_lieu; hạ tầng proxy yếu; thiếu POI/nguồn kiểm định,OpenStreetMap; Open-Meteo; OTA snapshot; destination graph,20/05/2026 22:18,
lang_co,Lăng Cô,Điểm áp lực điểm đến,36.0,43.75,Thấp,Nguồn: mixed_proxy_thieu_du_lieu; hạ tầng proxy yếu; thiếu POI/nguồn kiểm định,OpenStreetMap; Open-Meteo; OTA snapshot; destination graph,20/05/2026 22:18,
lang_co,Lăng Cô,Điểm rủi ro thời tiết,50.0,43.75,Thấp,Nguồn: mixed_proxy_thieu_du_lieu; hạ tầng proxy yếu; thiếu POI/nguồn kiểm định,OpenStreetMap; Open-Meteo; OTA snapshot; destination graph,20/05/2026 22:18,
lang_co,Lăng Cô,Điểm sẵn sàng hạ tầng,35.0,43.75,Thấp,Nguồn: mixed_proxy_thieu_du_lieu; hạ tầng proxy yếu; thiếu POI/nguồn kiểm định,OpenStreetMap; Open-Meteo; OTA snapshot; destination graph,20/05/2026 22:18,
lang_co,Lăng Cô,Điểm cơ hội kinh tế,25.05,43.75,Thấp,Nguồn: mixed_proxy_thieu_du_lieu; hạ tầng proxy yếu; thiếu POI/nguồn kiểm định,OpenStreetMap; Open-Meteo; OTA snapshot; destination graph,20/05/2026 22:18,
lang_co,Lăng Cô,Điểm điều phối khách,35.0,43.75,Thấp,Nguồn: mixed_proxy_thieu_du_lieu; hạ tầng proxy yếu; thiếu POI/nguồn kiểm định,OpenStreetMap; Open-Meteo; OTA snapshot; destination graph,20/05/2026 22:18,
cu_lao_cham,Cù Lao Chàm,Điểm áp lực điểm đến,36.0,43.75,Thấp,Nguồn: mixed_proxy_thieu_du_lieu; hạ tầng proxy yếu; thiếu POI/nguồn kiểm định,OpenStreetMap; Open-Meteo; OTA snapshot; destination graph,20/05/2026 22:18,
cu_lao_cham,Cù Lao Chàm,Điểm rủi ro thời tiết,50.0,43.75,Thấp,Nguồn: mixed_proxy_thieu_du_lieu; hạ tầng proxy yếu; thiếu POI/nguồn kiểm định,OpenStreetMap; Open-Meteo; OTA snapshot; destination graph,20/05/2026 22:18,
cu_lao_cham,Cù Lao Chàm,Điểm sẵn sàng hạ tầng,35.0,43.75,Thấp,Nguồn: mixed_proxy_thieu_du_lieu; hạ tầng proxy yếu; thiếu POI/nguồn kiểm định,OpenStreetMap; Open-Meteo; OTA snapshot; destination graph,20/05/2026 22:18,
cu_lao_cham,Cù Lao Chàm,Điểm cơ hội kinh tế,25.05,43.75,Thấp,Nguồn: mixed_proxy_thieu_du_lieu; hạ tầng proxy yếu; thiếu POI/nguồn kiểm định,OpenStreetMap; Open-Meteo; OTA snapshot; destination graph,20/05/2026 22:18,
cu_lao_cham,Cù Lao Chàm,Điểm điều phối khách,35.0,43.75,Thấp,Nguồn: mixed_proxy_thieu_du_lieu; hạ tầng proxy yếu; thiếu POI/nguồn kiểm định,OpenStreetMap; Open-Meteo; OTA snapshot; destination graph,20/05/2026 22:18,
tam_ky,Tam Kỳ,Điểm áp lực điểm đến,36.0,43.75,Thấp,Nguồn: mixed_proxy_thieu_du_lieu; hạ tầng proxy yếu; thiếu POI/nguồn kiểm định,OpenStreetMap; Open-Meteo; OTA snapshot; destination graph,20/05/2026 22:18,
tam_ky,Tam Kỳ,Điểm rủi ro thời tiết,50.0,43.75,Thấp,Nguồn: mixed_proxy_thieu_du_lieu; hạ tầng proxy yếu; thiếu POI/nguồn kiểm định,OpenStreetMap; Open-Meteo; OTA snapshot; destination graph,20/05/2026 22:18,
tam_ky,Tam Kỳ,Điểm sẵn sàng hạ tầng,35.0,43.75,Thấp,Nguồn: mixed_proxy_thieu_du_lieu; hạ tầng proxy yếu; thiếu POI/nguồn kiểm định,OpenStreetMap; Open-Meteo; OTA snapshot; destination graph,20/05/2026 22:18,
tam_ky,Tam Kỳ,Điểm cơ hội kinh tế,25.05,43.75,Thấp,Nguồn: mixed_proxy_thieu_du_lieu; hạ tầng proxy yếu; thiếu POI/nguồn kiểm định,OpenStreetMap; Open-Meteo; OTA snapshot; destination graph,20/05/2026 22:18,
tam_ky,Tam Kỳ,Điểm điều phối khách,35.0,43.75,Thấp,Nguồn: mixed_proxy_thieu_du_lieu; hạ tầng proxy yếu; thiếu POI/nguồn kiểm định,OpenStreetMap; Open-Meteo; OTA snapshot; destination graph,20/05/2026 22:18,
sa_huynh,Sa Huỳnh,Điểm áp lực điểm đến,36.0,43.75,Thấp,Nguồn: mixed_proxy_thieu_du_lieu; hạ tầng proxy yếu; thiếu POI/nguồn kiểm định,OpenStreetMap; Open-Meteo; OTA snapshot; destination graph,20/05/2026 22:18,
sa_huynh,Sa Huỳnh,Điểm rủi ro thời tiết,50.0,43.75,Thấp,Nguồn: mixed_proxy_thieu_du_lieu; hạ tầng proxy yếu; thiếu POI/nguồn kiểm định,OpenStreetMap; Open-Meteo; OTA snapshot; destination graph,20/05/2026 22:18,
sa_huynh,Sa Huỳnh,Điểm sẵn sàng hạ tầng,35.0,43.75,Thấp,Nguồn: mixed_proxy_thieu_du_lieu; hạ tầng proxy yếu; thiếu POI/nguồn kiểm định,OpenStreetMap; Open-Meteo; OTA snapshot; destination graph,20/05/2026 22:18,
sa_huynh,Sa Huỳnh,Điểm cơ hội kinh tế,25.05,43.75,Thấp,Nguồn: mixed_proxy_thieu_du_lieu; hạ tầng proxy yếu; thiếu POI/nguồn kiểm định,OpenStreetMap; Open-Meteo; OTA snapshot; destination graph,20/05/2026 22:18,
sa_huynh,Sa Huỳnh,Điểm điều phối khách,35.0,43.75,Thấp,Nguồn: mixed_proxy_thieu_du_lieu; hạ tầng proxy yếu; thiếu POI/nguồn kiểm định,OpenStreetMap; Open-Meteo; OTA snapshot; destination graph,20/05/2026 22:18,
my_khe,Mỹ Khê,Điểm áp lực điểm đến,36.0,43.75,Thấp,Nguồn: mixed_proxy_thieu_du_lieu; hạ tầng proxy yếu; thiếu POI/nguồn kiểm định,OpenStreetMap; Open-Meteo; OTA snapshot; destination graph,20/05/2026 22:18,
my_khe,Mỹ Khê,Điểm rủi ro thời tiết,50.0,43.75,Thấp,Nguồn: mixed_proxy_thieu_du_lieu; hạ tầng proxy yếu; thiếu POI/nguồn kiểm định,OpenStreetMap; Open-Meteo; OTA snapshot; destination graph,20/05/2026 22:18,
my_khe,Mỹ Khê,Điểm sẵn sàng hạ tầng,35.0,43.75,Thấp,Nguồn: mixed_proxy_thieu_du_lieu; hạ tầng proxy yếu; thiếu POI/nguồn kiểm định,OpenStreetMap; Open-Meteo; OTA snapshot; destination graph,20/05/2026 22:18,
my_khe,Mỹ Khê,Điểm cơ hội kinh tế,25.05,43.75,Thấp,Nguồn: mixed_proxy_thieu_du_lieu; hạ tầng proxy yếu; thiếu POI/nguồn kiểm định,OpenStreetMap; Open-Meteo; OTA snapshot; destination graph,20/05/2026 22:18,
my_khe,Mỹ Khê,Điểm điều phối khách,35.0,43.75,Thấp,Nguồn: mixed_proxy_thieu_du_lieu; hạ tầng proxy yếu; thiếu POI/nguồn kiểm định,OpenStreetMap; Open-Meteo; OTA snapshot; destination graph,20/05/2026 22:18,
la_gi,La Gi,Điểm áp lực điểm đến,36.0,43.75,Thấp,Nguồn: mixed_proxy_thieu_du_lieu; hạ tầng proxy yếu; thiếu POI/nguồn kiểm định,OpenStreetMap; Open-Meteo; OTA snapshot; destination graph,20/05/2026 22:18,
la_gi,La Gi,Điểm rủi ro thời tiết,50.0,43.75,Thấp,Nguồn: mixed_proxy_thieu_du_lieu; hạ tầng proxy yếu; thiếu POI/nguồn kiểm định,OpenStreetMap; Open-Meteo; OTA snapshot; destination graph,20/05/2026 22:18,
la_gi,La Gi,Điểm sẵn sàng hạ tầng,35.0,43.75,Thấp,Nguồn: mixed_proxy_thieu_du_lieu; hạ tầng proxy yếu; thiếu POI/nguồn kiểm định,OpenStreetMap; Open-Meteo; OTA snapshot; destination graph,20/05/2026 22:18,
la_gi,La Gi,Điểm cơ hội kinh tế,25.05,43.75,Thấp,Nguồn: mixed_proxy_thieu_du_lieu; hạ tầng proxy yếu; thiếu POI/nguồn kiểm định,OpenStreetMap; Open-Meteo; OTA snapshot; destination graph,20/05/2026 22:18,
la_gi,La Gi,Điểm điều phối khách,35.0,43.75,Thấp,Nguồn: mixed_proxy_thieu_du_lieu; hạ tầng proxy yếu; thiếu POI/nguồn kiểm định,OpenStreetMap; Open-Meteo; OTA snapshot; destination graph,20/05/2026 22:18,
phan_thiet,Phan Thiết,Điểm áp lực điểm đến,36.0,43.75,Thấp,Nguồn: mixed_proxy_thieu_du_lieu; hạ tầng proxy yếu; thiếu POI/nguồn kiểm định,OpenStreetMap; Open-Meteo; OTA snapshot; destination graph,20/05/2026 22:18,
phan_thiet,Phan Thiết,Điểm rủi ro thời tiết,50.0,43.75,Thấp,Nguồn: mixed_proxy_thieu_du_lieu; hạ tầng proxy yếu; thiếu POI/nguồn kiểm định,OpenStreetMap; Open-Meteo; OTA snapshot; destination graph,20/05/2026 22:18,
phan_thiet,Phan Thiết,Điểm sẵn sàng hạ tầng,35.0,43.75,Thấp,Nguồn: mixed_proxy_thieu_du_lieu; hạ tầng proxy yếu; thiếu POI/nguồn kiểm định,OpenStreetMap; Open-Meteo; OTA snapshot; destination graph,20/05/2026 22:18,
phan_thiet,Phan Thiết,Điểm cơ hội kinh tế,25.05,43.75,Thấp,Nguồn: mixed_proxy_thieu_du_lieu; hạ tầng proxy yếu; thiếu POI/nguồn kiểm định,OpenStreetMap; Open-Meteo; OTA snapshot; destination graph,20/05/2026 22:18,
phan_thiet,Phan Thiết,Điểm điều phối khách,35.0,43.75,Thấp,Nguồn: mixed_proxy_thieu_du_lieu; hạ tầng proxy yếu; thiếu POI/nguồn kiểm định,OpenStreetMap; Open-Meteo; OTA snapshot; destination graph,20/05/2026 22:18,
ky_co,Kỳ Co,Điểm áp lực điểm đến,36.0,43.75,Thấp,Nguồn: mixed_proxy_thieu_du_lieu; hạ tầng proxy yếu; thiếu POI/nguồn kiểm định,OpenStreetMap; Open-Meteo; OTA snapshot; destination graph,20/05/2026 22:18,
ky_co,Kỳ Co,Điểm rủi ro thời tiết,50.0,43.75,Thấp,Nguồn: mixed_proxy_thieu_du_lieu; hạ tầng proxy yếu; thiếu POI/nguồn kiểm định,OpenStreetMap; Open-Meteo; OTA snapshot; destination graph,20/05/2026 22:18,
ky_co,Kỳ Co,Điểm sẵn sàng hạ tầng,35.0,43.75,Thấp,Nguồn: mixed_proxy_thieu_du_lieu; hạ tầng proxy yếu; thiếu POI/nguồn kiểm định,OpenStreetMap; Open-Meteo; OTA snapshot; destination graph,20/05/2026 22:18,
ky_co,Kỳ Co,Điểm cơ hội kinh tế,25.05,43.75,Thấp,Nguồn: mixed_proxy_thieu_du_lieu; hạ tầng proxy yếu; thiếu POI/nguồn kiểm định,OpenStreetMap; Open-Meteo; OTA snapshot; destination graph,20/05/2026 22:18,
ky_co,Kỳ Co,Điểm điều phối khách,35.0,43.75,Thấp,Nguồn: mixed_proxy_thieu_du_lieu; hạ tầng proxy yếu; thiếu POI/nguồn kiểm định,OpenStreetMap; Open-Meteo; OTA snapshot; destination graph,20/05/2026 22:18,
binh_ba,Bình Ba,Điểm áp lực điểm đến,36.0,43.75,Thấp,Nguồn: mixed_proxy_thieu_du_lieu; hạ tầng proxy yếu; thiếu POI/nguồn kiểm định,OpenStreetMap; Open-Meteo; OTA snapshot; destination graph,20/05/2026 22:18,
binh_ba,Bình Ba,Điểm rủi ro thời tiết,50.0,43.75,Thấp,Nguồn: mixed_proxy_thieu_du_lieu; hạ tầng proxy yếu; thiếu POI/nguồn kiểm định,OpenStreetMap; Open-Meteo; OTA snapshot; destination graph,20/05/2026 22:18,
binh_ba,Bình Ba,Điểm sẵn sàng hạ tầng,35.0,43.75,Thấp,Nguồn: mixed_proxy_thieu_du_lieu; hạ tầng proxy yếu; thiếu POI/nguồn kiểm định,OpenStreetMap; Open-Meteo; OTA snapshot; destination graph,20/05/2026 22:18,
binh_ba,Bình Ba,Điểm cơ hội kinh tế,25.05,43.75,Thấp,Nguồn: mixed_proxy_thieu_du_lieu; hạ tầng proxy yếu; thiếu POI/nguồn kiểm định,OpenStreetMap; Open-Meteo; OTA snapshot; destination graph,20/05/2026 22:18,
binh_ba,Bình Ba,Điểm điều phối khách,35.0,43.75,Thấp,Nguồn: mixed_proxy_thieu_du_lieu; hạ tầng proxy yếu; thiếu POI/nguồn kiểm định,OpenStreetMap; Open-Meteo; OTA snapshot; destination graph,20/05/2026 22:18,
cam_ranh,Cam Ranh,Điểm áp lực điểm đến,36.0,43.75,Thấp,Nguồn: mixed_proxy_thieu_du_lieu; hạ tầng proxy yếu; thiếu POI/nguồn kiểm định,OpenStreetMap; Open-Meteo; OTA snapshot; destination graph,20/05/2026 22:18,
cam_ranh,Cam Ranh,Điểm rủi ro thời tiết,50.0,43.75,Thấp,Nguồn: mixed_proxy_thieu_du_lieu; hạ tầng proxy yếu; thiếu POI/nguồn kiểm định,OpenStreetMap; Open-Meteo; OTA snapshot; destination graph,20/05/2026 22:18,
cam_ranh,Cam Ranh,Điểm sẵn sàng hạ tầng,35.0,43.75,Thấp,Nguồn: mixed_proxy_thieu_du_lieu; hạ tầng proxy yếu; thiếu POI/nguồn kiểm định,OpenStreetMap; Open-Meteo; OTA snapshot; destination graph,20/05/2026 22:18,
cam_ranh,Cam Ranh,Điểm cơ hội kinh tế,25.05,43.75,Thấp,Nguồn: mixed_proxy_thieu_du_lieu; hạ tầng proxy yếu; thiếu POI/nguồn kiểm định,OpenStreetMap; Open-Meteo; OTA snapshot; destination graph,20/05/2026 22:18,
cam_ranh,Cam Ranh,Điểm điều phối khách,35.0,43.75,Thấp,Nguồn: mixed_proxy_thieu_du_lieu; hạ tầng proxy yếu; thiếu POI/nguồn kiểm định,OpenStreetMap; Open-Meteo; OTA snapshot; destination graph,20/05/2026 22:18,
phan_rang,Phan Rang - Tháp Chàm,Điểm áp lực điểm đến,36.0,43.75,Thấp,Nguồn: mixed_proxy_thieu_du_lieu; hạ tầng proxy yếu; thiếu POI/nguồn kiểm định,OpenStreetMap; Open-Meteo; OTA snapshot; destination graph,20/05/2026 22:18,
phan_rang,Phan Rang - Tháp Chàm,Điểm rủi ro thời tiết,50.0,43.75,Thấp,Nguồn: mixed_proxy_thieu_du_lieu; hạ tầng proxy yếu; thiếu POI/nguồn kiểm định,OpenStreetMap; Open-Meteo; OTA snapshot; destination graph,20/05/2026 22:18,
phan_rang,Phan Rang - Tháp Chàm,Điểm sẵn sàng hạ tầng,35.0,43.75,Thấp,Nguồn: mixed_proxy_thieu_du_lieu; hạ tầng proxy yếu; thiếu POI/nguồn kiểm định,OpenStreetMap; Open-Meteo; OTA snapshot; destination graph,20/05/2026 22:18,
phan_rang,Phan Rang - Tháp Chàm,Điểm cơ hội kinh tế,25.05,43.75,Thấp,Nguồn: mixed_proxy_thieu_du_lieu; hạ tầng proxy yếu; thiếu POI/nguồn kiểm định,OpenStreetMap; Open-Meteo; OTA snapshot; destination graph,20/05/2026 22:18,
phan_rang,Phan Rang - Tháp Chàm,Điểm điều phối khách,35.0,43.75,Thấp,Nguồn: mixed_proxy_thieu_du_lieu; hạ tầng proxy yếu; thiếu POI/nguồn kiểm định,OpenStreetMap; Open-Meteo; OTA snapshot; destination graph,20/05/2026 22:18,
vinh_hy,Vĩnh Hy,Điểm áp lực điểm đến,36.0,43.75,Thấp,Nguồn: mixed_proxy_thieu_du_lieu; hạ tầng proxy yếu; thiếu POI/nguồn kiểm định,OpenStreetMap; Open-Meteo; OTA snapshot; destination graph,20/05/2026 22:18,
vinh_hy,Vĩnh Hy,Điểm rủi ro thời tiết,50.0,43.75,Thấp,Nguồn: mixed_proxy_thieu_du_lieu; hạ tầng proxy yếu; thiếu POI/nguồn kiểm định,OpenStreetMap; Open-Meteo; OTA snapshot; destination graph,20/05/2026 22:18,
vinh_hy,Vĩnh Hy,Điểm sẵn sàng hạ tầng,35.0,43.75,Thấp,Nguồn: mixed_proxy_thieu_du_lieu; hạ tầng proxy yếu; thiếu POI/nguồn kiểm định,OpenStreetMap; Open-Meteo; OTA snapshot; destination graph,20/05/2026 22:18,
vinh_hy,Vĩnh Hy,Điểm cơ hội kinh tế,25.05,43.75,Thấp,Nguồn: mixed_proxy_thieu_du_lieu; hạ tầng proxy yếu; thiếu POI/nguồn kiểm định,OpenStreetMap; Open-Meteo; OTA snapshot; destination graph,20/05/2026 22:18,
vinh_hy,Vĩnh Hy,Điểm điều phối khách,35.0,43.75,Thấp,Nguồn: mixed_proxy_thieu_du_lieu; hạ tầng proxy yếu; thiếu POI/nguồn kiểm định,OpenStreetMap; Open-Meteo; OTA snapshot; destination graph,20/05/2026 22:18,
ghenh_da_dia,Gành Đá Đĩa,Điểm áp lực điểm đến,36.0,43.75,Thấp,Nguồn: mixed_proxy_thieu_du_lieu; hạ tầng proxy yếu; thiếu POI/nguồn kiểm định,OpenStreetMap; Open-Meteo; OTA snapshot; destination graph,20/05/2026 22:18,
ghenh_da_dia,Gành Đá Đĩa,Điểm rủi ro thời tiết,50.0,43.75,Thấp,Nguồn: mixed_proxy_thieu_du_lieu; hạ tầng proxy yếu; thiếu POI/nguồn kiểm định,OpenStreetMap; Open-Meteo; OTA snapshot; destination graph,20/05/2026 22:18,
ghenh_da_dia,Gành Đá Đĩa,Điểm sẵn sàng hạ tầng,35.0,43.75,Thấp,Nguồn: mixed_proxy_thieu_du_lieu; hạ tầng proxy yếu; thiếu POI/nguồn kiểm định,OpenStreetMap; Open-Meteo; OTA snapshot; destination graph,20/05/2026 22:18,
ghenh_da_dia,Gành Đá Đĩa,Điểm cơ hội kinh tế,25.05,43.75,Thấp,Nguồn: mixed_proxy_thieu_du_lieu; hạ tầng proxy yếu; thiếu POI/nguồn kiểm định,OpenStreetMap; Open-Meteo; OTA snapshot; destination graph,20/05/2026 22:18,
ghenh_da_dia,Gành Đá Đĩa,Điểm điều phối khách,35.0,43.75,Thấp,Nguồn: mixed_proxy_thieu_du_lieu; hạ tầng proxy yếu; thiếu POI/nguồn kiểm định,OpenStreetMap; Open-Meteo; OTA snapshot; destination graph,20/05/2026 22:18,
tuy_hoa,Tuy Hòa,Điểm áp lực điểm đến,36.0,43.75,Thấp,Nguồn: mixed_proxy_thieu_du_lieu; hạ tầng proxy yếu; thiếu POI/nguồn kiểm định,OpenStreetMap; Open-Meteo; OTA snapshot; destination graph,20/05/2026 22:18,
tuy_hoa,Tuy Hòa,Điểm rủi ro thời tiết,50.0,43.75,Thấp,Nguồn: mixed_proxy_thieu_du_lieu; hạ tầng proxy yếu; thiếu POI/nguồn kiểm định,OpenStreetMap; Open-Meteo; OTA snapshot; destination graph,20/05/2026 22:18,
tuy_hoa,Tuy Hòa,Điểm sẵn sàng hạ tầng,35.0,43.75,Thấp,Nguồn: mixed_proxy_thieu_du_lieu; hạ tầng proxy yếu; thiếu POI/nguồn kiểm định,OpenStreetMap; Open-Meteo; OTA snapshot; destination graph,20/05/2026 22:18,
tuy_hoa,Tuy Hòa,Điểm cơ hội kinh tế,25.05,43.75,Thấp,Nguồn: mixed_proxy_thieu_du_lieu; hạ tầng proxy yếu; thiếu POI/nguồn kiểm định,OpenStreetMap; Open-Meteo; OTA snapshot; destination graph,20/05/2026 22:18,
tuy_hoa,Tuy Hòa,Điểm điều phối khách,35.0,43.75,Thấp,Nguồn: mixed_proxy_thieu_du_lieu; hạ tầng proxy yếu; thiếu POI/nguồn kiểm định,OpenStreetMap; Open-Meteo; OTA snapshot; destination graph,20/05/2026 22:18,
ha_tien,Hà Tiên,Điểm áp lực điểm đến,36.0,43.75,Thấp,Nguồn: mixed_proxy_thieu_du_lieu; hạ tầng proxy yếu; thiếu POI/nguồn kiểm định,OpenStreetMap; Open-Meteo; OTA snapshot; destination graph,20/05/2026 22:18,
ha_tien,Hà Tiên,Điểm rủi ro thời tiết,50.0,43.75,Thấp,Nguồn: mixed_proxy_thieu_du_lieu; hạ tầng proxy yếu; thiếu POI/nguồn kiểm định,OpenStreetMap; Open-Meteo; OTA snapshot; destination graph,20/05/2026 22:18,
ha_tien,Hà Tiên,Điểm sẵn sàng hạ tầng,35.0,43.75,Thấp,Nguồn: mixed_proxy_thieu_du_lieu; hạ tầng proxy yếu; thiếu POI/nguồn kiểm định,OpenStreetMap; Open-Meteo; OTA snapshot; destination graph,20/05/2026 22:18,
ha_tien,Hà Tiên,Điểm cơ hội kinh tế,25.05,43.75,Thấp,Nguồn: mixed_proxy_thieu_du_lieu; hạ tầng proxy yếu; thiếu POI/nguồn kiểm định,OpenStreetMap; Open-Meteo; OTA snapshot; destination graph,20/05/2026 22:18,
ha_tien,Hà Tiên,Điểm điều phối khách,35.0,43.75,Thấp,Nguồn: mixed_proxy_thieu_du_lieu; hạ tầng proxy yếu; thiếu POI/nguồn kiểm định,OpenStreetMap; Open-Meteo; OTA snapshot; destination graph,20/05/2026 22:18,
co_to,Cô Tô,Điểm áp lực điểm đến,36.0,43.75,Thấp,Nguồn: mixed_proxy_thieu_du_lieu; hạ tầng proxy yếu; thiếu POI/nguồn kiểm định,OpenStreetMap; Open-Meteo; OTA snapshot; destination graph,20/05/2026 22:18,
co_to,Cô Tô,Điểm rủi ro thời tiết,50.0,43.75,Thấp,Nguồn: mixed_proxy_thieu_du_lieu; hạ tầng proxy yếu; thiếu POI/nguồn kiểm định,OpenStreetMap; Open-Meteo; OTA snapshot; destination graph,20/05/2026 22:18,
co_to,Cô Tô,Điểm sẵn sàng hạ tầng,35.0,43.75,Thấp,Nguồn: mixed_proxy_thieu_du_lieu; hạ tầng proxy yếu; thiếu POI/nguồn kiểm định,OpenStreetMap; Open-Meteo; OTA snapshot; destination graph,20/05/2026 22:18,
co_to,Cô Tô,Điểm cơ hội kinh tế,25.05,43.75,Thấp,Nguồn: mixed_proxy_thieu_du_lieu; hạ tầng proxy yếu; thiếu POI/nguồn kiểm định,OpenStreetMap; Open-Meteo; OTA snapshot; destination graph,20/05/2026 22:18,
co_to,Cô Tô,Điểm điều phối khách,35.0,43.75,Thấp,Nguồn: mixed_proxy_thieu_du_lieu; hạ tầng proxy yếu; thiếu POI/nguồn kiểm định,OpenStreetMap; Open-Meteo; OTA snapshot; destination graph,20/05/2026 22:18,
tra_co,Trà Cổ,Điểm áp lực điểm đến,36.0,43.75,Thấp,Nguồn: mixed_proxy_thieu_du_lieu; hạ tầng proxy yếu; thiếu POI/nguồn kiểm định,OpenStreetMap; Open-Meteo; OTA snapshot; destination graph,20/05/2026 22:18,
tra_co,Trà Cổ,Điểm rủi ro thời tiết,50.0,43.75,Thấp,Nguồn: mixed_proxy_thieu_du_lieu; hạ tầng proxy yếu; thiếu POI/nguồn kiểm định,OpenStreetMap; Open-Meteo; OTA snapshot; destination graph,20/05/2026 22:18,
tra_co,Trà Cổ,Điểm sẵn sàng hạ tầng,35.0,43.75,Thấp,Nguồn: mixed_proxy_thieu_du_lieu; hạ tầng proxy yếu; thiếu POI/nguồn kiểm định,OpenStreetMap; Open-Meteo; OTA snapshot; destination graph,20/05/2026 22:18,
tra_co,Trà Cổ,Điểm cơ hội kinh tế,25.05,43.75,Thấp,Nguồn: mixed_proxy_thieu_du_lieu; hạ tầng proxy yếu; thiếu POI/nguồn kiểm định,OpenStreetMap; Open-Meteo; OTA snapshot; destination graph,20/05/2026 22:18,
tra_co,Trà Cổ,Điểm điều phối khách,35.0,43.75,Thấp,Nguồn: mixed_proxy_thieu_du_lieu; hạ tầng proxy yếu; thiếu POI/nguồn kiểm định,OpenStreetMap; Open-Meteo; OTA snapshot; destination graph,20/05/2026 22:18,
ho_tram,Hồ Tràm,Điểm áp lực điểm đến,36.0,43.75,Thấp,Nguồn: mixed_proxy_thieu_du_lieu; hạ tầng proxy yếu; thiếu POI/nguồn kiểm định,OpenStreetMap; Open-Meteo; OTA snapshot; destination graph,20/05/2026 22:18,
ho_tram,Hồ Tràm,Điểm rủi ro thời tiết,50.0,43.75,Thấp,Nguồn: mixed_proxy_thieu_du_lieu; hạ tầng proxy yếu; thiếu POI/nguồn kiểm định,OpenStreetMap; Open-Meteo; OTA snapshot; destination graph,20/05/2026 22:18,
ho_tram,Hồ Tràm,Điểm sẵn sàng hạ tầng,35.0,43.75,Thấp,Nguồn: mixed_proxy_thieu_du_lieu; hạ tầng proxy yếu; thiếu POI/nguồn kiểm định,OpenStreetMap; Open-Meteo; OTA snapshot; destination graph,20/05/2026 22:18,
ho_tram,Hồ Tràm,Điểm cơ hội kinh tế,25.05,43.75,Thấp,Nguồn: mixed_proxy_thieu_du_lieu; hạ tầng proxy yếu; thiếu POI/nguồn kiểm định,OpenStreetMap; Open-Meteo; OTA snapshot; destination graph,20/05/2026 22:18,
ho_tram,Hồ Tràm,Điểm điều phối khách,35.0,43.75,Thấp,Nguồn: mixed_proxy_thieu_du_lieu; hạ tầng proxy yếu; thiếu POI/nguồn kiểm định,OpenStreetMap; Open-Meteo; OTA snapshot; destination graph,20/05/2026 22:18,
can_gio,Cần Giờ,Điểm áp lực điểm đến,36.0,43.75,Thấp,Nguồn: mixed_proxy_thieu_du_lieu; hạ tầng proxy yếu; thiếu POI/nguồn kiểm định,OpenStreetMap; Open-Meteo; OTA snapshot; destination graph,20/05/2026 22:18,
can_gio,Cần Giờ,Điểm rủi ro thời tiết,50.0,43.75,Thấp,Nguồn: mixed_proxy_thieu_du_lieu; hạ tầng proxy yếu; thiếu POI/nguồn kiểm định,OpenStreetMap; Open-Meteo; OTA snapshot; destination graph,20/05/2026 22:18,
can_gio,Cần Giờ,Điểm sẵn sàng hạ tầng,35.0,43.75,Thấp,Nguồn: mixed_proxy_thieu_du_lieu; hạ tầng proxy yếu; thiếu POI/nguồn kiểm định,OpenStreetMap; Open-Meteo; OTA snapshot; destination graph,20/05/2026 22:18,
can_gio,Cần Giờ,Điểm cơ hội kinh tế,25.05,43.75,Thấp,Nguồn: mixed_proxy_thieu_du_lieu; hạ tầng proxy yếu; thiếu POI/nguồn kiểm định,OpenStreetMap; Open-Meteo; OTA snapshot; destination graph,20/05/2026 22:18,
can_gio,Cần Giờ,Điểm điều phối khách,35.0,43.75,Thấp,Nguồn: mixed_proxy_thieu_du_lieu; hạ tầng proxy yếu; thiếu POI/nguồn kiểm định,OpenStreetMap; Open-Meteo; OTA snapshot; destination graph,20/05/2026 22:18,
hon_son,Hòn Sơn,Điểm áp lực điểm đến,36.0,43.75,Thấp,Nguồn: mixed_proxy_thieu_du_lieu; hạ tầng proxy yếu; thiếu POI/nguồn kiểm định,OpenStreetMap; Open-Meteo; OTA snapshot; destination graph,20/05/2026 22:18,
hon_son,Hòn Sơn,Điểm rủi ro thời tiết,50.0,43.75,Thấp,Nguồn: mixed_proxy_thieu_du_lieu; hạ tầng proxy yếu; thiếu POI/nguồn kiểm định,OpenStreetMap; Open-Meteo; OTA snapshot; destination graph,20/05/2026 22:18,
hon_son,Hòn Sơn,Điểm sẵn sàng hạ tầng,35.0,43.75,Thấp,Nguồn: mixed_proxy_thieu_du_lieu; hạ tầng proxy yếu; thiếu POI/nguồn kiểm định,OpenStreetMap; Open-Meteo; OTA snapshot; destination graph,20/05/2026 22:18,
hon_son,Hòn Sơn,Điểm cơ hội kinh tế,25.05,43.75,Thấp,Nguồn: mixed_proxy_thieu_du_lieu; hạ tầng proxy yếu; thiếu POI/nguồn kiểm định,OpenStreetMap; Open-Meteo; OTA snapshot; destination graph,20/05/2026 22:18,
hon_son,Hòn Sơn,Điểm điều phối khách,35.0,43.75,Thấp,Nguồn: mixed_proxy_thieu_du_lieu; hạ tầng proxy yếu; thiếu POI/nguồn kiểm định,OpenStreetMap; Open-Meteo; OTA snapshot; destination graph,20/05/2026 22:18,
nam_du,Nam Du,Điểm áp lực điểm đến,36.0,43.75,Thấp,Nguồn: mixed_proxy_thieu_du_lieu; hạ tầng proxy yếu; thiếu POI/nguồn kiểm định,OpenStreetMap; Open-Meteo; OTA snapshot; destination graph,20/05/2026 22:18,
nam_du,Nam Du,Điểm rủi ro thời tiết,50.0,43.75,Thấp,Nguồn: mixed_proxy_thieu_du_lieu; hạ tầng proxy yếu; thiếu POI/nguồn kiểm định,OpenStreetMap; Open-Meteo; OTA snapshot; destination graph,20/05/2026 22:18,
nam_du,Nam Du,Điểm sẵn sàng hạ tầng,35.0,43.75,Thấp,Nguồn: mixed_proxy_thieu_du_lieu; hạ tầng proxy yếu; thiếu POI/nguồn kiểm định,OpenStreetMap; Open-Meteo; OTA snapshot; destination graph,20/05/2026 22:18,
nam_du,Nam Du,Điểm cơ hội kinh tế,25.05,43.75,Thấp,Nguồn: mixed_proxy_thieu_du_lieu; hạ tầng proxy yếu; thiếu POI/nguồn kiểm định,OpenStreetMap; Open-Meteo; OTA snapshot; destination graph,20/05/2026 22:18,
nam_du,Nam Du,Điểm điều phối khách,35.0,43.75,Thấp,Nguồn: mixed_proxy_thieu_du_lieu; hạ tầng proxy yếu; thiếu POI/nguồn kiểm định,OpenStreetMap; Open-Meteo; OTA snapshot; destination graph,20/05/2026 22:18,
bac_lieu,Bạc Liêu,Điểm áp lực điểm đến,36.0,43.75,Thấp,Nguồn: mixed_proxy_thieu_du_lieu; hạ tầng proxy yếu; thiếu POI/nguồn kiểm định,OpenStreetMap; Open-Meteo; OTA snapshot; destination graph,20/05/2026 22:18,
bac_lieu,Bạc Liêu,Điểm rủi ro thời tiết,50.0,43.75,Thấp,Nguồn: mixed_proxy_thieu_du_lieu; hạ tầng proxy yếu; thiếu POI/nguồn kiểm định,OpenStreetMap; Open-Meteo; OTA snapshot; destination graph,20/05/2026 22:18,
bac_lieu,Bạc Liêu,Điểm sẵn sàng hạ tầng,35.0,43.75,Thấp,Nguồn: mixed_proxy_thieu_du_lieu; hạ tầng proxy yếu; thiếu POI/nguồn kiểm định,OpenStreetMap; Open-Meteo; OTA snapshot; destination graph,20/05/2026 22:18,
bac_lieu,Bạc Liêu,Điểm cơ hội kinh tế,25.05,43.75,Thấp,Nguồn: mixed_proxy_thieu_du_lieu; hạ tầng proxy yếu; thiếu POI/nguồn kiểm định,OpenStreetMap; Open-Meteo; OTA snapshot; destination graph,20/05/2026 22:18,
bac_lieu,Bạc Liêu,Điểm điều phối khách,35.0,43.75,Thấp,Nguồn: mixed_proxy_thieu_du_lieu; hạ tầng proxy yếu; thiếu POI/nguồn kiểm định,OpenStreetMap; Open-Meteo; OTA snapshot; destination graph,20/05/2026 22:18,
ca_mau_dat_mui,Đất Mũi Cà Mau,Điểm áp lực điểm đến,36.0,43.75,Thấp,Nguồn: mixed_proxy_thieu_du_lieu; hạ tầng proxy yếu; thiếu POI/nguồn kiểm định,OpenStreetMap; Open-Meteo; OTA snapshot; destination graph,20/05/2026 22:18,
ca_mau_dat_mui,Đất Mũi Cà Mau,Điểm rủi ro thời tiết,50.0,43.75,Thấp,Nguồn: mixed_proxy_thieu_du_lieu; hạ tầng proxy yếu; thiếu POI/nguồn kiểm định,OpenStreetMap; Open-Meteo; OTA snapshot; destination graph,20/05/2026 22:18,
ca_mau_dat_mui,Đất Mũi Cà Mau,Điểm sẵn sàng hạ tầng,35.0,43.75,Thấp,Nguồn: mixed_proxy_thieu_du_lieu; hạ tầng proxy yếu; thiếu POI/nguồn kiểm định,OpenStreetMap; Open-Meteo; OTA snapshot; destination graph,20/05/2026 22:18,
ca_mau_dat_mui,Đất Mũi Cà Mau,Điểm cơ hội kinh tế,25.05,43.75,Thấp,Nguồn: mixed_proxy_thieu_du_lieu; hạ tầng proxy yếu; thiếu POI/nguồn kiểm định,OpenStreetMap; Open-Meteo; OTA snapshot; destination graph,20/05/2026 22:18,
ca_mau_dat_mui,Đất Mũi Cà Mau,Điểm điều phối khách,35.0,43.75,Thấp,Nguồn: mixed_proxy_thieu_du_lieu; hạ tầng proxy yếu; thiếu POI/nguồn kiểm định,OpenStreetMap; Open-Meteo; OTA snapshot; destination graph,20/05/2026 22:18,
soc_trang,Sóc Trăng,Điểm áp lực điểm đến,36.0,43.75,Thấp,Nguồn: mixed_proxy_thieu_du_lieu; hạ tầng proxy yếu; thiếu POI/nguồn kiểm định,OpenStreetMap; Open-Meteo; OTA snapshot; destination graph,20/05/2026 22:18,
soc_trang,Sóc Trăng,Điểm rủi ro thời tiết,50.0,43.75,Thấp,Nguồn: mixed_proxy_thieu_du_lieu; hạ tầng proxy yếu; thiếu POI/nguồn kiểm định,OpenStreetMap; Open-Meteo; OTA snapshot; destination graph,20/05/2026 22:18,
soc_trang,Sóc Trăng,Điểm sẵn sàng hạ tầng,35.0,43.75,Thấp,Nguồn: mixed_proxy_thieu_du_lieu; hạ tầng proxy yếu; thiếu POI/nguồn kiểm định,OpenStreetMap; Open-Meteo; OTA snapshot; destination graph,20/05/2026 22:18,
soc_trang,Sóc Trăng,Điểm cơ hội kinh tế,25.05,43.75,Thấp,Nguồn: mixed_proxy_thieu_du_lieu; hạ tầng proxy yếu; thiếu POI/nguồn kiểm định,OpenStreetMap; Open-Meteo; OTA snapshot; destination graph,20/05/2026 22:18,
soc_trang,Sóc Trăng,Điểm điều phối khách,35.0,43.75,Thấp,Nguồn: mixed_proxy_thieu_du_lieu; hạ tầng proxy yếu; thiếu POI/nguồn kiểm định,OpenStreetMap; Open-Meteo; OTA snapshot; destination graph,20/05/2026 22:18,
tra_vinh,Trà Vinh,Điểm áp lực điểm đến,36.0,43.75,Thấp,Nguồn: mixed_proxy_thieu_du_lieu; hạ tầng proxy yếu; thiếu POI/nguồn kiểm định,OpenStreetMap; Open-Meteo; OTA snapshot; destination graph,20/05/2026 22:18,
tra_vinh,Trà Vinh,Điểm rủi ro thời tiết,50.0,43.75,Thấp,Nguồn: mixed_proxy_thieu_du_lieu; hạ tầng proxy yếu; thiếu POI/nguồn kiểm định,OpenStreetMap; Open-Meteo; OTA snapshot; destination graph,20/05/2026 22:18,
tra_vinh,Trà Vinh,Điểm sẵn sàng hạ tầng,35.0,43.75,Thấp,Nguồn: mixed_proxy_thieu_du_lieu; hạ tầng proxy yếu; thiếu POI/nguồn kiểm định,OpenStreetMap; Open-Meteo; OTA snapshot; destination graph,20/05/2026 22:18,
tra_vinh,Trà Vinh,Điểm cơ hội kinh tế,25.05,43.75,Thấp,Nguồn: mixed_proxy_thieu_du_lieu; hạ tầng proxy yếu; thiếu POI/nguồn kiểm định,OpenStreetMap; Open-Meteo; OTA snapshot; destination graph,20/05/2026 22:18,
tra_vinh,Trà Vinh,Điểm điều phối khách,35.0,43.75,Thấp,Nguồn: mixed_proxy_thieu_du_lieu; hạ tầng proxy yếu; thiếu POI/nguồn kiểm định,OpenStreetMap; Open-Meteo; OTA snapshot; destination graph,20/05/2026 22:18,
do_son,Đồ Sơn,Điểm áp lực điểm đến,36.0,43.75,Thấp,Nguồn: mixed_proxy_thieu_du_lieu; hạ tầng proxy yếu; thiếu POI/nguồn kiểm định,OpenStreetMap; Open-Meteo; OTA snapshot; destination graph,20/05/2026 22:18,
do_son,Đồ Sơn,Điểm rủi ro thời tiết,50.0,43.75,Thấp,Nguồn: mixed_proxy_thieu_du_lieu; hạ tầng proxy yếu; thiếu POI/nguồn kiểm định,OpenStreetMap; Open-Meteo; OTA snapshot; destination graph,20/05/2026 22:18,
do_son,Đồ Sơn,Điểm sẵn sàng hạ tầng,35.0,43.75,Thấp,Nguồn: mixed_proxy_thieu_du_lieu; hạ tầng proxy yếu; thiếu POI/nguồn kiểm định,OpenStreetMap; Open-Meteo; OTA snapshot; destination graph,20/05/2026 22:18,
do_son,Đồ Sơn,Điểm cơ hội kinh tế,25.05,43.75,Thấp,Nguồn: mixed_proxy_thieu_du_lieu; hạ tầng proxy yếu; thiếu POI/nguồn kiểm định,OpenStreetMap; Open-Meteo; OTA snapshot; destination graph,20/05/2026 22:18,
do_son,Đồ Sơn,Điểm điều phối khách,35.0,43.75,Thấp,Nguồn: mixed_proxy_thieu_du_lieu; hạ tầng proxy yếu; thiếu POI/nguồn kiểm định,OpenStreetMap; Open-Meteo; OTA snapshot; destination graph,20/05/2026 22:18,
thinh_long,Thịnh Long,Điểm áp lực điểm đến,36.0,43.75,Thấp,Nguồn: mixed_proxy_thieu_du_lieu; hạ tầng proxy yếu; thiếu POI/nguồn kiểm định,OpenStreetMap; Open-Meteo; OTA snapshot; destination graph,20/05/2026 22:18,
thinh_long,Thịnh Long,Điểm rủi ro thời tiết,50.0,43.75,Thấp,Nguồn: mixed_proxy_thieu_du_lieu; hạ tầng proxy yếu; thiếu POI/nguồn kiểm định,OpenStreetMap; Open-Meteo; OTA snapshot; destination graph,20/05/2026 22:18,
thinh_long,Thịnh Long,Điểm sẵn sàng hạ tầng,35.0,43.75,Thấp,Nguồn: mixed_proxy_thieu_du_lieu; hạ tầng proxy yếu; thiếu POI/nguồn kiểm định,OpenStreetMap; Open-Meteo; OTA snapshot; destination graph,20/05/2026 22:18,
thinh_long,Thịnh Long,Điểm cơ hội kinh tế,25.05,43.75,Thấp,Nguồn: mixed_proxy_thieu_du_lieu; hạ tầng proxy yếu; thiếu POI/nguồn kiểm định,OpenStreetMap; Open-Meteo; OTA snapshot; destination graph,20/05/2026 22:18,
thinh_long,Thịnh Long,Điểm điều phối khách,35.0,43.75,Thấp,Nguồn: mixed_proxy_thieu_du_lieu; hạ tầng proxy yếu; thiếu POI/nguồn kiểm định,OpenStreetMap; Open-Meteo; OTA snapshot; destination graph,20/05/2026 22:18,
moc_chau,Mộc Châu,Điểm áp lực điểm đến,34.61,61.5,Trung bình,Nguồn: mixed_proxy_thieu_du_lieu; hạ tầng proxy yếu; thiếu POI/nguồn kiểm định,OpenStreetMap; Open-Meteo; OTA snapshot; destination graph,20/05/2026 22:18,
moc_chau,Mộc Châu,Điểm rủi ro thời tiết,46.02,61.5,Trung bình,Nguồn: mixed_proxy_thieu_du_lieu; hạ tầng proxy yếu; thiếu POI/nguồn kiểm định,OpenStreetMap; Open-Meteo; OTA snapshot; destination graph,20/05/2026 22:18,
moc_chau,Mộc Châu,Điểm sẵn sàng hạ tầng,32.1,61.5,Trung bình,Nguồn: mixed_proxy_thieu_du_lieu; hạ tầng proxy yếu; thiếu POI/nguồn kiểm định,OpenStreetMap; Open-Meteo; OTA snapshot; destination graph,20/05/2026 22:18,
moc_chau,Mộc Châu,Điểm cơ hội kinh tế,24.31,61.5,Trung bình,Nguồn: mixed_proxy_thieu_du_lieu; hạ tầng proxy yếu; thiếu POI/nguồn kiểm định,OpenStreetMap; Open-Meteo; OTA snapshot; destination graph,20/05/2026 22:18,
moc_chau,Mộc Châu,Điểm điều phối khách,35.0,61.5,Trung bình,Nguồn: mixed_proxy_thieu_du_lieu; hạ tầng proxy yếu; thiếu POI/nguồn kiểm định,OpenStreetMap; Open-Meteo; OTA snapshot; destination graph,20/05/2026 22:18,
ben_tre,Bến Tre,Điểm áp lực điểm đến,33.56,61.5,Trung bình,Nguồn: mixed_proxy_thieu_du_lieu; hạ tầng proxy yếu; thiếu POI/nguồn kiểm định,OpenStreetMap; Open-Meteo; OTA snapshot; destination graph,20/05/2026 22:18,
ben_tre,Bến Tre,Điểm rủi ro thời tiết,43.02,61.5,Trung bình,Nguồn: mixed_proxy_thieu_du_lieu; hạ tầng proxy yếu; thiếu POI/nguồn kiểm định,OpenStreetMap; Open-Meteo; OTA snapshot; destination graph,20/05/2026 22:18,
ben_tre,Bến Tre,Điểm sẵn sàng hạ tầng,32.84,61.5,Trung bình,Nguồn: mixed_proxy_thieu_du_lieu; hạ tầng proxy yếu; thiếu POI/nguồn kiểm định,OpenStreetMap; Open-Meteo; OTA snapshot; destination graph,20/05/2026 22:18,
ben_tre,Bến Tre,Điểm cơ hội kinh tế,24.78,61.5,Trung bình,Nguồn: mixed_proxy_thieu_du_lieu; hạ tầng proxy yếu; thiếu POI/nguồn kiểm định,OpenStreetMap; Open-Meteo; OTA snapshot; destination graph,20/05/2026 22:18,
ben_tre,Bến Tre,Điểm điều phối khách,35.0,61.5,Trung bình,Nguồn: mixed_proxy_thieu_du_lieu; hạ tầng proxy yếu; thiếu POI/nguồn kiểm định,OpenStreetMap; Open-Meteo; OTA snapshot; destination graph,20/05/2026 22:18,
an_giang,An Giang,Điểm áp lực điểm đến,32.63,61.5,Trung bình,Nguồn: mixed_proxy_thieu_du_lieu; hạ tầng proxy yếu; thiếu POI/nguồn kiểm định,OpenStreetMap; Open-Meteo; OTA snapshot; destination graph,20/05/2026 22:18,
an_giang,An Giang,Điểm rủi ro thời tiết,40.38,61.5,Trung bình,Nguồn: mixed_proxy_thieu_du_lieu; hạ tầng proxy yếu; thiếu POI/nguồn kiểm định,OpenStreetMap; Open-Meteo; OTA snapshot; destination graph,20/05/2026 22:18,
an_giang,An Giang,Điểm sẵn sàng hạ tầng,33.51,61.5,Trung bình,Nguồn: mixed_proxy_thieu_du_lieu; hạ tầng proxy yếu; thiếu POI/nguồn kiểm định,OpenStreetMap; Open-Meteo; OTA snapshot; destination graph,20/05/2026 22:18,
an_giang,An Giang,Điểm cơ hội kinh tế,25.2,61.5,Trung bình,Nguồn: mixed_proxy_thieu_du_lieu; hạ tầng proxy yếu; thiếu POI/nguồn kiểm định,OpenStreetMap; Open-Meteo; OTA snapshot; destination graph,20/05/2026 22:18,
an_giang,An Giang,Điểm điều phối khách,35.0,61.5,Trung bình,Nguồn: mixed_proxy_thieu_du_lieu; hạ tầng proxy yếu; thiếu POI/nguồn kiểm định,OpenStreetMap; Open-Meteo; OTA snapshot; destination graph,20/05/2026 22:18,
can_tho,Cần Thơ,Điểm áp lực điểm đến,32.07,61.5,Trung bình,Nguồn: mixed_proxy_thieu_du_lieu; hạ tầng proxy yếu; thiếu POI/nguồn kiểm định,OpenStreetMap; Open-Meteo; OTA snapshot; destination graph,20/05/2026 22:18,
can_tho,Cần Thơ,Điểm rủi ro thời tiết,38.76,61.5,Trung bình,Nguồn: mixed_proxy_thieu_du_lieu; hạ tầng proxy yếu; thiếu POI/nguồn kiểm định,OpenStreetMap; Open-Meteo; OTA snapshot; destination graph,20/05/2026 22:18,
can_tho,Cần Thơ,Điểm sẵn sàng hạ tầng,34.92,61.5,Trung bình,Nguồn: mixed_proxy_thieu_du_lieu; hạ tầng proxy yếu; thiếu POI/nguồn kiểm định,OpenStreetMap; Open-Meteo; OTA snapshot; destination graph,20/05/2026 22:18,
can_tho,Cần Thơ,Điểm cơ hội kinh tế,27.16,61.5,Trung bình,Nguồn: mixed_proxy_thieu_du_lieu; hạ tầng proxy yếu; thiếu POI/nguồn kiểm định,OpenStreetMap; Open-Meteo; OTA snapshot; destination graph,20/05/2026 22:18,
can_tho,Cần Thơ,Điểm điều phối khách,35.0,61.5,Trung bình,Nguồn: mixed_proxy_thieu_du_lieu; hạ tầng proxy yếu; thiếu POI/nguồn kiểm định,OpenStreetMap; Open-Meteo; OTA snapshot; destination graph,20/05/2026 22:18,
nha_trang,Nha Trang,Điểm áp lực điểm đến,28.72,61.5,Trung bình,Nguồn: mixed_proxy_thieu_du_lieu; thiếu POI/nguồn kiểm định,OpenStreetMap; Open-Meteo; OTA snapshot; destination graph,20/05/2026 22:18,
nha_trang,Nha Trang,Điểm rủi ro thời tiết,43.08,61.5,Trung bình,Nguồn: mixed_proxy_thieu_du_lieu; thiếu POI/nguồn kiểm định,OpenStreetMap; Open-Meteo; OTA snapshot; destination graph,20/05/2026 22:18,
nha_trang,Nha Trang,Điểm sẵn sàng hạ tầng,50.78,61.5,Trung bình,Nguồn: mixed_proxy_thieu_du_lieu; thiếu POI/nguồn kiểm định,OpenStreetMap; Open-Meteo; OTA snapshot; destination graph,20/05/2026 22:18,
nha_trang,Nha Trang,Điểm cơ hội kinh tế,46.63,61.5,Trung bình,Nguồn: mixed_proxy_thieu_du_lieu; thiếu POI/nguồn kiểm định,OpenStreetMap; Open-Meteo; OTA snapshot; destination graph,20/05/2026 22:18,
nha_trang,Nha Trang,Điểm điều phối khách,35.0,61.5,Trung bình,Nguồn: mixed_proxy_thieu_du_lieu; thiếu POI/nguồn kiểm định,OpenStreetMap; Open-Meteo; OTA snapshot; destination graph,20/05/2026 22:18,
con_dao,Côn Đảo,Điểm áp lực điểm đến,27.69,61.5,Trung bình,Nguồn: mixed_proxy_thieu_du_lieu; hạ tầng proxy yếu; thiếu POI/nguồn kiểm định,OpenStreetMap; Open-Meteo; OTA snapshot; destination graph,20/05/2026 22:18,
con_dao,Côn Đảo,Điểm rủi ro thời tiết,65.62,61.5,Trung bình,Nguồn: mixed_proxy_thieu_du_lieu; hạ tầng proxy yếu; thiếu POI/nguồn kiểm định,OpenStreetMap; Open-Meteo; OTA snapshot; destination graph,20/05/2026 22:18,
con_dao,Côn Đảo,Điểm sẵn sàng hạ tầng,36.71,61.5,Trung bình,Nguồn: mixed_proxy_thieu_du_lieu; hạ tầng proxy yếu; thiếu POI/nguồn kiểm định,OpenStreetMap; Open-Meteo; OTA snapshot; destination graph,20/05/2026 22:18,
con_dao,Côn Đảo,Điểm cơ hội kinh tế,30.01,61.5,Trung bình,Nguồn: mixed_proxy_thieu_du_lieu; hạ tầng proxy yếu; thiếu POI/nguồn kiểm định,OpenStreetMap; Open-Meteo; OTA snapshot; destination graph,20/05/2026 22:18,
con_dao,Côn Đảo,Điểm điều phối khách,35.0,61.5,Trung bình,Nguồn: mixed_proxy_thieu_du_lieu; hạ tầng proxy yếu; thiếu POI/nguồn kiểm định,OpenStreetMap; Open-Meteo; OTA snapshot; destination graph,20/05/2026 22:18,
sa_pa,Sa Pa,Điểm áp lực điểm đến,24.69,61.5,Trung bình,Nguồn: mixed_proxy_thieu_du_lieu; thiếu POI/nguồn kiểm định,OpenStreetMap; Open-Meteo; OTA snapshot; destination graph,20/05/2026 22:18,
sa_pa,Sa Pa,Điểm rủi ro thời tiết,50.8,61.5,Trung bình,Nguồn: mixed_proxy_thieu_du_lieu; thiếu POI/nguồn kiểm định,OpenStreetMap; Open-Meteo; OTA snapshot; destination graph,20/05/2026 22:18,
sa_pa,Sa Pa,Điểm sẵn sàng hạ tầng,44.99,61.5,Trung bình,Nguồn: mixed_proxy_thieu_du_lieu; thiếu POI/nguồn kiểm định,OpenStreetMap; Open-Meteo; OTA snapshot; destination graph,20/05/2026 22:18,
sa_pa,Sa Pa,Điểm cơ hội kinh tế,39.64,61.5,Trung bình,Nguồn: mixed_proxy_thieu_du_lieu; thiếu POI/nguồn kiểm định,OpenStreetMap; Open-Meteo; OTA snapshot; destination graph,20/05/2026 22:18,
sa_pa,Sa Pa,Điểm điều phối khách,35.0,61.5,Trung bình,Nguồn: mixed_proxy_thieu_du_lieu; thiếu POI/nguồn kiểm định,OpenStreetMap; Open-Meteo; OTA snapshot; destination graph,20/05/2026 22:18,
ho_chi_minh_city,TP Hồ Chí Minh,Điểm áp lực điểm đến,16.48,61.5,Trung bình,Nguồn: mixed_proxy_thieu_du_lieu; thiếu POI/nguồn kiểm định,OpenStreetMap; Open-Meteo; OTA snapshot; destination graph,20/05/2026 22:18,
ho_chi_minh_city,TP Hồ Chí Minh,Điểm rủi ro thời tiết,47.1,61.5,Trung bình,Nguồn: mixed_proxy_thieu_du_lieu; thiếu POI/nguồn kiểm định,OpenStreetMap; Open-Meteo; OTA snapshot; destination graph,20/05/2026 22:18,
ho_chi_minh_city,TP Hồ Chí Minh,Điểm sẵn sàng hạ tầng,40.17,61.5,Trung bình,Nguồn: mixed_proxy_thieu_du_lieu; thiếu POI/nguồn kiểm định,OpenStreetMap; Open-Meteo; OTA snapshot; destination graph,20/05/2026 22:18,
ho_chi_minh_city,TP Hồ Chí Minh,Điểm cơ hội kinh tế,32.66,61.5,Trung bình,Nguồn: mixed_proxy_thieu_du_lieu; thiếu POI/nguồn kiểm định,OpenStreetMap; Open-Meteo; OTA snapshot; destination graph,20/05/2026 22:18,
ho_chi_minh_city,TP Hồ Chí Minh,Điểm điều phối khách,75.2,61.5,Trung bình,Nguồn: mixed_proxy_thieu_du_lieu; thiếu POI/nguồn kiểm định,OpenStreetMap; Open-Meteo; OTA snapshot; destination graph,20/05/2026 22:18,
da_lat,Đà Lạt,Điểm áp lực điểm đến,16.38,61.5,Trung bình,Nguồn: mixed_proxy_thieu_du_lieu; thiếu POI/nguồn kiểm định,OpenStreetMap; Open-Meteo; OTA snapshot; destination graph,20/05/2026 22:18,
da_lat,Đà Lạt,Điểm rủi ro thời tiết,41.74,61.5,Trung bình,Nguồn: mixed_proxy_thieu_du_lieu; thiếu POI/nguồn kiểm định,OpenStreetMap; Open-Meteo; OTA snapshot; destination graph,20/05/2026 22:18,
da_lat,Đà Lạt,Điểm sẵn sàng hạ tầng,55.42,61.5,Trung bình,Nguồn: mixed_proxy_thieu_du_lieu; thiếu POI/nguồn kiểm định,OpenStreetMap; Open-Meteo; OTA snapshot; destination graph,20/05/2026 22:18,
da_lat,Đà Lạt,Điểm cơ hội kinh tế,56.12,61.5,Trung bình,Nguồn: mixed_proxy_thieu_du_lieu; thiếu POI/nguồn kiểm định,OpenStreetMap; Open-Meteo; OTA snapshot; destination graph,20/05/2026 22:18,
da_lat,Đà Lạt,Điểm điều phối khách,35.0,61.5,Trung bình,Nguồn: mixed_proxy_thieu_du_lieu; thiếu POI/nguồn kiểm định,OpenStreetMap; Open-Meteo; OTA snapshot; destination graph,20/05/2026 22:18,
