destination_id,ten_diem_den,flight_price_signal,loai_du_lieu,tooltip,last_updated
ha_long,Ha Long,thiếu nguồn hợp lệ,partner_api_required,Cần API hàng không/OTA được phép dùng; SEA không bịa tín hiệu giá vé máy bay.,20/05/2026 17:21
cat_ba,Cat Ba,thiếu nguồn hợp lệ,partner_api_required,Cần API hàng không/OTA được phép dùng; SEA không bịa tín hiệu giá vé máy bay.,20/05/2026 17:21
quy_nhon,Quy Nhon,thiếu nguồn hợp lệ,partner_api_required,Cần API hàng không/OTA được phép dùng; SEA không bịa tín hiệu giá vé máy bay.,20/05/2026 17:21
da_nang,Da Nang,thiếu nguồn hợp lệ,partner_api_required,Cần API hàng không/OTA được phép dùng; SEA không bịa tín hiệu giá vé máy bay.,20/05/2026 17:21
mui_ne,Mui Ne,thiếu nguồn hợp lệ,partner_api_required,Cần API hàng không/OTA được phép dùng; SEA không bịa tín hiệu giá vé máy bay.,20/05/2026 17:21
sam_son,Sam Son,thiếu nguồn hợp lệ,partner_api_required,Cần API hàng không/OTA được phép dùng; SEA không bịa tín hiệu giá vé máy bay.,20/05/2026 17:21
hoi_an,Hoi An,thiếu nguồn hợp lệ,partner_api_required,Cần API hàng không/OTA được phép dùng; SEA không bịa tín hiệu giá vé máy bay.,20/05/2026 17:21
hue,Hue,thiếu nguồn hợp lệ,partner_api_required,Cần API hàng không/OTA được phép dùng; SEA không bịa tín hiệu giá vé máy bay.,20/05/2026 17:21
vung_tau,Vung Tau,thiếu nguồn hợp lệ,partner_api_required,Cần API hàng không/OTA được phép dùng; SEA không bịa tín hiệu giá vé máy bay.,20/05/2026 17:21
cua_lo,Cua Lo,thiếu nguồn hợp lệ,partner_api_required,Cần API hàng không/OTA được phép dùng; SEA không bịa tín hiệu giá vé máy bay.,20/05/2026 17:21
ninh_binh,Ninh Binh,thiếu nguồn hợp lệ,partner_api_required,Cần API hàng không/OTA được phép dùng; SEA không bịa tín hiệu giá vé máy bay.,20/05/2026 17:21
ly_son,Ly Son,thiếu nguồn hợp lệ,partner_api_required,Cần API hàng không/OTA được phép dùng; SEA không bịa tín hiệu giá vé máy bay.,20/05/2026 17:21
ha_noi,Ha Noi,thiếu nguồn hợp lệ,partner_api_required,Cần API hàng không/OTA được phép dùng; SEA không bịa tín hiệu giá vé máy bay.,20/05/2026 17:21
ha_giang,Ha Giang,thiếu nguồn hợp lệ,partner_api_required,Cần API hàng không/OTA được phép dùng; SEA không bịa tín hiệu giá vé máy bay.,20/05/2026 17:21
phu_quoc,Phu Quoc,thiếu nguồn hợp lệ,partner_api_required,Cần API hàng không/OTA được phép dùng; SEA không bịa tín hiệu giá vé máy bay.,20/05/2026 17:21
phong_nha,Phong Nha - Kẻ Bàng,thiếu nguồn hợp lệ,partner_api_required,Cần API hàng không/OTA được phép dùng; SEA không bịa tín hiệu giá vé máy bay.,20/05/2026 17:21
ba_na,Bà Nà Hills,thiếu nguồn hợp lệ,partner_api_required,Cần API hàng không/OTA được phép dùng; SEA không bịa tín hiệu giá vé máy bay.,20/05/2026 17:21
mai_chau,Mai Châu,thiếu nguồn hợp lệ,partner_api_required,Cần API hàng không/OTA được phép dùng; SEA không bịa tín hiệu giá vé máy bay.,20/05/2026 17:21
tam_dao,Tam Đảo,thiếu nguồn hợp lệ,partner_api_required,Cần API hàng không/OTA được phép dùng; SEA không bịa tín hiệu giá vé máy bay.,20/05/2026 17:21
pleiku,Pleiku,thiếu nguồn hợp lệ,partner_api_required,Cần API hàng không/OTA được phép dùng; SEA không bịa tín hiệu giá vé máy bay.,20/05/2026 17:21
buon_ma_thuot,Buôn Ma Thuột,thiếu nguồn hợp lệ,partner_api_required,Cần API hàng không/OTA được phép dùng; SEA không bịa tín hiệu giá vé máy bay.,20/05/2026 17:21
chau_doc,Châu Đốc,thiếu nguồn hợp lệ,partner_api_required,Cần API hàng không/OTA được phép dùng; SEA không bịa tín hiệu giá vé máy bay.,20/05/2026 17:21
ba_vi,Ba Vì,thiếu nguồn hợp lệ,partner_api_required,Cần API hàng không/OTA được phép dùng; SEA không bịa tín hiệu giá vé máy bay.,20/05/2026 17:21
thien_cam,Thiên Cầm,thiếu nguồn hợp lệ,partner_api_required,Cần API hàng không/OTA được phép dùng; SEA không bịa tín hiệu giá vé máy bay.,20/05/2026 17:21
nhat_le,Nhật Lệ,thiếu nguồn hợp lệ,partner_api_required,Cần API hàng không/OTA được phép dùng; SEA không bịa tín hiệu giá vé máy bay.,20/05/2026 17:21
cua_tung,Cửa Tùng,thiếu nguồn hợp lệ,partner_api_required,Cần API hàng không/OTA được phép dùng; SEA không bịa tín hiệu giá vé máy bay.,20/05/2026 17:21
hai_tien,Hải Tiến,thiếu nguồn hợp lệ,partner_api_required,Cần API hàng không/OTA được phép dùng; SEA không bịa tín hiệu giá vé máy bay.,20/05/2026 17:21
lang_co,Lăng Cô,thiếu nguồn hợp lệ,partner_api_required,Cần API hàng không/OTA được phép dùng; SEA không bịa tín hiệu giá vé máy bay.,20/05/2026 17:21
cu_lao_cham,Cù Lao Chàm,thiếu nguồn hợp lệ,partner_api_required,Cần API hàng không/OTA được phép dùng; SEA không bịa tín hiệu giá vé máy bay.,20/05/2026 17:21
tam_ky,Tam Kỳ,thiếu nguồn hợp lệ,partner_api_required,Cần API hàng không/OTA được phép dùng; SEA không bịa tín hiệu giá vé máy bay.,20/05/2026 17:21
sa_huynh,Sa Huỳnh,thiếu nguồn hợp lệ,partner_api_required,Cần API hàng không/OTA được phép dùng; SEA không bịa tín hiệu giá vé máy bay.,20/05/2026 17:21
my_khe,Mỹ Khê,thiếu nguồn hợp lệ,partner_api_required,Cần API hàng không/OTA được phép dùng; SEA không bịa tín hiệu giá vé máy bay.,20/05/2026 17:21
la_gi,La Gi,thiếu nguồn hợp lệ,partner_api_required,Cần API hàng không/OTA được phép dùng; SEA không bịa tín hiệu giá vé máy bay.,20/05/2026 17:21
phan_thiet,Phan Thiết,thiếu nguồn hợp lệ,partner_api_required,Cần API hàng không/OTA được phép dùng; SEA không bịa tín hiệu giá vé máy bay.,20/05/2026 17:21
ky_co,Kỳ Co,thiếu nguồn hợp lệ,partner_api_required,Cần API hàng không/OTA được phép dùng; SEA không bịa tín hiệu giá vé máy bay.,20/05/2026 17:21
binh_ba,Bình Ba,thiếu nguồn hợp lệ,partner_api_required,Cần API hàng không/OTA được phép dùng; SEA không bịa tín hiệu giá vé máy bay.,20/05/2026 17:21
cam_ranh,Cam Ranh,thiếu nguồn hợp lệ,partner_api_required,Cần API hàng không/OTA được phép dùng; SEA không bịa tín hiệu giá vé máy bay.,20/05/2026 17:21
phan_rang,Phan Rang - Tháp Chàm,thiếu nguồn hợp lệ,partner_api_required,Cần API hàng không/OTA được phép dùng; SEA không bịa tín hiệu giá vé máy bay.,20/05/2026 17:21
vinh_hy,Vĩnh Hy,thiếu nguồn hợp lệ,partner_api_required,Cần API hàng không/OTA được phép dùng; SEA không bịa tín hiệu giá vé máy bay.,20/05/2026 17:21
ghenh_da_dia,Gành Đá Đĩa,thiếu nguồn hợp lệ,partner_api_required,Cần API hàng không/OTA được phép dùng; SEA không bịa tín hiệu giá vé máy bay.,20/05/2026 17:21
tuy_hoa,Tuy Hòa,thiếu nguồn hợp lệ,partner_api_required,Cần API hàng không/OTA được phép dùng; SEA không bịa tín hiệu giá vé máy bay.,20/05/2026 17:21
ha_tien,Hà Tiên,thiếu nguồn hợp lệ,partner_api_required,Cần API hàng không/OTA được phép dùng; SEA không bịa tín hiệu giá vé máy bay.,20/05/2026 17:21
co_to,Cô Tô,thiếu nguồn hợp lệ,partner_api_required,Cần API hàng không/OTA được phép dùng; SEA không bịa tín hiệu giá vé máy bay.,20/05/2026 17:21
tra_co,Trà Cổ,thiếu nguồn hợp lệ,partner_api_required,Cần API hàng không/OTA được phép dùng; SEA không bịa tín hiệu giá vé máy bay.,20/05/2026 17:21
ho_tram,Hồ Tràm,thiếu nguồn hợp lệ,partner_api_required,Cần API hàng không/OTA được phép dùng; SEA không bịa tín hiệu giá vé máy bay.,20/05/2026 17:21
can_gio,Cần Giờ,thiếu nguồn hợp lệ,partner_api_required,Cần API hàng không/OTA được phép dùng; SEA không bịa tín hiệu giá vé máy bay.,20/05/2026 17:21
hon_son,Hòn Sơn,thiếu nguồn hợp lệ,partner_api_required,Cần API hàng không/OTA được phép dùng; SEA không bịa tín hiệu giá vé máy bay.,20/05/2026 17:21
nam_du,Nam Du,thiếu nguồn hợp lệ,partner_api_required,Cần API hàng không/OTA được phép dùng; SEA không bịa tín hiệu giá vé máy bay.,20/05/2026 17:21
bac_lieu,Bạc Liêu,thiếu nguồn hợp lệ,partner_api_required,Cần API hàng không/OTA được phép dùng; SEA không bịa tín hiệu giá vé máy bay.,20/05/2026 17:21
ca_mau_dat_mui,Đất Mũi Cà Mau,thiếu nguồn hợp lệ,partner_api_required,Cần API hàng không/OTA được phép dùng; SEA không bịa tín hiệu giá vé máy bay.,20/05/2026 17:21
soc_trang,Sóc Trăng,thiếu nguồn hợp lệ,partner_api_required,Cần API hàng không/OTA được phép dùng; SEA không bịa tín hiệu giá vé máy bay.,20/05/2026 17:21
tra_vinh,Trà Vinh,thiếu nguồn hợp lệ,partner_api_required,Cần API hàng không/OTA được phép dùng; SEA không bịa tín hiệu giá vé máy bay.,20/05/2026 17:21
do_son,Đồ Sơn,thiếu nguồn hợp lệ,partner_api_required,Cần API hàng không/OTA được phép dùng; SEA không bịa tín hiệu giá vé máy bay.,20/05/2026 17:21
thinh_long,Thịnh Long,thiếu nguồn hợp lệ,partner_api_required,Cần API hàng không/OTA được phép dùng; SEA không bịa tín hiệu giá vé máy bay.,20/05/2026 17:21
moc_chau,Moc Chau,thiếu nguồn hợp lệ,partner_api_required,Cần API hàng không/OTA được phép dùng; SEA không bịa tín hiệu giá vé máy bay.,20/05/2026 17:21
ben_tre,Ben Tre,thiếu nguồn hợp lệ,partner_api_required,Cần API hàng không/OTA được phép dùng; SEA không bịa tín hiệu giá vé máy bay.,20/05/2026 17:21
an_giang,An Giang,thiếu nguồn hợp lệ,partner_api_required,Cần API hàng không/OTA được phép dùng; SEA không bịa tín hiệu giá vé máy bay.,20/05/2026 17:21
can_tho,Can Tho,thiếu nguồn hợp lệ,partner_api_required,Cần API hàng không/OTA được phép dùng; SEA không bịa tín hiệu giá vé máy bay.,20/05/2026 17:21
nha_trang,Nha Trang,thiếu nguồn hợp lệ,partner_api_required,Cần API hàng không/OTA được phép dùng; SEA không bịa tín hiệu giá vé máy bay.,20/05/2026 17:21
con_dao,Con Dao,thiếu nguồn hợp lệ,partner_api_required,Cần API hàng không/OTA được phép dùng; SEA không bịa tín hiệu giá vé máy bay.,20/05/2026 17:21
sa_pa,Sa Pa,thiếu nguồn hợp lệ,partner_api_required,Cần API hàng không/OTA được phép dùng; SEA không bịa tín hiệu giá vé máy bay.,20/05/2026 17:21
ho_chi_minh_city,Ho Chi Minh City,thiếu nguồn hợp lệ,partner_api_required,Cần API hàng không/OTA được phép dùng; SEA không bịa tín hiệu giá vé máy bay.,20/05/2026 17:21
da_lat,Da Lat,thiếu nguồn hợp lệ,partner_api_required,Cần API hàng không/OTA được phép dùng; SEA không bịa tín hiệu giá vé máy bay.,20/05/2026 17:21
