destination_id,ten_diem_den,tinh_thanh,vung,forecast_granularity,forecast_horizon,forecast_demand_score,muc_canh_bao_du_bao,drivers,recommended_action,data_type,confidence_score,last_updated,method_note
ha_long,Ha Long,Quang Ninh,northeast,giờ,24 giờ,84.54,cam,rủi ro thời tiết cao; proxy giá/lưu trú căng,"Phân luồng giao thông, tăng shuttle, chia khung giờ vào điểm nóng, tạm giảm quảng bá đại trà và đẩy khách sang điểm thay thế có hạ tầng tốt hơn.",mixed_proxy_near_real_time,76.5,20/05/2026 16:56,"Forecast tính trước bằng rule/proxy từ weather, POI, hotel price pressure và graph; AI chỉ giải thích, không tự bịa."
ha_long,Ha Long,Quang Ninh,northeast,ngày,7 ngày,85.08,đỏ,rủi ro thời tiết cao; proxy giá/lưu trú căng,"Phân luồng giao thông, tăng shuttle, chia khung giờ vào điểm nóng, tạm giảm quảng bá đại trà và đẩy khách sang điểm thay thế có hạ tầng tốt hơn.",mixed_proxy_near_real_time,76.5,20/05/2026 16:56,"Forecast tính trước bằng rule/proxy từ weather, POI, hotel price pressure và graph; AI chỉ giải thích, không tự bịa."
ha_long,Ha Long,Quang Ninh,northeast,tuần,30 ngày,78.59,cam,rủi ro thời tiết cao; proxy giá/lưu trú căng,"Phân luồng giao thông, tăng shuttle, chia khung giờ vào điểm nóng, tạm giảm quảng bá đại trà và đẩy khách sang điểm thay thế có hạ tầng tốt hơn.",mixed_proxy_near_real_time,76.5,20/05/2026 16:56,"Forecast tính trước bằng rule/proxy từ weather, POI, hotel price pressure và graph; AI chỉ giải thích, không tự bịa."
ha_long,Ha Long,Quang Ninh,northeast,tháng,3 tháng,73.05,cam,rủi ro thời tiết cao; proxy giá/lưu trú căng,"Phân luồng giao thông, tăng shuttle, chia khung giờ vào điểm nóng, tạm giảm quảng bá đại trà và đẩy khách sang điểm thay thế có hạ tầng tốt hơn.",mixed_proxy_near_real_time,76.5,20/05/2026 16:56,"Forecast tính trước bằng rule/proxy từ weather, POI, hotel price pressure và graph; AI chỉ giải thích, không tự bịa."
cat_ba,Cat Ba,Hai Phong,northeast,giờ,24 giờ,78.48,cam,rủi ro thời tiết cao,"Phân luồng giao thông, tăng shuttle, chia khung giờ vào điểm nóng, tạm giảm quảng bá đại trà và đẩy khách sang điểm thay thế có hạ tầng tốt hơn.",mixed_proxy_near_real_time,76.5,20/05/2026 16:56,"Forecast tính trước bằng rule/proxy từ weather, POI, hotel price pressure và graph; AI chỉ giải thích, không tự bịa."
cat_ba,Cat Ba,Hai Phong,northeast,ngày,7 ngày,66.96,vàng,rủi ro thời tiết cao,"Phân luồng giao thông, tăng shuttle, chia khung giờ vào điểm nóng, tạm giảm quảng bá đại trà và đẩy khách sang điểm thay thế có hạ tầng tốt hơn.",mixed_proxy_near_real_time,76.5,20/05/2026 16:56,"Forecast tính trước bằng rule/proxy từ weather, POI, hotel price pressure và graph; AI chỉ giải thích, không tự bịa."
cat_ba,Cat Ba,Hai Phong,northeast,tuần,30 ngày,59.65,vàng,rủi ro thời tiết cao,"Phân luồng giao thông, tăng shuttle, chia khung giờ vào điểm nóng, tạm giảm quảng bá đại trà và đẩy khách sang điểm thay thế có hạ tầng tốt hơn.",mixed_proxy_near_real_time,76.5,20/05/2026 16:56,"Forecast tính trước bằng rule/proxy từ weather, POI, hotel price pressure và graph; AI chỉ giải thích, không tự bịa."
cat_ba,Cat Ba,Hai Phong,northeast,tháng,3 tháng,57.65,vàng,rủi ro thời tiết cao,"Phân luồng giao thông, tăng shuttle, chia khung giờ vào điểm nóng, tạm giảm quảng bá đại trà và đẩy khách sang điểm thay thế có hạ tầng tốt hơn.",mixed_proxy_near_real_time,76.5,20/05/2026 16:56,"Forecast tính trước bằng rule/proxy từ weather, POI, hotel price pressure và graph; AI chỉ giải thích, không tự bịa."
quy_nhon,Quy Nhon,Binh Dinh,south_central_coast,giờ,24 giờ,66.49,vàng,áp lực ở mức theo dõi từ dữ liệu hiện có,"Theo dõi thời tiết, giá/lưu trú và sự kiện; chuẩn bị shuttle, voucher giờ thấp điểm.",mixed_proxy_near_real_time,76.5,20/05/2026 16:56,"Forecast tính trước bằng rule/proxy từ weather, POI, hotel price pressure và graph; AI chỉ giải thích, không tự bịa."
quy_nhon,Quy Nhon,Binh Dinh,south_central_coast,ngày,7 ngày,65.1,vàng,áp lực ở mức theo dõi từ dữ liệu hiện có,"Theo dõi thời tiết, giá/lưu trú và sự kiện; chuẩn bị shuttle, voucher giờ thấp điểm.",mixed_proxy_near_real_time,76.5,20/05/2026 16:56,"Forecast tính trước bằng rule/proxy từ weather, POI, hotel price pressure và graph; AI chỉ giải thích, không tự bịa."
quy_nhon,Quy Nhon,Binh Dinh,south_central_coast,tuần,30 ngày,60.95,vàng,áp lực ở mức theo dõi từ dữ liệu hiện có,"Theo dõi thời tiết, giá/lưu trú và sự kiện; chuẩn bị shuttle, voucher giờ thấp điểm.",mixed_proxy_near_real_time,76.5,20/05/2026 16:56,"Forecast tính trước bằng rule/proxy từ weather, POI, hotel price pressure và graph; AI chỉ giải thích, không tự bịa."
quy_nhon,Quy Nhon,Binh Dinh,south_central_coast,tháng,3 tháng,58.24,vàng,áp lực ở mức theo dõi từ dữ liệu hiện có,"Theo dõi thời tiết, giá/lưu trú và sự kiện; chuẩn bị shuttle, voucher giờ thấp điểm.",mixed_proxy_near_real_time,76.5,20/05/2026 16:56,"Forecast tính trước bằng rule/proxy từ weather, POI, hotel price pressure và graph; AI chỉ giải thích, không tự bịa."
da_nang,Da Nang,Da Nang,central_coast,giờ,24 giờ,59.03,vàng,áp lực ở mức theo dõi từ dữ liệu hiện có,"Theo dõi thời tiết, giá/lưu trú và sự kiện; chuẩn bị shuttle, voucher giờ thấp điểm.",mixed_proxy_near_real_time,76.5,20/05/2026 16:56,"Forecast tính trước bằng rule/proxy từ weather, POI, hotel price pressure và graph; AI chỉ giải thích, không tự bịa."
da_nang,Da Nang,Da Nang,central_coast,ngày,7 ngày,64.47,vàng,áp lực ở mức theo dõi từ dữ liệu hiện có,"Theo dõi thời tiết, giá/lưu trú và sự kiện; chuẩn bị shuttle, voucher giờ thấp điểm.",mixed_proxy_near_real_time,76.5,20/05/2026 16:56,"Forecast tính trước bằng rule/proxy từ weather, POI, hotel price pressure và graph; AI chỉ giải thích, không tự bịa."
da_nang,Da Nang,Da Nang,central_coast,tuần,30 ngày,66.4,vàng,áp lực ở mức theo dõi từ dữ liệu hiện có,"Theo dõi thời tiết, giá/lưu trú và sự kiện; chuẩn bị shuttle, voucher giờ thấp điểm.",mixed_proxy_near_real_time,76.5,20/05/2026 16:56,"Forecast tính trước bằng rule/proxy từ weather, POI, hotel price pressure và graph; AI chỉ giải thích, không tự bịa."
da_nang,Da Nang,Da Nang,central_coast,tháng,3 tháng,66.54,vàng,áp lực ở mức theo dõi từ dữ liệu hiện có,"Theo dõi thời tiết, giá/lưu trú và sự kiện; chuẩn bị shuttle, voucher giờ thấp điểm.",mixed_proxy_near_real_time,76.5,20/05/2026 16:56,"Forecast tính trước bằng rule/proxy từ weather, POI, hotel price pressure và graph; AI chỉ giải thích, không tự bịa."
mui_ne,Mui Ne,Binh Thuan,south_central_coast,giờ,24 giờ,57.44,vàng,áp lực ở mức theo dõi từ dữ liệu hiện có,"Theo dõi thời tiết, giá/lưu trú và sự kiện; chuẩn bị shuttle, voucher giờ thấp điểm.",mixed_proxy_near_real_time,76.5,20/05/2026 16:56,"Forecast tính trước bằng rule/proxy từ weather, POI, hotel price pressure và graph; AI chỉ giải thích, không tự bịa."
mui_ne,Mui Ne,Binh Thuan,south_central_coast,ngày,7 ngày,61.98,vàng,áp lực ở mức theo dõi từ dữ liệu hiện có,"Theo dõi thời tiết, giá/lưu trú và sự kiện; chuẩn bị shuttle, voucher giờ thấp điểm.",mixed_proxy_near_real_time,76.5,20/05/2026 16:56,"Forecast tính trước bằng rule/proxy từ weather, POI, hotel price pressure và graph; AI chỉ giải thích, không tự bịa."
mui_ne,Mui Ne,Binh Thuan,south_central_coast,tuần,30 ngày,61.19,vàng,áp lực ở mức theo dõi từ dữ liệu hiện có,"Theo dõi thời tiết, giá/lưu trú và sự kiện; chuẩn bị shuttle, voucher giờ thấp điểm.",mixed_proxy_near_real_time,76.5,20/05/2026 16:56,"Forecast tính trước bằng rule/proxy từ weather, POI, hotel price pressure và graph; AI chỉ giải thích, không tự bịa."
mui_ne,Mui Ne,Binh Thuan,south_central_coast,tháng,3 tháng,59.36,vàng,áp lực ở mức theo dõi từ dữ liệu hiện có,"Theo dõi thời tiết, giá/lưu trú và sự kiện; chuẩn bị shuttle, voucher giờ thấp điểm.",mixed_proxy_near_real_time,76.5,20/05/2026 16:56,"Forecast tính trước bằng rule/proxy từ weather, POI, hotel price pressure và graph; AI chỉ giải thích, không tự bịa."
sam_son,Sam Son,Thanh Hoa,north_central_coast,giờ,24 giờ,70.59,cam,rủi ro thời tiết cao; hạ tầng proxy yếu,"Không đẩy khách đại trà; ưu tiên bãi đỗ, vệ sinh công cộng, biển chỉ dẫn, QR vé và điểm thông tin du lịch.",mixed_proxy_near_real_time,76.5,20/05/2026 16:56,"Forecast tính trước bằng rule/proxy từ weather, POI, hotel price pressure và graph; AI chỉ giải thích, không tự bịa."
sam_son,Sam Son,Thanh Hoa,north_central_coast,ngày,7 ngày,53.74,vàng,rủi ro thời tiết cao; hạ tầng proxy yếu,"Không đẩy khách đại trà; ưu tiên bãi đỗ, vệ sinh công cộng, biển chỉ dẫn, QR vé và điểm thông tin du lịch.",mixed_proxy_near_real_time,76.5,20/05/2026 16:56,"Forecast tính trước bằng rule/proxy từ weather, POI, hotel price pressure và graph; AI chỉ giải thích, không tự bịa."
sam_son,Sam Son,Thanh Hoa,north_central_coast,tuần,30 ngày,43.65,vàng,rủi ro thời tiết cao; hạ tầng proxy yếu,"Không đẩy khách đại trà; ưu tiên bãi đỗ, vệ sinh công cộng, biển chỉ dẫn, QR vé và điểm thông tin du lịch.",mixed_proxy_near_real_time,76.5,20/05/2026 16:56,"Forecast tính trước bằng rule/proxy từ weather, POI, hotel price pressure và graph; AI chỉ giải thích, không tự bịa."
sam_son,Sam Son,Thanh Hoa,north_central_coast,tháng,3 tháng,40.68,vàng,rủi ro thời tiết cao; hạ tầng proxy yếu,"Không đẩy khách đại trà; ưu tiên bãi đỗ, vệ sinh công cộng, biển chỉ dẫn, QR vé và điểm thông tin du lịch.",mixed_proxy_near_real_time,76.5,20/05/2026 16:56,"Forecast tính trước bằng rule/proxy từ weather, POI, hotel price pressure và graph; AI chỉ giải thích, không tự bịa."
hoi_an,Hoi An,Quang Nam,central_coast,giờ,24 giờ,49.16,vàng,áp lực ở mức theo dõi từ dữ liệu hiện có,"Theo dõi thời tiết, giá/lưu trú và sự kiện; chuẩn bị shuttle, voucher giờ thấp điểm.",mixed_proxy_near_real_time,76.5,20/05/2026 16:56,"Forecast tính trước bằng rule/proxy từ weather, POI, hotel price pressure và graph; AI chỉ giải thích, không tự bịa."
hoi_an,Hoi An,Quang Nam,central_coast,ngày,7 ngày,53.13,vàng,áp lực ở mức theo dõi từ dữ liệu hiện có,"Theo dõi thời tiết, giá/lưu trú và sự kiện; chuẩn bị shuttle, voucher giờ thấp điểm.",mixed_proxy_near_real_time,76.5,20/05/2026 16:56,"Forecast tính trước bằng rule/proxy từ weather, POI, hotel price pressure và graph; AI chỉ giải thích, không tự bịa."
hoi_an,Hoi An,Quang Nam,central_coast,tuần,30 ngày,59.08,vàng,áp lực ở mức theo dõi từ dữ liệu hiện có,"Theo dõi thời tiết, giá/lưu trú và sự kiện; chuẩn bị shuttle, voucher giờ thấp điểm.",mixed_proxy_near_real_time,76.5,20/05/2026 16:56,"Forecast tính trước bằng rule/proxy từ weather, POI, hotel price pressure và graph; AI chỉ giải thích, không tự bịa."
hoi_an,Hoi An,Quang Nam,central_coast,tháng,3 tháng,62.96,vàng,áp lực ở mức theo dõi từ dữ liệu hiện có,"Theo dõi thời tiết, giá/lưu trú và sự kiện; chuẩn bị shuttle, voucher giờ thấp điểm.",mixed_proxy_near_real_time,76.5,20/05/2026 16:56,"Forecast tính trước bằng rule/proxy từ weather, POI, hotel price pressure và graph; AI chỉ giải thích, không tự bịa."
hue,Hue,Hue,central_coast,giờ,24 giờ,54.35,vàng,áp lực ở mức theo dõi từ dữ liệu hiện có,"Theo dõi thời tiết, giá/lưu trú và sự kiện; chuẩn bị shuttle, voucher giờ thấp điểm.",mixed_proxy_near_real_time,76.5,20/05/2026 16:56,"Forecast tính trước bằng rule/proxy từ weather, POI, hotel price pressure và graph; AI chỉ giải thích, không tự bịa."
hue,Hue,Hue,central_coast,ngày,7 ngày,49.51,vàng,áp lực ở mức theo dõi từ dữ liệu hiện có,"Theo dõi thời tiết, giá/lưu trú và sự kiện; chuẩn bị shuttle, voucher giờ thấp điểm.",mixed_proxy_near_real_time,76.5,20/05/2026 16:56,"Forecast tính trước bằng rule/proxy từ weather, POI, hotel price pressure và graph; AI chỉ giải thích, không tự bịa."
hue,Hue,Hue,central_coast,tuần,30 ngày,50.6,vàng,áp lực ở mức theo dõi từ dữ liệu hiện có,"Theo dõi thời tiết, giá/lưu trú và sự kiện; chuẩn bị shuttle, voucher giờ thấp điểm.",mixed_proxy_near_real_time,76.5,20/05/2026 16:56,"Forecast tính trước bằng rule/proxy từ weather, POI, hotel price pressure và graph; AI chỉ giải thích, không tự bịa."
hue,Hue,Hue,central_coast,tháng,3 tháng,53.36,vàng,áp lực ở mức theo dõi từ dữ liệu hiện có,"Theo dõi thời tiết, giá/lưu trú và sự kiện; chuẩn bị shuttle, voucher giờ thấp điểm.",mixed_proxy_near_real_time,76.5,20/05/2026 16:56,"Forecast tính trước bằng rule/proxy từ weather, POI, hotel price pressure và graph; AI chỉ giải thích, không tự bịa."
vung_tau,Vung Tau,Ba Ria - Vung Tau,southeast,giờ,24 giờ,43.31,vàng,áp lực ở mức theo dõi từ dữ liệu hiện có,"Theo dõi thời tiết, giá/lưu trú và sự kiện; chuẩn bị shuttle, voucher giờ thấp điểm.",mixed_proxy_near_real_time,76.5,20/05/2026 16:56,"Forecast tính trước bằng rule/proxy từ weather, POI, hotel price pressure và graph; AI chỉ giải thích, không tự bịa."
vung_tau,Vung Tau,Ba Ria - Vung Tau,southeast,ngày,7 ngày,39.42,xanh,áp lực ở mức theo dõi từ dữ liệu hiện có,"Theo dõi thời tiết, giá/lưu trú và sự kiện; chuẩn bị shuttle, voucher giờ thấp điểm.",mixed_proxy_near_real_time,76.5,20/05/2026 16:56,"Forecast tính trước bằng rule/proxy từ weather, POI, hotel price pressure và graph; AI chỉ giải thích, không tự bịa."
vung_tau,Vung Tau,Ba Ria - Vung Tau,southeast,tuần,30 ngày,43.73,vàng,áp lực ở mức theo dõi từ dữ liệu hiện có,"Theo dõi thời tiết, giá/lưu trú và sự kiện; chuẩn bị shuttle, voucher giờ thấp điểm.",mixed_proxy_near_real_time,76.5,20/05/2026 16:56,"Forecast tính trước bằng rule/proxy từ weather, POI, hotel price pressure và graph; AI chỉ giải thích, không tự bịa."
vung_tau,Vung Tau,Ba Ria - Vung Tau,southeast,tháng,3 tháng,48.71,vàng,áp lực ở mức theo dõi từ dữ liệu hiện có,"Theo dõi thời tiết, giá/lưu trú và sự kiện; chuẩn bị shuttle, voucher giờ thấp điểm.",mixed_proxy_near_real_time,76.5,20/05/2026 16:56,"Forecast tính trước bằng rule/proxy từ weather, POI, hotel price pressure và graph; AI chỉ giải thích, không tự bịa."
cua_lo,Cua Lo,Nghe An,north_central_coast,giờ,24 giờ,37.51,xanh,hạ tầng proxy yếu,"Không đẩy khách đại trà; ưu tiên bãi đỗ, vệ sinh công cộng, biển chỉ dẫn, QR vé và điểm thông tin du lịch.",mixed_proxy_near_real_time,76.5,20/05/2026 16:56,"Forecast tính trước bằng rule/proxy từ weather, POI, hotel price pressure và graph; AI chỉ giải thích, không tự bịa."
cua_lo,Cua Lo,Nghe An,north_central_coast,ngày,7 ngày,35.9,xanh,hạ tầng proxy yếu,"Không đẩy khách đại trà; ưu tiên bãi đỗ, vệ sinh công cộng, biển chỉ dẫn, QR vé và điểm thông tin du lịch.",mixed_proxy_near_real_time,76.5,20/05/2026 16:56,"Forecast tính trước bằng rule/proxy từ weather, POI, hotel price pressure và graph; AI chỉ giải thích, không tự bịa."
cua_lo,Cua Lo,Nghe An,north_central_coast,tuần,30 ngày,34.2,xanh,hạ tầng proxy yếu,"Không đẩy khách đại trà; ưu tiên bãi đỗ, vệ sinh công cộng, biển chỉ dẫn, QR vé và điểm thông tin du lịch.",mixed_proxy_near_real_time,76.5,20/05/2026 16:56,"Forecast tính trước bằng rule/proxy từ weather, POI, hotel price pressure và graph; AI chỉ giải thích, không tự bịa."
cua_lo,Cua Lo,Nghe An,north_central_coast,tháng,3 tháng,33.14,xanh,hạ tầng proxy yếu,"Không đẩy khách đại trà; ưu tiên bãi đỗ, vệ sinh công cộng, biển chỉ dẫn, QR vé và điểm thông tin du lịch.",mixed_proxy_near_real_time,76.5,20/05/2026 16:56,"Forecast tính trước bằng rule/proxy từ weather, POI, hotel price pressure và graph; AI chỉ giải thích, không tự bịa."
ninh_binh,Ninh Binh,Ninh Binh,red_river_delta,giờ,24 giờ,59.48,xám,rủi ro thời tiết cao; hạ tầng proxy yếu; thiếu POI/nguồn kiểm định,"Không đẩy khách đại trà; ưu tiên bãi đỗ, vệ sinh công cộng, biển chỉ dẫn, QR vé và điểm thông tin du lịch.",mixed_proxy_thieu_du_lieu,61.5,20/05/2026 16:56,"Forecast tính trước bằng rule/proxy từ weather, POI, hotel price pressure và graph; AI chỉ giải thích, không tự bịa."
ninh_binh,Ninh Binh,Ninh Binh,red_river_delta,ngày,7 ngày,43.78,xám,rủi ro thời tiết cao; hạ tầng proxy yếu; thiếu POI/nguồn kiểm định,"Không đẩy khách đại trà; ưu tiên bãi đỗ, vệ sinh công cộng, biển chỉ dẫn, QR vé và điểm thông tin du lịch.",mixed_proxy_thieu_du_lieu,61.5,20/05/2026 16:56,"Forecast tính trước bằng rule/proxy từ weather, POI, hotel price pressure và graph; AI chỉ giải thích, không tự bịa."
ninh_binh,Ninh Binh,Ninh Binh,red_river_delta,tuần,30 ngày,34.4,xám,rủi ro thời tiết cao; hạ tầng proxy yếu; thiếu POI/nguồn kiểm định,"Không đẩy khách đại trà; ưu tiên bãi đỗ, vệ sinh công cộng, biển chỉ dẫn, QR vé và điểm thông tin du lịch.",mixed_proxy_thieu_du_lieu,61.5,20/05/2026 16:56,"Forecast tính trước bằng rule/proxy từ weather, POI, hotel price pressure và graph; AI chỉ giải thích, không tự bịa."
ninh_binh,Ninh Binh,Ninh Binh,red_river_delta,tháng,3 tháng,31.48,xám,rủi ro thời tiết cao; hạ tầng proxy yếu; thiếu POI/nguồn kiểm định,"Không đẩy khách đại trà; ưu tiên bãi đỗ, vệ sinh công cộng, biển chỉ dẫn, QR vé và điểm thông tin du lịch.",mixed_proxy_thieu_du_lieu,61.5,20/05/2026 16:56,"Forecast tính trước bằng rule/proxy từ weather, POI, hotel price pressure và graph; AI chỉ giải thích, không tự bịa."
ly_son,Ly Son,Quang Ngai,central_coast_islands,giờ,24 giờ,58.51,xám,rủi ro thời tiết cao; hạ tầng proxy yếu; thiếu POI/nguồn kiểm định,"Không đẩy khách đại trà; ưu tiên bãi đỗ, vệ sinh công cộng, biển chỉ dẫn, QR vé và điểm thông tin du lịch.",mixed_proxy_thieu_du_lieu,61.5,20/05/2026 16:56,"Forecast tính trước bằng rule/proxy từ weather, POI, hotel price pressure và graph; AI chỉ giải thích, không tự bịa."
ly_son,Ly Son,Quang Ngai,central_coast_islands,ngày,7 ngày,43.32,xám,rủi ro thời tiết cao; hạ tầng proxy yếu; thiếu POI/nguồn kiểm định,"Không đẩy khách đại trà; ưu tiên bãi đỗ, vệ sinh công cộng, biển chỉ dẫn, QR vé và điểm thông tin du lịch.",mixed_proxy_thieu_du_lieu,61.5,20/05/2026 16:56,"Forecast tính trước bằng rule/proxy từ weather, POI, hotel price pressure và graph; AI chỉ giải thích, không tự bịa."
ly_son,Ly Son,Quang Ngai,central_coast_islands,tuần,30 ngày,33.89,xám,rủi ro thời tiết cao; hạ tầng proxy yếu; thiếu POI/nguồn kiểm định,"Không đẩy khách đại trà; ưu tiên bãi đỗ, vệ sinh công cộng, biển chỉ dẫn, QR vé và điểm thông tin du lịch.",mixed_proxy_thieu_du_lieu,61.5,20/05/2026 16:56,"Forecast tính trước bằng rule/proxy từ weather, POI, hotel price pressure và graph; AI chỉ giải thích, không tự bịa."
ly_son,Ly Son,Quang Ngai,central_coast_islands,tháng,3 tháng,30.79,xám,rủi ro thời tiết cao; hạ tầng proxy yếu; thiếu POI/nguồn kiểm định,"Không đẩy khách đại trà; ưu tiên bãi đỗ, vệ sinh công cộng, biển chỉ dẫn, QR vé và điểm thông tin du lịch.",mixed_proxy_thieu_du_lieu,61.5,20/05/2026 16:56,"Forecast tính trước bằng rule/proxy từ weather, POI, hotel price pressure và graph; AI chỉ giải thích, không tự bịa."
ha_noi,Ha Noi,Ha Noi,red_river_delta,giờ,24 giờ,55.22,xám,rủi ro thời tiết cao; hạ tầng proxy yếu; thiếu POI/nguồn kiểm định,"Không đẩy khách đại trà; ưu tiên bãi đỗ, vệ sinh công cộng, biển chỉ dẫn, QR vé và điểm thông tin du lịch.",mixed_proxy_thieu_du_lieu,61.5,20/05/2026 16:56,"Forecast tính trước bằng rule/proxy từ weather, POI, hotel price pressure và graph; AI chỉ giải thích, không tự bịa."
ha_noi,Ha Noi,Ha Noi,red_river_delta,ngày,7 ngày,41.74,xám,rủi ro thời tiết cao; hạ tầng proxy yếu; thiếu POI/nguồn kiểm định,"Không đẩy khách đại trà; ưu tiên bãi đỗ, vệ sinh công cộng, biển chỉ dẫn, QR vé và điểm thông tin du lịch.",mixed_proxy_thieu_du_lieu,61.5,20/05/2026 16:56,"Forecast tính trước bằng rule/proxy từ weather, POI, hotel price pressure và graph; AI chỉ giải thích, không tự bịa."
ha_noi,Ha Noi,Ha Noi,red_river_delta,tuần,30 ngày,34.3,xám,rủi ro thời tiết cao; hạ tầng proxy yếu; thiếu POI/nguồn kiểm định,"Không đẩy khách đại trà; ưu tiên bãi đỗ, vệ sinh công cộng, biển chỉ dẫn, QR vé và điểm thông tin du lịch.",mixed_proxy_thieu_du_lieu,61.5,20/05/2026 16:56,"Forecast tính trước bằng rule/proxy từ weather, POI, hotel price pressure và graph; AI chỉ giải thích, không tự bịa."
ha_noi,Ha Noi,Ha Noi,red_river_delta,tháng,3 tháng,32.26,xám,rủi ro thời tiết cao; hạ tầng proxy yếu; thiếu POI/nguồn kiểm định,"Không đẩy khách đại trà; ưu tiên bãi đỗ, vệ sinh công cộng, biển chỉ dẫn, QR vé và điểm thông tin du lịch.",mixed_proxy_thieu_du_lieu,61.5,20/05/2026 16:56,"Forecast tính trước bằng rule/proxy từ weather, POI, hotel price pressure và graph; AI chỉ giải thích, không tự bịa."
ha_giang,Ha Giang,Ha Giang,northern_mountains,giờ,24 giờ,52.07,xám,rủi ro thời tiết cao; hạ tầng proxy yếu; thiếu POI/nguồn kiểm định,"Không đẩy khách đại trà; ưu tiên bãi đỗ, vệ sinh công cộng, biển chỉ dẫn, QR vé và điểm thông tin du lịch.",mixed_proxy_thieu_du_lieu,61.5,20/05/2026 16:56,"Forecast tính trước bằng rule/proxy từ weather, POI, hotel price pressure và graph; AI chỉ giải thích, không tự bịa."
ha_giang,Ha Giang,Ha Giang,northern_mountains,ngày,7 ngày,40.21,xám,rủi ro thời tiết cao; hạ tầng proxy yếu; thiếu POI/nguồn kiểm định,"Không đẩy khách đại trà; ưu tiên bãi đỗ, vệ sinh công cộng, biển chỉ dẫn, QR vé và điểm thông tin du lịch.",mixed_proxy_thieu_du_lieu,61.5,20/05/2026 16:56,"Forecast tính trước bằng rule/proxy từ weather, POI, hotel price pressure và graph; AI chỉ giải thích, không tự bịa."
ha_giang,Ha Giang,Ha Giang,northern_mountains,tuần,30 ngày,32.82,xám,rủi ro thời tiết cao; hạ tầng proxy yếu; thiếu POI/nguồn kiểm định,"Không đẩy khách đại trà; ưu tiên bãi đỗ, vệ sinh công cộng, biển chỉ dẫn, QR vé và điểm thông tin du lịch.",mixed_proxy_thieu_du_lieu,61.5,20/05/2026 16:56,"Forecast tính trước bằng rule/proxy từ weather, POI, hotel price pressure và graph; AI chỉ giải thích, không tự bịa."
ha_giang,Ha Giang,Ha Giang,northern_mountains,tháng,3 tháng,30.31,xám,rủi ro thời tiết cao; hạ tầng proxy yếu; thiếu POI/nguồn kiểm định,"Không đẩy khách đại trà; ưu tiên bãi đỗ, vệ sinh công cộng, biển chỉ dẫn, QR vé và điểm thông tin du lịch.",mixed_proxy_thieu_du_lieu,61.5,20/05/2026 16:56,"Forecast tính trước bằng rule/proxy từ weather, POI, hotel price pressure và graph; AI chỉ giải thích, không tự bịa."
phu_quoc,Phu Quoc,Kien Giang,mekong_islands,giờ,24 giờ,43.62,xám,thiếu POI/nguồn kiểm định,"Theo dõi thời tiết, giá/lưu trú và sự kiện; chuẩn bị shuttle, voucher giờ thấp điểm.",mixed_proxy_thieu_du_lieu,61.5,20/05/2026 16:56,"Forecast tính trước bằng rule/proxy từ weather, POI, hotel price pressure và graph; AI chỉ giải thích, không tự bịa."
phu_quoc,Phu Quoc,Kien Giang,mekong_islands,ngày,7 ngày,35.5,xám,thiếu POI/nguồn kiểm định,"Theo dõi thời tiết, giá/lưu trú và sự kiện; chuẩn bị shuttle, voucher giờ thấp điểm.",mixed_proxy_thieu_du_lieu,61.5,20/05/2026 16:56,"Forecast tính trước bằng rule/proxy từ weather, POI, hotel price pressure và graph; AI chỉ giải thích, không tự bịa."
phu_quoc,Phu Quoc,Kien Giang,mekong_islands,tuần,30 ngày,35.28,xám,thiếu POI/nguồn kiểm định,"Theo dõi thời tiết, giá/lưu trú và sự kiện; chuẩn bị shuttle, voucher giờ thấp điểm.",mixed_proxy_thieu_du_lieu,61.5,20/05/2026 16:56,"Forecast tính trước bằng rule/proxy từ weather, POI, hotel price pressure và graph; AI chỉ giải thích, không tự bịa."
phu_quoc,Phu Quoc,Kien Giang,mekong_islands,tháng,3 tháng,37.37,xám,thiếu POI/nguồn kiểm định,"Theo dõi thời tiết, giá/lưu trú và sự kiện; chuẩn bị shuttle, voucher giờ thấp điểm.",mixed_proxy_thieu_du_lieu,61.5,20/05/2026 16:56,"Forecast tính trước bằng rule/proxy từ weather, POI, hotel price pressure và graph; AI chỉ giải thích, không tự bịa."
phong_nha,Phong Nha - Kẻ Bàng,Quảng Bình,Bắc Trung Bộ,giờ,24 giờ,40.2,xám,hạ tầng proxy yếu; thiếu POI/nguồn kiểm định,"Không đẩy khách đại trà; ưu tiên bãi đỗ, vệ sinh công cộng, biển chỉ dẫn, QR vé và điểm thông tin du lịch.",mixed_proxy_thieu_du_lieu,43.75,20/05/2026 16:56,"Forecast tính trước bằng rule/proxy từ weather, POI, hotel price pressure và graph; AI chỉ giải thích, không tự bịa."
phong_nha,Phong Nha - Kẻ Bàng,Quảng Bình,Bắc Trung Bộ,ngày,7 ngày,34.5,xám,hạ tầng proxy yếu; thiếu POI/nguồn kiểm định,"Không đẩy khách đại trà; ưu tiên bãi đỗ, vệ sinh công cộng, biển chỉ dẫn, QR vé và điểm thông tin du lịch.",mixed_proxy_thieu_du_lieu,43.75,20/05/2026 16:56,"Forecast tính trước bằng rule/proxy từ weather, POI, hotel price pressure và graph; AI chỉ giải thích, không tự bịa."
phong_nha,Phong Nha - Kẻ Bàng,Quảng Bình,Bắc Trung Bộ,tuần,30 ngày,31.11,xám,hạ tầng proxy yếu; thiếu POI/nguồn kiểm định,"Không đẩy khách đại trà; ưu tiên bãi đỗ, vệ sinh công cộng, biển chỉ dẫn, QR vé và điểm thông tin du lịch.",mixed_proxy_thieu_du_lieu,43.75,20/05/2026 16:56,"Forecast tính trước bằng rule/proxy từ weather, POI, hotel price pressure và graph; AI chỉ giải thích, không tự bịa."
phong_nha,Phong Nha - Kẻ Bàng,Quảng Bình,Bắc Trung Bộ,tháng,3 tháng,29.9,xám,hạ tầng proxy yếu; thiếu POI/nguồn kiểm định,"Không đẩy khách đại trà; ưu tiên bãi đỗ, vệ sinh công cộng, biển chỉ dẫn, QR vé và điểm thông tin du lịch.",mixed_proxy_thieu_du_lieu,43.75,20/05/2026 16:56,"Forecast tính trước bằng rule/proxy từ weather, POI, hotel price pressure và graph; AI chỉ giải thích, không tự bịa."
ba_na,Bà Nà Hills,Đà Nẵng,Duyên hải miền Trung,giờ,24 giờ,40.2,xám,hạ tầng proxy yếu; thiếu POI/nguồn kiểm định,"Không đẩy khách đại trà; ưu tiên bãi đỗ, vệ sinh công cộng, biển chỉ dẫn, QR vé và điểm thông tin du lịch.",mixed_proxy_thieu_du_lieu,43.75,20/05/2026 16:56,"Forecast tính trước bằng rule/proxy từ weather, POI, hotel price pressure và graph; AI chỉ giải thích, không tự bịa."
ba_na,Bà Nà Hills,Đà Nẵng,Duyên hải miền Trung,ngày,7 ngày,34.5,xám,hạ tầng proxy yếu; thiếu POI/nguồn kiểm định,"Không đẩy khách đại trà; ưu tiên bãi đỗ, vệ sinh công cộng, biển chỉ dẫn, QR vé và điểm thông tin du lịch.",mixed_proxy_thieu_du_lieu,43.75,20/05/2026 16:56,"Forecast tính trước bằng rule/proxy từ weather, POI, hotel price pressure và graph; AI chỉ giải thích, không tự bịa."
ba_na,Bà Nà Hills,Đà Nẵng,Duyên hải miền Trung,tuần,30 ngày,31.11,xám,hạ tầng proxy yếu; thiếu POI/nguồn kiểm định,"Không đẩy khách đại trà; ưu tiên bãi đỗ, vệ sinh công cộng, biển chỉ dẫn, QR vé và điểm thông tin du lịch.",mixed_proxy_thieu_du_lieu,43.75,20/05/2026 16:56,"Forecast tính trước bằng rule/proxy từ weather, POI, hotel price pressure và graph; AI chỉ giải thích, không tự bịa."
ba_na,Bà Nà Hills,Đà Nẵng,Duyên hải miền Trung,tháng,3 tháng,29.9,xám,hạ tầng proxy yếu; thiếu POI/nguồn kiểm định,"Không đẩy khách đại trà; ưu tiên bãi đỗ, vệ sinh công cộng, biển chỉ dẫn, QR vé và điểm thông tin du lịch.",mixed_proxy_thieu_du_lieu,43.75,20/05/2026 16:56,"Forecast tính trước bằng rule/proxy từ weather, POI, hotel price pressure và graph; AI chỉ giải thích, không tự bịa."
mai_chau,Mai Châu,Hòa Bình,Miền núi phía Bắc,giờ,24 giờ,40.2,xám,hạ tầng proxy yếu; thiếu POI/nguồn kiểm định,"Không đẩy khách đại trà; ưu tiên bãi đỗ, vệ sinh công cộng, biển chỉ dẫn, QR vé và điểm thông tin du lịch.",mixed_proxy_thieu_du_lieu,43.75,20/05/2026 16:56,"Forecast tính trước bằng rule/proxy từ weather, POI, hotel price pressure và graph; AI chỉ giải thích, không tự bịa."
mai_chau,Mai Châu,Hòa Bình,Miền núi phía Bắc,ngày,7 ngày,34.5,xám,hạ tầng proxy yếu; thiếu POI/nguồn kiểm định,"Không đẩy khách đại trà; ưu tiên bãi đỗ, vệ sinh công cộng, biển chỉ dẫn, QR vé và điểm thông tin du lịch.",mixed_proxy_thieu_du_lieu,43.75,20/05/2026 16:56,"Forecast tính trước bằng rule/proxy từ weather, POI, hotel price pressure và graph; AI chỉ giải thích, không tự bịa."
mai_chau,Mai Châu,Hòa Bình,Miền núi phía Bắc,tuần,30 ngày,31.11,xám,hạ tầng proxy yếu; thiếu POI/nguồn kiểm định,"Không đẩy khách đại trà; ưu tiên bãi đỗ, vệ sinh công cộng, biển chỉ dẫn, QR vé và điểm thông tin du lịch.",mixed_proxy_thieu_du_lieu,43.75,20/05/2026 16:56,"Forecast tính trước bằng rule/proxy từ weather, POI, hotel price pressure và graph; AI chỉ giải thích, không tự bịa."
mai_chau,Mai Châu,Hòa Bình,Miền núi phía Bắc,tháng,3 tháng,29.9,xám,hạ tầng proxy yếu; thiếu POI/nguồn kiểm định,"Không đẩy khách đại trà; ưu tiên bãi đỗ, vệ sinh công cộng, biển chỉ dẫn, QR vé và điểm thông tin du lịch.",mixed_proxy_thieu_du_lieu,43.75,20/05/2026 16:56,"Forecast tính trước bằng rule/proxy từ weather, POI, hotel price pressure và graph; AI chỉ giải thích, không tự bịa."
tam_dao,Tam Đảo,Vĩnh Phúc,Trung du miền núi Bắc Bộ,giờ,24 giờ,40.2,xám,hạ tầng proxy yếu; thiếu POI/nguồn kiểm định,"Không đẩy khách đại trà; ưu tiên bãi đỗ, vệ sinh công cộng, biển chỉ dẫn, QR vé và điểm thông tin du lịch.",mixed_proxy_thieu_du_lieu,43.75,20/05/2026 16:56,"Forecast tính trước bằng rule/proxy từ weather, POI, hotel price pressure và graph; AI chỉ giải thích, không tự bịa."
tam_dao,Tam Đảo,Vĩnh Phúc,Trung du miền núi Bắc Bộ,ngày,7 ngày,34.5,xám,hạ tầng proxy yếu; thiếu POI/nguồn kiểm định,"Không đẩy khách đại trà; ưu tiên bãi đỗ, vệ sinh công cộng, biển chỉ dẫn, QR vé và điểm thông tin du lịch.",mixed_proxy_thieu_du_lieu,43.75,20/05/2026 16:56,"Forecast tính trước bằng rule/proxy từ weather, POI, hotel price pressure và graph; AI chỉ giải thích, không tự bịa."
tam_dao,Tam Đảo,Vĩnh Phúc,Trung du miền núi Bắc Bộ,tuần,30 ngày,31.11,xám,hạ tầng proxy yếu; thiếu POI/nguồn kiểm định,"Không đẩy khách đại trà; ưu tiên bãi đỗ, vệ sinh công cộng, biển chỉ dẫn, QR vé và điểm thông tin du lịch.",mixed_proxy_thieu_du_lieu,43.75,20/05/2026 16:56,"Forecast tính trước bằng rule/proxy từ weather, POI, hotel price pressure và graph; AI chỉ giải thích, không tự bịa."
tam_dao,Tam Đảo,Vĩnh Phúc,Trung du miền núi Bắc Bộ,tháng,3 tháng,29.9,xám,hạ tầng proxy yếu; thiếu POI/nguồn kiểm định,"Không đẩy khách đại trà; ưu tiên bãi đỗ, vệ sinh công cộng, biển chỉ dẫn, QR vé và điểm thông tin du lịch.",mixed_proxy_thieu_du_lieu,43.75,20/05/2026 16:56,"Forecast tính trước bằng rule/proxy từ weather, POI, hotel price pressure và graph; AI chỉ giải thích, không tự bịa."
pleiku,Pleiku,Gia Lai,Tây Nguyên,giờ,24 giờ,40.2,xám,hạ tầng proxy yếu; thiếu POI/nguồn kiểm định,"Không đẩy khách đại trà; ưu tiên bãi đỗ, vệ sinh công cộng, biển chỉ dẫn, QR vé và điểm thông tin du lịch.",mixed_proxy_thieu_du_lieu,43.75,20/05/2026 16:56,"Forecast tính trước bằng rule/proxy từ weather, POI, hotel price pressure và graph; AI chỉ giải thích, không tự bịa."
pleiku,Pleiku,Gia Lai,Tây Nguyên,ngày,7 ngày,34.5,xám,hạ tầng proxy yếu; thiếu POI/nguồn kiểm định,"Không đẩy khách đại trà; ưu tiên bãi đỗ, vệ sinh công cộng, biển chỉ dẫn, QR vé và điểm thông tin du lịch.",mixed_proxy_thieu_du_lieu,43.75,20/05/2026 16:56,"Forecast tính trước bằng rule/proxy từ weather, POI, hotel price pressure và graph; AI chỉ giải thích, không tự bịa."
pleiku,Pleiku,Gia Lai,Tây Nguyên,tuần,30 ngày,31.11,xám,hạ tầng proxy yếu; thiếu POI/nguồn kiểm định,"Không đẩy khách đại trà; ưu tiên bãi đỗ, vệ sinh công cộng, biển chỉ dẫn, QR vé và điểm thông tin du lịch.",mixed_proxy_thieu_du_lieu,43.75,20/05/2026 16:56,"Forecast tính trước bằng rule/proxy từ weather, POI, hotel price pressure và graph; AI chỉ giải thích, không tự bịa."
pleiku,Pleiku,Gia Lai,Tây Nguyên,tháng,3 tháng,29.9,xám,hạ tầng proxy yếu; thiếu POI/nguồn kiểm định,"Không đẩy khách đại trà; ưu tiên bãi đỗ, vệ sinh công cộng, biển chỉ dẫn, QR vé và điểm thông tin du lịch.",mixed_proxy_thieu_du_lieu,43.75,20/05/2026 16:56,"Forecast tính trước bằng rule/proxy từ weather, POI, hotel price pressure và graph; AI chỉ giải thích, không tự bịa."
buon_ma_thuot,Buôn Ma Thuột,Đắk Lắk,Tây Nguyên,giờ,24 giờ,40.2,xám,hạ tầng proxy yếu; thiếu POI/nguồn kiểm định,"Không đẩy khách đại trà; ưu tiên bãi đỗ, vệ sinh công cộng, biển chỉ dẫn, QR vé và điểm thông tin du lịch.",mixed_proxy_thieu_du_lieu,43.75,20/05/2026 16:56,"Forecast tính trước bằng rule/proxy từ weather, POI, hotel price pressure và graph; AI chỉ giải thích, không tự bịa."
buon_ma_thuot,Buôn Ma Thuột,Đắk Lắk,Tây Nguyên,ngày,7 ngày,34.5,xám,hạ tầng proxy yếu; thiếu POI/nguồn kiểm định,"Không đẩy khách đại trà; ưu tiên bãi đỗ, vệ sinh công cộng, biển chỉ dẫn, QR vé và điểm thông tin du lịch.",mixed_proxy_thieu_du_lieu,43.75,20/05/2026 16:56,"Forecast tính trước bằng rule/proxy từ weather, POI, hotel price pressure và graph; AI chỉ giải thích, không tự bịa."
buon_ma_thuot,Buôn Ma Thuột,Đắk Lắk,Tây Nguyên,tuần,30 ngày,31.11,xám,hạ tầng proxy yếu; thiếu POI/nguồn kiểm định,"Không đẩy khách đại trà; ưu tiên bãi đỗ, vệ sinh công cộng, biển chỉ dẫn, QR vé và điểm thông tin du lịch.",mixed_proxy_thieu_du_lieu,43.75,20/05/2026 16:56,"Forecast tính trước bằng rule/proxy từ weather, POI, hotel price pressure và graph; AI chỉ giải thích, không tự bịa."
buon_ma_thuot,Buôn Ma Thuột,Đắk Lắk,Tây Nguyên,tháng,3 tháng,29.9,xám,hạ tầng proxy yếu; thiếu POI/nguồn kiểm định,"Không đẩy khách đại trà; ưu tiên bãi đỗ, vệ sinh công cộng, biển chỉ dẫn, QR vé và điểm thông tin du lịch.",mixed_proxy_thieu_du_lieu,43.75,20/05/2026 16:56,"Forecast tính trước bằng rule/proxy từ weather, POI, hotel price pressure và graph; AI chỉ giải thích, không tự bịa."
chau_doc,Châu Đốc,An Giang,Đồng bằng sông Cửu Long,giờ,24 giờ,40.2,xám,hạ tầng proxy yếu; thiếu POI/nguồn kiểm định,"Không đẩy khách đại trà; ưu tiên bãi đỗ, vệ sinh công cộng, biển chỉ dẫn, QR vé và điểm thông tin du lịch.",mixed_proxy_thieu_du_lieu,43.75,20/05/2026 16:56,"Forecast tính trước bằng rule/proxy từ weather, POI, hotel price pressure và graph; AI chỉ giải thích, không tự bịa."
chau_doc,Châu Đốc,An Giang,Đồng bằng sông Cửu Long,ngày,7 ngày,34.5,xám,hạ tầng proxy yếu; thiếu POI/nguồn kiểm định,"Không đẩy khách đại trà; ưu tiên bãi đỗ, vệ sinh công cộng, biển chỉ dẫn, QR vé và điểm thông tin du lịch.",mixed_proxy_thieu_du_lieu,43.75,20/05/2026 16:56,"Forecast tính trước bằng rule/proxy từ weather, POI, hotel price pressure và graph; AI chỉ giải thích, không tự bịa."
chau_doc,Châu Đốc,An Giang,Đồng bằng sông Cửu Long,tuần,30 ngày,31.11,xám,hạ tầng proxy yếu; thiếu POI/nguồn kiểm định,"Không đẩy khách đại trà; ưu tiên bãi đỗ, vệ sinh công cộng, biển chỉ dẫn, QR vé và điểm thông tin du lịch.",mixed_proxy_thieu_du_lieu,43.75,20/05/2026 16:56,"Forecast tính trước bằng rule/proxy từ weather, POI, hotel price pressure và graph; AI chỉ giải thích, không tự bịa."
chau_doc,Châu Đốc,An Giang,Đồng bằng sông Cửu Long,tháng,3 tháng,29.9,xám,hạ tầng proxy yếu; thiếu POI/nguồn kiểm định,"Không đẩy khách đại trà; ưu tiên bãi đỗ, vệ sinh công cộng, biển chỉ dẫn, QR vé và điểm thông tin du lịch.",mixed_proxy_thieu_du_lieu,43.75,20/05/2026 16:56,"Forecast tính trước bằng rule/proxy từ weather, POI, hotel price pressure và graph; AI chỉ giải thích, không tự bịa."
ba_vi,Ba Vì,Hà Nội,Đồng bằng sông Hồng,giờ,24 giờ,40.2,xám,hạ tầng proxy yếu; thiếu POI/nguồn kiểm định,"Không đẩy khách đại trà; ưu tiên bãi đỗ, vệ sinh công cộng, biển chỉ dẫn, QR vé và điểm thông tin du lịch.",mixed_proxy_thieu_du_lieu,43.75,20/05/2026 16:56,"Forecast tính trước bằng rule/proxy từ weather, POI, hotel price pressure và graph; AI chỉ giải thích, không tự bịa."
ba_vi,Ba Vì,Hà Nội,Đồng bằng sông Hồng,ngày,7 ngày,34.5,xám,hạ tầng proxy yếu; thiếu POI/nguồn kiểm định,"Không đẩy khách đại trà; ưu tiên bãi đỗ, vệ sinh công cộng, biển chỉ dẫn, QR vé và điểm thông tin du lịch.",mixed_proxy_thieu_du_lieu,43.75,20/05/2026 16:56,"Forecast tính trước bằng rule/proxy từ weather, POI, hotel price pressure và graph; AI chỉ giải thích, không tự bịa."
ba_vi,Ba Vì,Hà Nội,Đồng bằng sông Hồng,tuần,30 ngày,31.11,xám,hạ tầng proxy yếu; thiếu POI/nguồn kiểm định,"Không đẩy khách đại trà; ưu tiên bãi đỗ, vệ sinh công cộng, biển chỉ dẫn, QR vé và điểm thông tin du lịch.",mixed_proxy_thieu_du_lieu,43.75,20/05/2026 16:56,"Forecast tính trước bằng rule/proxy từ weather, POI, hotel price pressure và graph; AI chỉ giải thích, không tự bịa."
ba_vi,Ba Vì,Hà Nội,Đồng bằng sông Hồng,tháng,3 tháng,29.9,xám,hạ tầng proxy yếu; thiếu POI/nguồn kiểm định,"Không đẩy khách đại trà; ưu tiên bãi đỗ, vệ sinh công cộng, biển chỉ dẫn, QR vé và điểm thông tin du lịch.",mixed_proxy_thieu_du_lieu,43.75,20/05/2026 16:56,"Forecast tính trước bằng rule/proxy từ weather, POI, hotel price pressure và graph; AI chỉ giải thích, không tự bịa."
thien_cam,Thiên Cầm,Hà Tĩnh,Bắc Trung Bộ,giờ,24 giờ,40.2,xám,hạ tầng proxy yếu; thiếu POI/nguồn kiểm định,"Không đẩy khách đại trà; ưu tiên bãi đỗ, vệ sinh công cộng, biển chỉ dẫn, QR vé và điểm thông tin du lịch.",mixed_proxy_thieu_du_lieu,43.75,20/05/2026 16:56,"Forecast tính trước bằng rule/proxy từ weather, POI, hotel price pressure và graph; AI chỉ giải thích, không tự bịa."
thien_cam,Thiên Cầm,Hà Tĩnh,Bắc Trung Bộ,ngày,7 ngày,34.5,xám,hạ tầng proxy yếu; thiếu POI/nguồn kiểm định,"Không đẩy khách đại trà; ưu tiên bãi đỗ, vệ sinh công cộng, biển chỉ dẫn, QR vé và điểm thông tin du lịch.",mixed_proxy_thieu_du_lieu,43.75,20/05/2026 16:56,"Forecast tính trước bằng rule/proxy từ weather, POI, hotel price pressure và graph; AI chỉ giải thích, không tự bịa."
thien_cam,Thiên Cầm,Hà Tĩnh,Bắc Trung Bộ,tuần,30 ngày,31.11,xám,hạ tầng proxy yếu; thiếu POI/nguồn kiểm định,"Không đẩy khách đại trà; ưu tiên bãi đỗ, vệ sinh công cộng, biển chỉ dẫn, QR vé và điểm thông tin du lịch.",mixed_proxy_thieu_du_lieu,43.75,20/05/2026 16:56,"Forecast tính trước bằng rule/proxy từ weather, POI, hotel price pressure và graph; AI chỉ giải thích, không tự bịa."
thien_cam,Thiên Cầm,Hà Tĩnh,Bắc Trung Bộ,tháng,3 tháng,29.9,xám,hạ tầng proxy yếu; thiếu POI/nguồn kiểm định,"Không đẩy khách đại trà; ưu tiên bãi đỗ, vệ sinh công cộng, biển chỉ dẫn, QR vé và điểm thông tin du lịch.",mixed_proxy_thieu_du_lieu,43.75,20/05/2026 16:56,"Forecast tính trước bằng rule/proxy từ weather, POI, hotel price pressure và graph; AI chỉ giải thích, không tự bịa."
nhat_le,Nhật Lệ,Quảng Bình,Bắc Trung Bộ,giờ,24 giờ,40.2,xám,hạ tầng proxy yếu; thiếu POI/nguồn kiểm định,"Không đẩy khách đại trà; ưu tiên bãi đỗ, vệ sinh công cộng, biển chỉ dẫn, QR vé và điểm thông tin du lịch.",mixed_proxy_thieu_du_lieu,43.75,20/05/2026 16:56,"Forecast tính trước bằng rule/proxy từ weather, POI, hotel price pressure và graph; AI chỉ giải thích, không tự bịa."
nhat_le,Nhật Lệ,Quảng Bình,Bắc Trung Bộ,ngày,7 ngày,34.5,xám,hạ tầng proxy yếu; thiếu POI/nguồn kiểm định,"Không đẩy khách đại trà; ưu tiên bãi đỗ, vệ sinh công cộng, biển chỉ dẫn, QR vé và điểm thông tin du lịch.",mixed_proxy_thieu_du_lieu,43.75,20/05/2026 16:56,"Forecast tính trước bằng rule/proxy từ weather, POI, hotel price pressure và graph; AI chỉ giải thích, không tự bịa."
nhat_le,Nhật Lệ,Quảng Bình,Bắc Trung Bộ,tuần,30 ngày,31.11,xám,hạ tầng proxy yếu; thiếu POI/nguồn kiểm định,"Không đẩy khách đại trà; ưu tiên bãi đỗ, vệ sinh công cộng, biển chỉ dẫn, QR vé và điểm thông tin du lịch.",mixed_proxy_thieu_du_lieu,43.75,20/05/2026 16:56,"Forecast tính trước bằng rule/proxy từ weather, POI, hotel price pressure và graph; AI chỉ giải thích, không tự bịa."
nhat_le,Nhật Lệ,Quảng Bình,Bắc Trung Bộ,tháng,3 tháng,29.9,xám,hạ tầng proxy yếu; thiếu POI/nguồn kiểm định,"Không đẩy khách đại trà; ưu tiên bãi đỗ, vệ sinh công cộng, biển chỉ dẫn, QR vé và điểm thông tin du lịch.",mixed_proxy_thieu_du_lieu,43.75,20/05/2026 16:56,"Forecast tính trước bằng rule/proxy từ weather, POI, hotel price pressure và graph; AI chỉ giải thích, không tự bịa."
cua_tung,Cửa Tùng,Quảng Trị,Bắc Trung Bộ,giờ,24 giờ,40.2,xám,hạ tầng proxy yếu; thiếu POI/nguồn kiểm định,"Không đẩy khách đại trà; ưu tiên bãi đỗ, vệ sinh công cộng, biển chỉ dẫn, QR vé và điểm thông tin du lịch.",mixed_proxy_thieu_du_lieu,43.75,20/05/2026 16:56,"Forecast tính trước bằng rule/proxy từ weather, POI, hotel price pressure và graph; AI chỉ giải thích, không tự bịa."
cua_tung,Cửa Tùng,Quảng Trị,Bắc Trung Bộ,ngày,7 ngày,34.5,xám,hạ tầng proxy yếu; thiếu POI/nguồn kiểm định,"Không đẩy khách đại trà; ưu tiên bãi đỗ, vệ sinh công cộng, biển chỉ dẫn, QR vé và điểm thông tin du lịch.",mixed_proxy_thieu_du_lieu,43.75,20/05/2026 16:56,"Forecast tính trước bằng rule/proxy từ weather, POI, hotel price pressure và graph; AI chỉ giải thích, không tự bịa."
cua_tung,Cửa Tùng,Quảng Trị,Bắc Trung Bộ,tuần,30 ngày,31.11,xám,hạ tầng proxy yếu; thiếu POI/nguồn kiểm định,"Không đẩy khách đại trà; ưu tiên bãi đỗ, vệ sinh công cộng, biển chỉ dẫn, QR vé và điểm thông tin du lịch.",mixed_proxy_thieu_du_lieu,43.75,20/05/2026 16:56,"Forecast tính trước bằng rule/proxy từ weather, POI, hotel price pressure và graph; AI chỉ giải thích, không tự bịa."
cua_tung,Cửa Tùng,Quảng Trị,Bắc Trung Bộ,tháng,3 tháng,29.9,xám,hạ tầng proxy yếu; thiếu POI/nguồn kiểm định,"Không đẩy khách đại trà; ưu tiên bãi đỗ, vệ sinh công cộng, biển chỉ dẫn, QR vé và điểm thông tin du lịch.",mixed_proxy_thieu_du_lieu,43.75,20/05/2026 16:56,"Forecast tính trước bằng rule/proxy từ weather, POI, hotel price pressure và graph; AI chỉ giải thích, không tự bịa."
hai_tien,Hải Tiến,Thanh Hóa,Bắc Trung Bộ,giờ,24 giờ,40.2,xám,hạ tầng proxy yếu; thiếu POI/nguồn kiểm định,"Không đẩy khách đại trà; ưu tiên bãi đỗ, vệ sinh công cộng, biển chỉ dẫn, QR vé và điểm thông tin du lịch.",mixed_proxy_thieu_du_lieu,43.75,20/05/2026 16:56,"Forecast tính trước bằng rule/proxy từ weather, POI, hotel price pressure và graph; AI chỉ giải thích, không tự bịa."
hai_tien,Hải Tiến,Thanh Hóa,Bắc Trung Bộ,ngày,7 ngày,34.5,xám,hạ tầng proxy yếu; thiếu POI/nguồn kiểm định,"Không đẩy khách đại trà; ưu tiên bãi đỗ, vệ sinh công cộng, biển chỉ dẫn, QR vé và điểm thông tin du lịch.",mixed_proxy_thieu_du_lieu,43.75,20/05/2026 16:56,"Forecast tính trước bằng rule/proxy từ weather, POI, hotel price pressure và graph; AI chỉ giải thích, không tự bịa."
hai_tien,Hải Tiến,Thanh Hóa,Bắc Trung Bộ,tuần,30 ngày,31.11,xám,hạ tầng proxy yếu; thiếu POI/nguồn kiểm định,"Không đẩy khách đại trà; ưu tiên bãi đỗ, vệ sinh công cộng, biển chỉ dẫn, QR vé và điểm thông tin du lịch.",mixed_proxy_thieu_du_lieu,43.75,20/05/2026 16:56,"Forecast tính trước bằng rule/proxy từ weather, POI, hotel price pressure và graph; AI chỉ giải thích, không tự bịa."
hai_tien,Hải Tiến,Thanh Hóa,Bắc Trung Bộ,tháng,3 tháng,29.9,xám,hạ tầng proxy yếu; thiếu POI/nguồn kiểm định,"Không đẩy khách đại trà; ưu tiên bãi đỗ, vệ sinh công cộng, biển chỉ dẫn, QR vé và điểm thông tin du lịch.",mixed_proxy_thieu_du_lieu,43.75,20/05/2026 16:56,"Forecast tính trước bằng rule/proxy từ weather, POI, hotel price pressure và graph; AI chỉ giải thích, không tự bịa."
lang_co,Lăng Cô,Huế,Duyên hải miền Trung,giờ,24 giờ,40.2,xám,hạ tầng proxy yếu; thiếu POI/nguồn kiểm định,"Không đẩy khách đại trà; ưu tiên bãi đỗ, vệ sinh công cộng, biển chỉ dẫn, QR vé và điểm thông tin du lịch.",mixed_proxy_thieu_du_lieu,43.75,20/05/2026 16:56,"Forecast tính trước bằng rule/proxy từ weather, POI, hotel price pressure và graph; AI chỉ giải thích, không tự bịa."
lang_co,Lăng Cô,Huế,Duyên hải miền Trung,ngày,7 ngày,34.5,xám,hạ tầng proxy yếu; thiếu POI/nguồn kiểm định,"Không đẩy khách đại trà; ưu tiên bãi đỗ, vệ sinh công cộng, biển chỉ dẫn, QR vé và điểm thông tin du lịch.",mixed_proxy_thieu_du_lieu,43.75,20/05/2026 16:56,"Forecast tính trước bằng rule/proxy từ weather, POI, hotel price pressure và graph; AI chỉ giải thích, không tự bịa."
lang_co,Lăng Cô,Huế,Duyên hải miền Trung,tuần,30 ngày,31.11,xám,hạ tầng proxy yếu; thiếu POI/nguồn kiểm định,"Không đẩy khách đại trà; ưu tiên bãi đỗ, vệ sinh công cộng, biển chỉ dẫn, QR vé và điểm thông tin du lịch.",mixed_proxy_thieu_du_lieu,43.75,20/05/2026 16:56,"Forecast tính trước bằng rule/proxy từ weather, POI, hotel price pressure và graph; AI chỉ giải thích, không tự bịa."
lang_co,Lăng Cô,Huế,Duyên hải miền Trung,tháng,3 tháng,29.9,xám,hạ tầng proxy yếu; thiếu POI/nguồn kiểm định,"Không đẩy khách đại trà; ưu tiên bãi đỗ, vệ sinh công cộng, biển chỉ dẫn, QR vé và điểm thông tin du lịch.",mixed_proxy_thieu_du_lieu,43.75,20/05/2026 16:56,"Forecast tính trước bằng rule/proxy từ weather, POI, hotel price pressure và graph; AI chỉ giải thích, không tự bịa."
cu_lao_cham,Cù Lao Chàm,Quảng Nam,Duyên hải miền Trung,giờ,24 giờ,40.2,xám,hạ tầng proxy yếu; thiếu POI/nguồn kiểm định,"Không đẩy khách đại trà; ưu tiên bãi đỗ, vệ sinh công cộng, biển chỉ dẫn, QR vé và điểm thông tin du lịch.",mixed_proxy_thieu_du_lieu,43.75,20/05/2026 16:56,"Forecast tính trước bằng rule/proxy từ weather, POI, hotel price pressure và graph; AI chỉ giải thích, không tự bịa."
cu_lao_cham,Cù Lao Chàm,Quảng Nam,Duyên hải miền Trung,ngày,7 ngày,34.5,xám,hạ tầng proxy yếu; thiếu POI/nguồn kiểm định,"Không đẩy khách đại trà; ưu tiên bãi đỗ, vệ sinh công cộng, biển chỉ dẫn, QR vé và điểm thông tin du lịch.",mixed_proxy_thieu_du_lieu,43.75,20/05/2026 16:56,"Forecast tính trước bằng rule/proxy từ weather, POI, hotel price pressure và graph; AI chỉ giải thích, không tự bịa."
cu_lao_cham,Cù Lao Chàm,Quảng Nam,Duyên hải miền Trung,tuần,30 ngày,31.11,xám,hạ tầng proxy yếu; thiếu POI/nguồn kiểm định,"Không đẩy khách đại trà; ưu tiên bãi đỗ, vệ sinh công cộng, biển chỉ dẫn, QR vé và điểm thông tin du lịch.",mixed_proxy_thieu_du_lieu,43.75,20/05/2026 16:56,"Forecast tính trước bằng rule/proxy từ weather, POI, hotel price pressure và graph; AI chỉ giải thích, không tự bịa."
cu_lao_cham,Cù Lao Chàm,Quảng Nam,Duyên hải miền Trung,tháng,3 tháng,29.9,xám,hạ tầng proxy yếu; thiếu POI/nguồn kiểm định,"Không đẩy khách đại trà; ưu tiên bãi đỗ, vệ sinh công cộng, biển chỉ dẫn, QR vé và điểm thông tin du lịch.",mixed_proxy_thieu_du_lieu,43.75,20/05/2026 16:56,"Forecast tính trước bằng rule/proxy từ weather, POI, hotel price pressure và graph; AI chỉ giải thích, không tự bịa."
tam_ky,Tam Kỳ,Quảng Nam,Duyên hải miền Trung,giờ,24 giờ,40.2,xám,hạ tầng proxy yếu; thiếu POI/nguồn kiểm định,"Không đẩy khách đại trà; ưu tiên bãi đỗ, vệ sinh công cộng, biển chỉ dẫn, QR vé và điểm thông tin du lịch.",mixed_proxy_thieu_du_lieu,43.75,20/05/2026 16:56,"Forecast tính trước bằng rule/proxy từ weather, POI, hotel price pressure và graph; AI chỉ giải thích, không tự bịa."
tam_ky,Tam Kỳ,Quảng Nam,Duyên hải miền Trung,ngày,7 ngày,34.5,xám,hạ tầng proxy yếu; thiếu POI/nguồn kiểm định,"Không đẩy khách đại trà; ưu tiên bãi đỗ, vệ sinh công cộng, biển chỉ dẫn, QR vé và điểm thông tin du lịch.",mixed_proxy_thieu_du_lieu,43.75,20/05/2026 16:56,"Forecast tính trước bằng rule/proxy từ weather, POI, hotel price pressure và graph; AI chỉ giải thích, không tự bịa."
tam_ky,Tam Kỳ,Quảng Nam,Duyên hải miền Trung,tuần,30 ngày,31.11,xám,hạ tầng proxy yếu; thiếu POI/nguồn kiểm định,"Không đẩy khách đại trà; ưu tiên bãi đỗ, vệ sinh công cộng, biển chỉ dẫn, QR vé và điểm thông tin du lịch.",mixed_proxy_thieu_du_lieu,43.75,20/05/2026 16:56,"Forecast tính trước bằng rule/proxy từ weather, POI, hotel price pressure và graph; AI chỉ giải thích, không tự bịa."
tam_ky,Tam Kỳ,Quảng Nam,Duyên hải miền Trung,tháng,3 tháng,29.9,xám,hạ tầng proxy yếu; thiếu POI/nguồn kiểm định,"Không đẩy khách đại trà; ưu tiên bãi đỗ, vệ sinh công cộng, biển chỉ dẫn, QR vé và điểm thông tin du lịch.",mixed_proxy_thieu_du_lieu,43.75,20/05/2026 16:56,"Forecast tính trước bằng rule/proxy từ weather, POI, hotel price pressure và graph; AI chỉ giải thích, không tự bịa."
sa_huynh,Sa Huỳnh,Quảng Ngãi,Duyên hải miền Trung,giờ,24 giờ,40.2,xám,hạ tầng proxy yếu; thiếu POI/nguồn kiểm định,"Không đẩy khách đại trà; ưu tiên bãi đỗ, vệ sinh công cộng, biển chỉ dẫn, QR vé và điểm thông tin du lịch.",mixed_proxy_thieu_du_lieu,43.75,20/05/2026 16:56,"Forecast tính trước bằng rule/proxy từ weather, POI, hotel price pressure và graph; AI chỉ giải thích, không tự bịa."
sa_huynh,Sa Huỳnh,Quảng Ngãi,Duyên hải miền Trung,ngày,7 ngày,34.5,xám,hạ tầng proxy yếu; thiếu POI/nguồn kiểm định,"Không đẩy khách đại trà; ưu tiên bãi đỗ, vệ sinh công cộng, biển chỉ dẫn, QR vé và điểm thông tin du lịch.",mixed_proxy_thieu_du_lieu,43.75,20/05/2026 16:56,"Forecast tính trước bằng rule/proxy từ weather, POI, hotel price pressure và graph; AI chỉ giải thích, không tự bịa."
sa_huynh,Sa Huỳnh,Quảng Ngãi,Duyên hải miền Trung,tuần,30 ngày,31.11,xám,hạ tầng proxy yếu; thiếu POI/nguồn kiểm định,"Không đẩy khách đại trà; ưu tiên bãi đỗ, vệ sinh công cộng, biển chỉ dẫn, QR vé và điểm thông tin du lịch.",mixed_proxy_thieu_du_lieu,43.75,20/05/2026 16:56,"Forecast tính trước bằng rule/proxy từ weather, POI, hotel price pressure và graph; AI chỉ giải thích, không tự bịa."
sa_huynh,Sa Huỳnh,Quảng Ngãi,Duyên hải miền Trung,tháng,3 tháng,29.9,xám,hạ tầng proxy yếu; thiếu POI/nguồn kiểm định,"Không đẩy khách đại trà; ưu tiên bãi đỗ, vệ sinh công cộng, biển chỉ dẫn, QR vé và điểm thông tin du lịch.",mixed_proxy_thieu_du_lieu,43.75,20/05/2026 16:56,"Forecast tính trước bằng rule/proxy từ weather, POI, hotel price pressure và graph; AI chỉ giải thích, không tự bịa."
my_khe,Mỹ Khê,Đà Nẵng,Duyên hải miền Trung,giờ,24 giờ,40.2,xám,hạ tầng proxy yếu; thiếu POI/nguồn kiểm định,"Không đẩy khách đại trà; ưu tiên bãi đỗ, vệ sinh công cộng, biển chỉ dẫn, QR vé và điểm thông tin du lịch.",mixed_proxy_thieu_du_lieu,43.75,20/05/2026 16:56,"Forecast tính trước bằng rule/proxy từ weather, POI, hotel price pressure và graph; AI chỉ giải thích, không tự bịa."
my_khe,Mỹ Khê,Đà Nẵng,Duyên hải miền Trung,ngày,7 ngày,34.5,xám,hạ tầng proxy yếu; thiếu POI/nguồn kiểm định,"Không đẩy khách đại trà; ưu tiên bãi đỗ, vệ sinh công cộng, biển chỉ dẫn, QR vé và điểm thông tin du lịch.",mixed_proxy_thieu_du_lieu,43.75,20/05/2026 16:56,"Forecast tính trước bằng rule/proxy từ weather, POI, hotel price pressure và graph; AI chỉ giải thích, không tự bịa."
my_khe,Mỹ Khê,Đà Nẵng,Duyên hải miền Trung,tuần,30 ngày,31.11,xám,hạ tầng proxy yếu; thiếu POI/nguồn kiểm định,"Không đẩy khách đại trà; ưu tiên bãi đỗ, vệ sinh công cộng, biển chỉ dẫn, QR vé và điểm thông tin du lịch.",mixed_proxy_thieu_du_lieu,43.75,20/05/2026 16:56,"Forecast tính trước bằng rule/proxy từ weather, POI, hotel price pressure và graph; AI chỉ giải thích, không tự bịa."
my_khe,Mỹ Khê,Đà Nẵng,Duyên hải miền Trung,tháng,3 tháng,29.9,xám,hạ tầng proxy yếu; thiếu POI/nguồn kiểm định,"Không đẩy khách đại trà; ưu tiên bãi đỗ, vệ sinh công cộng, biển chỉ dẫn, QR vé và điểm thông tin du lịch.",mixed_proxy_thieu_du_lieu,43.75,20/05/2026 16:56,"Forecast tính trước bằng rule/proxy từ weather, POI, hotel price pressure và graph; AI chỉ giải thích, không tự bịa."
la_gi,La Gi,Bình Thuận,Nam Trung Bộ,giờ,24 giờ,40.2,xám,hạ tầng proxy yếu; thiếu POI/nguồn kiểm định,"Không đẩy khách đại trà; ưu tiên bãi đỗ, vệ sinh công cộng, biển chỉ dẫn, QR vé và điểm thông tin du lịch.",mixed_proxy_thieu_du_lieu,43.75,20/05/2026 16:56,"Forecast tính trước bằng rule/proxy từ weather, POI, hotel price pressure và graph; AI chỉ giải thích, không tự bịa."
la_gi,La Gi,Bình Thuận,Nam Trung Bộ,ngày,7 ngày,34.5,xám,hạ tầng proxy yếu; thiếu POI/nguồn kiểm định,"Không đẩy khách đại trà; ưu tiên bãi đỗ, vệ sinh công cộng, biển chỉ dẫn, QR vé và điểm thông tin du lịch.",mixed_proxy_thieu_du_lieu,43.75,20/05/2026 16:56,"Forecast tính trước bằng rule/proxy từ weather, POI, hotel price pressure và graph; AI chỉ giải thích, không tự bịa."
la_gi,La Gi,Bình Thuận,Nam Trung Bộ,tuần,30 ngày,31.11,xám,hạ tầng proxy yếu; thiếu POI/nguồn kiểm định,"Không đẩy khách đại trà; ưu tiên bãi đỗ, vệ sinh công cộng, biển chỉ dẫn, QR vé và điểm thông tin du lịch.",mixed_proxy_thieu_du_lieu,43.75,20/05/2026 16:56,"Forecast tính trước bằng rule/proxy từ weather, POI, hotel price pressure và graph; AI chỉ giải thích, không tự bịa."
la_gi,La Gi,Bình Thuận,Nam Trung Bộ,tháng,3 tháng,29.9,xám,hạ tầng proxy yếu; thiếu POI/nguồn kiểm định,"Không đẩy khách đại trà; ưu tiên bãi đỗ, vệ sinh công cộng, biển chỉ dẫn, QR vé và điểm thông tin du lịch.",mixed_proxy_thieu_du_lieu,43.75,20/05/2026 16:56,"Forecast tính trước bằng rule/proxy từ weather, POI, hotel price pressure và graph; AI chỉ giải thích, không tự bịa."
phan_thiet,Phan Thiết,Bình Thuận,Nam Trung Bộ,giờ,24 giờ,40.2,xám,hạ tầng proxy yếu; thiếu POI/nguồn kiểm định,"Không đẩy khách đại trà; ưu tiên bãi đỗ, vệ sinh công cộng, biển chỉ dẫn, QR vé và điểm thông tin du lịch.",mixed_proxy_thieu_du_lieu,43.75,20/05/2026 16:56,"Forecast tính trước bằng rule/proxy từ weather, POI, hotel price pressure và graph; AI chỉ giải thích, không tự bịa."
phan_thiet,Phan Thiết,Bình Thuận,Nam Trung Bộ,ngày,7 ngày,34.5,xám,hạ tầng proxy yếu; thiếu POI/nguồn kiểm định,"Không đẩy khách đại trà; ưu tiên bãi đỗ, vệ sinh công cộng, biển chỉ dẫn, QR vé và điểm thông tin du lịch.",mixed_proxy_thieu_du_lieu,43.75,20/05/2026 16:56,"Forecast tính trước bằng rule/proxy từ weather, POI, hotel price pressure và graph; AI chỉ giải thích, không tự bịa."
phan_thiet,Phan Thiết,Bình Thuận,Nam Trung Bộ,tuần,30 ngày,31.11,xám,hạ tầng proxy yếu; thiếu POI/nguồn kiểm định,"Không đẩy khách đại trà; ưu tiên bãi đỗ, vệ sinh công cộng, biển chỉ dẫn, QR vé và điểm thông tin du lịch.",mixed_proxy_thieu_du_lieu,43.75,20/05/2026 16:56,"Forecast tính trước bằng rule/proxy từ weather, POI, hotel price pressure và graph; AI chỉ giải thích, không tự bịa."
phan_thiet,Phan Thiết,Bình Thuận,Nam Trung Bộ,tháng,3 tháng,29.9,xám,hạ tầng proxy yếu; thiếu POI/nguồn kiểm định,"Không đẩy khách đại trà; ưu tiên bãi đỗ, vệ sinh công cộng, biển chỉ dẫn, QR vé và điểm thông tin du lịch.",mixed_proxy_thieu_du_lieu,43.75,20/05/2026 16:56,"Forecast tính trước bằng rule/proxy từ weather, POI, hotel price pressure và graph; AI chỉ giải thích, không tự bịa."
ky_co,Kỳ Co,Bình Định,Nam Trung Bộ,giờ,24 giờ,40.2,xám,hạ tầng proxy yếu; thiếu POI/nguồn kiểm định,"Không đẩy khách đại trà; ưu tiên bãi đỗ, vệ sinh công cộng, biển chỉ dẫn, QR vé và điểm thông tin du lịch.",mixed_proxy_thieu_du_lieu,43.75,20/05/2026 16:56,"Forecast tính trước bằng rule/proxy từ weather, POI, hotel price pressure và graph; AI chỉ giải thích, không tự bịa."
ky_co,Kỳ Co,Bình Định,Nam Trung Bộ,ngày,7 ngày,34.5,xám,hạ tầng proxy yếu; thiếu POI/nguồn kiểm định,"Không đẩy khách đại trà; ưu tiên bãi đỗ, vệ sinh công cộng, biển chỉ dẫn, QR vé và điểm thông tin du lịch.",mixed_proxy_thieu_du_lieu,43.75,20/05/2026 16:56,"Forecast tính trước bằng rule/proxy từ weather, POI, hotel price pressure và graph; AI chỉ giải thích, không tự bịa."
ky_co,Kỳ Co,Bình Định,Nam Trung Bộ,tuần,30 ngày,31.11,xám,hạ tầng proxy yếu; thiếu POI/nguồn kiểm định,"Không đẩy khách đại trà; ưu tiên bãi đỗ, vệ sinh công cộng, biển chỉ dẫn, QR vé và điểm thông tin du lịch.",mixed_proxy_thieu_du_lieu,43.75,20/05/2026 16:56,"Forecast tính trước bằng rule/proxy từ weather, POI, hotel price pressure và graph; AI chỉ giải thích, không tự bịa."
ky_co,Kỳ Co,Bình Định,Nam Trung Bộ,tháng,3 tháng,29.9,xám,hạ tầng proxy yếu; thiếu POI/nguồn kiểm định,"Không đẩy khách đại trà; ưu tiên bãi đỗ, vệ sinh công cộng, biển chỉ dẫn, QR vé và điểm thông tin du lịch.",mixed_proxy_thieu_du_lieu,43.75,20/05/2026 16:56,"Forecast tính trước bằng rule/proxy từ weather, POI, hotel price pressure và graph; AI chỉ giải thích, không tự bịa."
binh_ba,Bình Ba,Khánh Hòa,Nam Trung Bộ,giờ,24 giờ,40.2,xám,hạ tầng proxy yếu; thiếu POI/nguồn kiểm định,"Không đẩy khách đại trà; ưu tiên bãi đỗ, vệ sinh công cộng, biển chỉ dẫn, QR vé và điểm thông tin du lịch.",mixed_proxy_thieu_du_lieu,43.75,20/05/2026 16:56,"Forecast tính trước bằng rule/proxy từ weather, POI, hotel price pressure và graph; AI chỉ giải thích, không tự bịa."
binh_ba,Bình Ba,Khánh Hòa,Nam Trung Bộ,ngày,7 ngày,34.5,xám,hạ tầng proxy yếu; thiếu POI/nguồn kiểm định,"Không đẩy khách đại trà; ưu tiên bãi đỗ, vệ sinh công cộng, biển chỉ dẫn, QR vé và điểm thông tin du lịch.",mixed_proxy_thieu_du_lieu,43.75,20/05/2026 16:56,"Forecast tính trước bằng rule/proxy từ weather, POI, hotel price pressure và graph; AI chỉ giải thích, không tự bịa."
binh_ba,Bình Ba,Khánh Hòa,Nam Trung Bộ,tuần,30 ngày,31.11,xám,hạ tầng proxy yếu; thiếu POI/nguồn kiểm định,"Không đẩy khách đại trà; ưu tiên bãi đỗ, vệ sinh công cộng, biển chỉ dẫn, QR vé và điểm thông tin du lịch.",mixed_proxy_thieu_du_lieu,43.75,20/05/2026 16:56,"Forecast tính trước bằng rule/proxy từ weather, POI, hotel price pressure và graph; AI chỉ giải thích, không tự bịa."
binh_ba,Bình Ba,Khánh Hòa,Nam Trung Bộ,tháng,3 tháng,29.9,xám,hạ tầng proxy yếu; thiếu POI/nguồn kiểm định,"Không đẩy khách đại trà; ưu tiên bãi đỗ, vệ sinh công cộng, biển chỉ dẫn, QR vé và điểm thông tin du lịch.",mixed_proxy_thieu_du_lieu,43.75,20/05/2026 16:56,"Forecast tính trước bằng rule/proxy từ weather, POI, hotel price pressure và graph; AI chỉ giải thích, không tự bịa."
cam_ranh,Cam Ranh,Khánh Hòa,Nam Trung Bộ,giờ,24 giờ,40.2,xám,hạ tầng proxy yếu; thiếu POI/nguồn kiểm định,"Không đẩy khách đại trà; ưu tiên bãi đỗ, vệ sinh công cộng, biển chỉ dẫn, QR vé và điểm thông tin du lịch.",mixed_proxy_thieu_du_lieu,43.75,20/05/2026 16:56,"Forecast tính trước bằng rule/proxy từ weather, POI, hotel price pressure và graph; AI chỉ giải thích, không tự bịa."
cam_ranh,Cam Ranh,Khánh Hòa,Nam Trung Bộ,ngày,7 ngày,34.5,xám,hạ tầng proxy yếu; thiếu POI/nguồn kiểm định,"Không đẩy khách đại trà; ưu tiên bãi đỗ, vệ sinh công cộng, biển chỉ dẫn, QR vé và điểm thông tin du lịch.",mixed_proxy_thieu_du_lieu,43.75,20/05/2026 16:56,"Forecast tính trước bằng rule/proxy từ weather, POI, hotel price pressure và graph; AI chỉ giải thích, không tự bịa."
cam_ranh,Cam Ranh,Khánh Hòa,Nam Trung Bộ,tuần,30 ngày,31.11,xám,hạ tầng proxy yếu; thiếu POI/nguồn kiểm định,"Không đẩy khách đại trà; ưu tiên bãi đỗ, vệ sinh công cộng, biển chỉ dẫn, QR vé và điểm thông tin du lịch.",mixed_proxy_thieu_du_lieu,43.75,20/05/2026 16:56,"Forecast tính trước bằng rule/proxy từ weather, POI, hotel price pressure và graph; AI chỉ giải thích, không tự bịa."
cam_ranh,Cam Ranh,Khánh Hòa,Nam Trung Bộ,tháng,3 tháng,29.9,xám,hạ tầng proxy yếu; thiếu POI/nguồn kiểm định,"Không đẩy khách đại trà; ưu tiên bãi đỗ, vệ sinh công cộng, biển chỉ dẫn, QR vé và điểm thông tin du lịch.",mixed_proxy_thieu_du_lieu,43.75,20/05/2026 16:56,"Forecast tính trước bằng rule/proxy từ weather, POI, hotel price pressure và graph; AI chỉ giải thích, không tự bịa."
phan_rang,Phan Rang - Tháp Chàm,Ninh Thuận,Nam Trung Bộ,giờ,24 giờ,40.2,xám,hạ tầng proxy yếu; thiếu POI/nguồn kiểm định,"Không đẩy khách đại trà; ưu tiên bãi đỗ, vệ sinh công cộng, biển chỉ dẫn, QR vé và điểm thông tin du lịch.",mixed_proxy_thieu_du_lieu,43.75,20/05/2026 16:56,"Forecast tính trước bằng rule/proxy từ weather, POI, hotel price pressure và graph; AI chỉ giải thích, không tự bịa."
phan_rang,Phan Rang - Tháp Chàm,Ninh Thuận,Nam Trung Bộ,ngày,7 ngày,34.5,xám,hạ tầng proxy yếu; thiếu POI/nguồn kiểm định,"Không đẩy khách đại trà; ưu tiên bãi đỗ, vệ sinh công cộng, biển chỉ dẫn, QR vé và điểm thông tin du lịch.",mixed_proxy_thieu_du_lieu,43.75,20/05/2026 16:56,"Forecast tính trước bằng rule/proxy từ weather, POI, hotel price pressure và graph; AI chỉ giải thích, không tự bịa."
phan_rang,Phan Rang - Tháp Chàm,Ninh Thuận,Nam Trung Bộ,tuần,30 ngày,31.11,xám,hạ tầng proxy yếu; thiếu POI/nguồn kiểm định,"Không đẩy khách đại trà; ưu tiên bãi đỗ, vệ sinh công cộng, biển chỉ dẫn, QR vé và điểm thông tin du lịch.",mixed_proxy_thieu_du_lieu,43.75,20/05/2026 16:56,"Forecast tính trước bằng rule/proxy từ weather, POI, hotel price pressure và graph; AI chỉ giải thích, không tự bịa."
phan_rang,Phan Rang - Tháp Chàm,Ninh Thuận,Nam Trung Bộ,tháng,3 tháng,29.9,xám,hạ tầng proxy yếu; thiếu POI/nguồn kiểm định,"Không đẩy khách đại trà; ưu tiên bãi đỗ, vệ sinh công cộng, biển chỉ dẫn, QR vé và điểm thông tin du lịch.",mixed_proxy_thieu_du_lieu,43.75,20/05/2026 16:56,"Forecast tính trước bằng rule/proxy từ weather, POI, hotel price pressure và graph; AI chỉ giải thích, không tự bịa."
vinh_hy,Vĩnh Hy,Ninh Thuận,Nam Trung Bộ,giờ,24 giờ,40.2,xám,hạ tầng proxy yếu; thiếu POI/nguồn kiểm định,"Không đẩy khách đại trà; ưu tiên bãi đỗ, vệ sinh công cộng, biển chỉ dẫn, QR vé và điểm thông tin du lịch.",mixed_proxy_thieu_du_lieu,43.75,20/05/2026 16:56,"Forecast tính trước bằng rule/proxy từ weather, POI, hotel price pressure và graph; AI chỉ giải thích, không tự bịa."
vinh_hy,Vĩnh Hy,Ninh Thuận,Nam Trung Bộ,ngày,7 ngày,34.5,xám,hạ tầng proxy yếu; thiếu POI/nguồn kiểm định,"Không đẩy khách đại trà; ưu tiên bãi đỗ, vệ sinh công cộng, biển chỉ dẫn, QR vé và điểm thông tin du lịch.",mixed_proxy_thieu_du_lieu,43.75,20/05/2026 16:56,"Forecast tính trước bằng rule/proxy từ weather, POI, hotel price pressure và graph; AI chỉ giải thích, không tự bịa."
vinh_hy,Vĩnh Hy,Ninh Thuận,Nam Trung Bộ,tuần,30 ngày,31.11,xám,hạ tầng proxy yếu; thiếu POI/nguồn kiểm định,"Không đẩy khách đại trà; ưu tiên bãi đỗ, vệ sinh công cộng, biển chỉ dẫn, QR vé và điểm thông tin du lịch.",mixed_proxy_thieu_du_lieu,43.75,20/05/2026 16:56,"Forecast tính trước bằng rule/proxy từ weather, POI, hotel price pressure và graph; AI chỉ giải thích, không tự bịa."
vinh_hy,Vĩnh Hy,Ninh Thuận,Nam Trung Bộ,tháng,3 tháng,29.9,xám,hạ tầng proxy yếu; thiếu POI/nguồn kiểm định,"Không đẩy khách đại trà; ưu tiên bãi đỗ, vệ sinh công cộng, biển chỉ dẫn, QR vé và điểm thông tin du lịch.",mixed_proxy_thieu_du_lieu,43.75,20/05/2026 16:56,"Forecast tính trước bằng rule/proxy từ weather, POI, hotel price pressure và graph; AI chỉ giải thích, không tự bịa."
ghenh_da_dia,Gành Đá Đĩa,Phú Yên,Nam Trung Bộ,giờ,24 giờ,40.2,xám,hạ tầng proxy yếu; thiếu POI/nguồn kiểm định,"Không đẩy khách đại trà; ưu tiên bãi đỗ, vệ sinh công cộng, biển chỉ dẫn, QR vé và điểm thông tin du lịch.",mixed_proxy_thieu_du_lieu,43.75,20/05/2026 16:56,"Forecast tính trước bằng rule/proxy từ weather, POI, hotel price pressure và graph; AI chỉ giải thích, không tự bịa."
ghenh_da_dia,Gành Đá Đĩa,Phú Yên,Nam Trung Bộ,ngày,7 ngày,34.5,xám,hạ tầng proxy yếu; thiếu POI/nguồn kiểm định,"Không đẩy khách đại trà; ưu tiên bãi đỗ, vệ sinh công cộng, biển chỉ dẫn, QR vé và điểm thông tin du lịch.",mixed_proxy_thieu_du_lieu,43.75,20/05/2026 16:56,"Forecast tính trước bằng rule/proxy từ weather, POI, hotel price pressure và graph; AI chỉ giải thích, không tự bịa."
ghenh_da_dia,Gành Đá Đĩa,Phú Yên,Nam Trung Bộ,tuần,30 ngày,31.11,xám,hạ tầng proxy yếu; thiếu POI/nguồn kiểm định,"Không đẩy khách đại trà; ưu tiên bãi đỗ, vệ sinh công cộng, biển chỉ dẫn, QR vé và điểm thông tin du lịch.",mixed_proxy_thieu_du_lieu,43.75,20/05/2026 16:56,"Forecast tính trước bằng rule/proxy từ weather, POI, hotel price pressure và graph; AI chỉ giải thích, không tự bịa."
ghenh_da_dia,Gành Đá Đĩa,Phú Yên,Nam Trung Bộ,tháng,3 tháng,29.9,xám,hạ tầng proxy yếu; thiếu POI/nguồn kiểm định,"Không đẩy khách đại trà; ưu tiên bãi đỗ, vệ sinh công cộng, biển chỉ dẫn, QR vé và điểm thông tin du lịch.",mixed_proxy_thieu_du_lieu,43.75,20/05/2026 16:56,"Forecast tính trước bằng rule/proxy từ weather, POI, hotel price pressure và graph; AI chỉ giải thích, không tự bịa."
tuy_hoa,Tuy Hòa,Phú Yên,Nam Trung Bộ,giờ,24 giờ,40.2,xám,hạ tầng proxy yếu; thiếu POI/nguồn kiểm định,"Không đẩy khách đại trà; ưu tiên bãi đỗ, vệ sinh công cộng, biển chỉ dẫn, QR vé và điểm thông tin du lịch.",mixed_proxy_thieu_du_lieu,43.75,20/05/2026 16:56,"Forecast tính trước bằng rule/proxy từ weather, POI, hotel price pressure và graph; AI chỉ giải thích, không tự bịa."
tuy_hoa,Tuy Hòa,Phú Yên,Nam Trung Bộ,ngày,7 ngày,34.5,xám,hạ tầng proxy yếu; thiếu POI/nguồn kiểm định,"Không đẩy khách đại trà; ưu tiên bãi đỗ, vệ sinh công cộng, biển chỉ dẫn, QR vé và điểm thông tin du lịch.",mixed_proxy_thieu_du_lieu,43.75,20/05/2026 16:56,"Forecast tính trước bằng rule/proxy từ weather, POI, hotel price pressure và graph; AI chỉ giải thích, không tự bịa."
tuy_hoa,Tuy Hòa,Phú Yên,Nam Trung Bộ,tuần,30 ngày,31.11,xám,hạ tầng proxy yếu; thiếu POI/nguồn kiểm định,"Không đẩy khách đại trà; ưu tiên bãi đỗ, vệ sinh công cộng, biển chỉ dẫn, QR vé và điểm thông tin du lịch.",mixed_proxy_thieu_du_lieu,43.75,20/05/2026 16:56,"Forecast tính trước bằng rule/proxy từ weather, POI, hotel price pressure và graph; AI chỉ giải thích, không tự bịa."
tuy_hoa,Tuy Hòa,Phú Yên,Nam Trung Bộ,tháng,3 tháng,29.9,xám,hạ tầng proxy yếu; thiếu POI/nguồn kiểm định,"Không đẩy khách đại trà; ưu tiên bãi đỗ, vệ sinh công cộng, biển chỉ dẫn, QR vé và điểm thông tin du lịch.",mixed_proxy_thieu_du_lieu,43.75,20/05/2026 16:56,"Forecast tính trước bằng rule/proxy từ weather, POI, hotel price pressure và graph; AI chỉ giải thích, không tự bịa."
ha_tien,Hà Tiên,Kiên Giang,Tây Nam Bộ,giờ,24 giờ,40.2,xám,hạ tầng proxy yếu; thiếu POI/nguồn kiểm định,"Không đẩy khách đại trà; ưu tiên bãi đỗ, vệ sinh công cộng, biển chỉ dẫn, QR vé và điểm thông tin du lịch.",mixed_proxy_thieu_du_lieu,43.75,20/05/2026 16:56,"Forecast tính trước bằng rule/proxy từ weather, POI, hotel price pressure và graph; AI chỉ giải thích, không tự bịa."
ha_tien,Hà Tiên,Kiên Giang,Tây Nam Bộ,ngày,7 ngày,34.5,xám,hạ tầng proxy yếu; thiếu POI/nguồn kiểm định,"Không đẩy khách đại trà; ưu tiên bãi đỗ, vệ sinh công cộng, biển chỉ dẫn, QR vé và điểm thông tin du lịch.",mixed_proxy_thieu_du_lieu,43.75,20/05/2026 16:56,"Forecast tính trước bằng rule/proxy từ weather, POI, hotel price pressure và graph; AI chỉ giải thích, không tự bịa."
ha_tien,Hà Tiên,Kiên Giang,Tây Nam Bộ,tuần,30 ngày,31.11,xám,hạ tầng proxy yếu; thiếu POI/nguồn kiểm định,"Không đẩy khách đại trà; ưu tiên bãi đỗ, vệ sinh công cộng, biển chỉ dẫn, QR vé và điểm thông tin du lịch.",mixed_proxy_thieu_du_lieu,43.75,20/05/2026 16:56,"Forecast tính trước bằng rule/proxy từ weather, POI, hotel price pressure và graph; AI chỉ giải thích, không tự bịa."
ha_tien,Hà Tiên,Kiên Giang,Tây Nam Bộ,tháng,3 tháng,29.9,xám,hạ tầng proxy yếu; thiếu POI/nguồn kiểm định,"Không đẩy khách đại trà; ưu tiên bãi đỗ, vệ sinh công cộng, biển chỉ dẫn, QR vé và điểm thông tin du lịch.",mixed_proxy_thieu_du_lieu,43.75,20/05/2026 16:56,"Forecast tính trước bằng rule/proxy từ weather, POI, hotel price pressure và graph; AI chỉ giải thích, không tự bịa."
co_to,Cô Tô,Quảng Ninh,Đông Bắc,giờ,24 giờ,40.2,xám,hạ tầng proxy yếu; thiếu POI/nguồn kiểm định,"Không đẩy khách đại trà; ưu tiên bãi đỗ, vệ sinh công cộng, biển chỉ dẫn, QR vé và điểm thông tin du lịch.",mixed_proxy_thieu_du_lieu,43.75,20/05/2026 16:56,"Forecast tính trước bằng rule/proxy từ weather, POI, hotel price pressure và graph; AI chỉ giải thích, không tự bịa."
co_to,Cô Tô,Quảng Ninh,Đông Bắc,ngày,7 ngày,34.5,xám,hạ tầng proxy yếu; thiếu POI/nguồn kiểm định,"Không đẩy khách đại trà; ưu tiên bãi đỗ, vệ sinh công cộng, biển chỉ dẫn, QR vé và điểm thông tin du lịch.",mixed_proxy_thieu_du_lieu,43.75,20/05/2026 16:56,"Forecast tính trước bằng rule/proxy từ weather, POI, hotel price pressure và graph; AI chỉ giải thích, không tự bịa."
co_to,Cô Tô,Quảng Ninh,Đông Bắc,tuần,30 ngày,31.11,xám,hạ tầng proxy yếu; thiếu POI/nguồn kiểm định,"Không đẩy khách đại trà; ưu tiên bãi đỗ, vệ sinh công cộng, biển chỉ dẫn, QR vé và điểm thông tin du lịch.",mixed_proxy_thieu_du_lieu,43.75,20/05/2026 16:56,"Forecast tính trước bằng rule/proxy từ weather, POI, hotel price pressure và graph; AI chỉ giải thích, không tự bịa."
co_to,Cô Tô,Quảng Ninh,Đông Bắc,tháng,3 tháng,29.9,xám,hạ tầng proxy yếu; thiếu POI/nguồn kiểm định,"Không đẩy khách đại trà; ưu tiên bãi đỗ, vệ sinh công cộng, biển chỉ dẫn, QR vé và điểm thông tin du lịch.",mixed_proxy_thieu_du_lieu,43.75,20/05/2026 16:56,"Forecast tính trước bằng rule/proxy từ weather, POI, hotel price pressure và graph; AI chỉ giải thích, không tự bịa."
tra_co,Trà Cổ,Quảng Ninh,Đông Bắc,giờ,24 giờ,40.2,xám,hạ tầng proxy yếu; thiếu POI/nguồn kiểm định,"Không đẩy khách đại trà; ưu tiên bãi đỗ, vệ sinh công cộng, biển chỉ dẫn, QR vé và điểm thông tin du lịch.",mixed_proxy_thieu_du_lieu,43.75,20/05/2026 16:56,"Forecast tính trước bằng rule/proxy từ weather, POI, hotel price pressure và graph; AI chỉ giải thích, không tự bịa."
tra_co,Trà Cổ,Quảng Ninh,Đông Bắc,ngày,7 ngày,34.5,xám,hạ tầng proxy yếu; thiếu POI/nguồn kiểm định,"Không đẩy khách đại trà; ưu tiên bãi đỗ, vệ sinh công cộng, biển chỉ dẫn, QR vé và điểm thông tin du lịch.",mixed_proxy_thieu_du_lieu,43.75,20/05/2026 16:56,"Forecast tính trước bằng rule/proxy từ weather, POI, hotel price pressure và graph; AI chỉ giải thích, không tự bịa."
tra_co,Trà Cổ,Quảng Ninh,Đông Bắc,tuần,30 ngày,31.11,xám,hạ tầng proxy yếu; thiếu POI/nguồn kiểm định,"Không đẩy khách đại trà; ưu tiên bãi đỗ, vệ sinh công cộng, biển chỉ dẫn, QR vé và điểm thông tin du lịch.",mixed_proxy_thieu_du_lieu,43.75,20/05/2026 16:56,"Forecast tính trước bằng rule/proxy từ weather, POI, hotel price pressure và graph; AI chỉ giải thích, không tự bịa."
tra_co,Trà Cổ,Quảng Ninh,Đông Bắc,tháng,3 tháng,29.9,xám,hạ tầng proxy yếu; thiếu POI/nguồn kiểm định,"Không đẩy khách đại trà; ưu tiên bãi đỗ, vệ sinh công cộng, biển chỉ dẫn, QR vé và điểm thông tin du lịch.",mixed_proxy_thieu_du_lieu,43.75,20/05/2026 16:56,"Forecast tính trước bằng rule/proxy từ weather, POI, hotel price pressure và graph; AI chỉ giải thích, không tự bịa."
ho_tram,Hồ Tràm,Bà Rịa - Vũng Tàu,Đông Nam Bộ,giờ,24 giờ,40.2,xám,hạ tầng proxy yếu; thiếu POI/nguồn kiểm định,"Không đẩy khách đại trà; ưu tiên bãi đỗ, vệ sinh công cộng, biển chỉ dẫn, QR vé và điểm thông tin du lịch.",mixed_proxy_thieu_du_lieu,43.75,20/05/2026 16:56,"Forecast tính trước bằng rule/proxy từ weather, POI, hotel price pressure và graph; AI chỉ giải thích, không tự bịa."
ho_tram,Hồ Tràm,Bà Rịa - Vũng Tàu,Đông Nam Bộ,ngày,7 ngày,34.5,xám,hạ tầng proxy yếu; thiếu POI/nguồn kiểm định,"Không đẩy khách đại trà; ưu tiên bãi đỗ, vệ sinh công cộng, biển chỉ dẫn, QR vé và điểm thông tin du lịch.",mixed_proxy_thieu_du_lieu,43.75,20/05/2026 16:56,"Forecast tính trước bằng rule/proxy từ weather, POI, hotel price pressure và graph; AI chỉ giải thích, không tự bịa."
ho_tram,Hồ Tràm,Bà Rịa - Vũng Tàu,Đông Nam Bộ,tuần,30 ngày,31.11,xám,hạ tầng proxy yếu; thiếu POI/nguồn kiểm định,"Không đẩy khách đại trà; ưu tiên bãi đỗ, vệ sinh công cộng, biển chỉ dẫn, QR vé và điểm thông tin du lịch.",mixed_proxy_thieu_du_lieu,43.75,20/05/2026 16:56,"Forecast tính trước bằng rule/proxy từ weather, POI, hotel price pressure và graph; AI chỉ giải thích, không tự bịa."
ho_tram,Hồ Tràm,Bà Rịa - Vũng Tàu,Đông Nam Bộ,tháng,3 tháng,29.9,xám,hạ tầng proxy yếu; thiếu POI/nguồn kiểm định,"Không đẩy khách đại trà; ưu tiên bãi đỗ, vệ sinh công cộng, biển chỉ dẫn, QR vé và điểm thông tin du lịch.",mixed_proxy_thieu_du_lieu,43.75,20/05/2026 16:56,"Forecast tính trước bằng rule/proxy từ weather, POI, hotel price pressure và graph; AI chỉ giải thích, không tự bịa."
can_gio,Cần Giờ,TP Hồ Chí Minh,Đông Nam Bộ,giờ,24 giờ,40.2,xám,hạ tầng proxy yếu; thiếu POI/nguồn kiểm định,"Không đẩy khách đại trà; ưu tiên bãi đỗ, vệ sinh công cộng, biển chỉ dẫn, QR vé và điểm thông tin du lịch.",mixed_proxy_thieu_du_lieu,43.75,20/05/2026 16:56,"Forecast tính trước bằng rule/proxy từ weather, POI, hotel price pressure và graph; AI chỉ giải thích, không tự bịa."
can_gio,Cần Giờ,TP Hồ Chí Minh,Đông Nam Bộ,ngày,7 ngày,34.5,xám,hạ tầng proxy yếu; thiếu POI/nguồn kiểm định,"Không đẩy khách đại trà; ưu tiên bãi đỗ, vệ sinh công cộng, biển chỉ dẫn, QR vé và điểm thông tin du lịch.",mixed_proxy_thieu_du_lieu,43.75,20/05/2026 16:56,"Forecast tính trước bằng rule/proxy từ weather, POI, hotel price pressure và graph; AI chỉ giải thích, không tự bịa."
can_gio,Cần Giờ,TP Hồ Chí Minh,Đông Nam Bộ,tuần,30 ngày,31.11,xám,hạ tầng proxy yếu; thiếu POI/nguồn kiểm định,"Không đẩy khách đại trà; ưu tiên bãi đỗ, vệ sinh công cộng, biển chỉ dẫn, QR vé và điểm thông tin du lịch.",mixed_proxy_thieu_du_lieu,43.75,20/05/2026 16:56,"Forecast tính trước bằng rule/proxy từ weather, POI, hotel price pressure và graph; AI chỉ giải thích, không tự bịa."
can_gio,Cần Giờ,TP Hồ Chí Minh,Đông Nam Bộ,tháng,3 tháng,29.9,xám,hạ tầng proxy yếu; thiếu POI/nguồn kiểm định,"Không đẩy khách đại trà; ưu tiên bãi đỗ, vệ sinh công cộng, biển chỉ dẫn, QR vé và điểm thông tin du lịch.",mixed_proxy_thieu_du_lieu,43.75,20/05/2026 16:56,"Forecast tính trước bằng rule/proxy từ weather, POI, hotel price pressure và graph; AI chỉ giải thích, không tự bịa."
hon_son,Hòn Sơn,Kiên Giang,Đảo Tây Nam Bộ,giờ,24 giờ,40.2,xám,hạ tầng proxy yếu; thiếu POI/nguồn kiểm định,"Không đẩy khách đại trà; ưu tiên bãi đỗ, vệ sinh công cộng, biển chỉ dẫn, QR vé và điểm thông tin du lịch.",mixed_proxy_thieu_du_lieu,43.75,20/05/2026 16:56,"Forecast tính trước bằng rule/proxy từ weather, POI, hotel price pressure và graph; AI chỉ giải thích, không tự bịa."
hon_son,Hòn Sơn,Kiên Giang,Đảo Tây Nam Bộ,ngày,7 ngày,34.5,xám,hạ tầng proxy yếu; thiếu POI/nguồn kiểm định,"Không đẩy khách đại trà; ưu tiên bãi đỗ, vệ sinh công cộng, biển chỉ dẫn, QR vé và điểm thông tin du lịch.",mixed_proxy_thieu_du_lieu,43.75,20/05/2026 16:56,"Forecast tính trước bằng rule/proxy từ weather, POI, hotel price pressure và graph; AI chỉ giải thích, không tự bịa."
hon_son,Hòn Sơn,Kiên Giang,Đảo Tây Nam Bộ,tuần,30 ngày,31.11,xám,hạ tầng proxy yếu; thiếu POI/nguồn kiểm định,"Không đẩy khách đại trà; ưu tiên bãi đỗ, vệ sinh công cộng, biển chỉ dẫn, QR vé và điểm thông tin du lịch.",mixed_proxy_thieu_du_lieu,43.75,20/05/2026 16:56,"Forecast tính trước bằng rule/proxy từ weather, POI, hotel price pressure và graph; AI chỉ giải thích, không tự bịa."
hon_son,Hòn Sơn,Kiên Giang,Đảo Tây Nam Bộ,tháng,3 tháng,29.9,xám,hạ tầng proxy yếu; thiếu POI/nguồn kiểm định,"Không đẩy khách đại trà; ưu tiên bãi đỗ, vệ sinh công cộng, biển chỉ dẫn, QR vé và điểm thông tin du lịch.",mixed_proxy_thieu_du_lieu,43.75,20/05/2026 16:56,"Forecast tính trước bằng rule/proxy từ weather, POI, hotel price pressure và graph; AI chỉ giải thích, không tự bịa."
nam_du,Nam Du,Kiên Giang,Đảo Tây Nam Bộ,giờ,24 giờ,40.2,xám,hạ tầng proxy yếu; thiếu POI/nguồn kiểm định,"Không đẩy khách đại trà; ưu tiên bãi đỗ, vệ sinh công cộng, biển chỉ dẫn, QR vé và điểm thông tin du lịch.",mixed_proxy_thieu_du_lieu,43.75,20/05/2026 16:56,"Forecast tính trước bằng rule/proxy từ weather, POI, hotel price pressure và graph; AI chỉ giải thích, không tự bịa."
nam_du,Nam Du,Kiên Giang,Đảo Tây Nam Bộ,ngày,7 ngày,34.5,xám,hạ tầng proxy yếu; thiếu POI/nguồn kiểm định,"Không đẩy khách đại trà; ưu tiên bãi đỗ, vệ sinh công cộng, biển chỉ dẫn, QR vé và điểm thông tin du lịch.",mixed_proxy_thieu_du_lieu,43.75,20/05/2026 16:56,"Forecast tính trước bằng rule/proxy từ weather, POI, hotel price pressure và graph; AI chỉ giải thích, không tự bịa."
nam_du,Nam Du,Kiên Giang,Đảo Tây Nam Bộ,tuần,30 ngày,31.11,xám,hạ tầng proxy yếu; thiếu POI/nguồn kiểm định,"Không đẩy khách đại trà; ưu tiên bãi đỗ, vệ sinh công cộng, biển chỉ dẫn, QR vé và điểm thông tin du lịch.",mixed_proxy_thieu_du_lieu,43.75,20/05/2026 16:56,"Forecast tính trước bằng rule/proxy từ weather, POI, hotel price pressure và graph; AI chỉ giải thích, không tự bịa."
nam_du,Nam Du,Kiên Giang,Đảo Tây Nam Bộ,tháng,3 tháng,29.9,xám,hạ tầng proxy yếu; thiếu POI/nguồn kiểm định,"Không đẩy khách đại trà; ưu tiên bãi đỗ, vệ sinh công cộng, biển chỉ dẫn, QR vé và điểm thông tin du lịch.",mixed_proxy_thieu_du_lieu,43.75,20/05/2026 16:56,"Forecast tính trước bằng rule/proxy từ weather, POI, hotel price pressure và graph; AI chỉ giải thích, không tự bịa."
bac_lieu,Bạc Liêu,Bạc Liêu,Đồng bằng sông Cửu Long,giờ,24 giờ,40.2,xám,hạ tầng proxy yếu; thiếu POI/nguồn kiểm định,"Không đẩy khách đại trà; ưu tiên bãi đỗ, vệ sinh công cộng, biển chỉ dẫn, QR vé và điểm thông tin du lịch.",mixed_proxy_thieu_du_lieu,43.75,20/05/2026 16:56,"Forecast tính trước bằng rule/proxy từ weather, POI, hotel price pressure và graph; AI chỉ giải thích, không tự bịa."
bac_lieu,Bạc Liêu,Bạc Liêu,Đồng bằng sông Cửu Long,ngày,7 ngày,34.5,xám,hạ tầng proxy yếu; thiếu POI/nguồn kiểm định,"Không đẩy khách đại trà; ưu tiên bãi đỗ, vệ sinh công cộng, biển chỉ dẫn, QR vé và điểm thông tin du lịch.",mixed_proxy_thieu_du_lieu,43.75,20/05/2026 16:56,"Forecast tính trước bằng rule/proxy từ weather, POI, hotel price pressure và graph; AI chỉ giải thích, không tự bịa."
bac_lieu,Bạc Liêu,Bạc Liêu,Đồng bằng sông Cửu Long,tuần,30 ngày,31.11,xám,hạ tầng proxy yếu; thiếu POI/nguồn kiểm định,"Không đẩy khách đại trà; ưu tiên bãi đỗ, vệ sinh công cộng, biển chỉ dẫn, QR vé và điểm thông tin du lịch.",mixed_proxy_thieu_du_lieu,43.75,20/05/2026 16:56,"Forecast tính trước bằng rule/proxy từ weather, POI, hotel price pressure và graph; AI chỉ giải thích, không tự bịa."
bac_lieu,Bạc Liêu,Bạc Liêu,Đồng bằng sông Cửu Long,tháng,3 tháng,29.9,xám,hạ tầng proxy yếu; thiếu POI/nguồn kiểm định,"Không đẩy khách đại trà; ưu tiên bãi đỗ, vệ sinh công cộng, biển chỉ dẫn, QR vé và điểm thông tin du lịch.",mixed_proxy_thieu_du_lieu,43.75,20/05/2026 16:56,"Forecast tính trước bằng rule/proxy từ weather, POI, hotel price pressure và graph; AI chỉ giải thích, không tự bịa."
ca_mau_dat_mui,Đất Mũi Cà Mau,Cà Mau,Đồng bằng sông Cửu Long,giờ,24 giờ,40.2,xám,hạ tầng proxy yếu; thiếu POI/nguồn kiểm định,"Không đẩy khách đại trà; ưu tiên bãi đỗ, vệ sinh công cộng, biển chỉ dẫn, QR vé và điểm thông tin du lịch.",mixed_proxy_thieu_du_lieu,43.75,20/05/2026 16:56,"Forecast tính trước bằng rule/proxy từ weather, POI, hotel price pressure và graph; AI chỉ giải thích, không tự bịa."
ca_mau_dat_mui,Đất Mũi Cà Mau,Cà Mau,Đồng bằng sông Cửu Long,ngày,7 ngày,34.5,xám,hạ tầng proxy yếu; thiếu POI/nguồn kiểm định,"Không đẩy khách đại trà; ưu tiên bãi đỗ, vệ sinh công cộng, biển chỉ dẫn, QR vé và điểm thông tin du lịch.",mixed_proxy_thieu_du_lieu,43.75,20/05/2026 16:56,"Forecast tính trước bằng rule/proxy từ weather, POI, hotel price pressure và graph; AI chỉ giải thích, không tự bịa."
ca_mau_dat_mui,Đất Mũi Cà Mau,Cà Mau,Đồng bằng sông Cửu Long,tuần,30 ngày,31.11,xám,hạ tầng proxy yếu; thiếu POI/nguồn kiểm định,"Không đẩy khách đại trà; ưu tiên bãi đỗ, vệ sinh công cộng, biển chỉ dẫn, QR vé và điểm thông tin du lịch.",mixed_proxy_thieu_du_lieu,43.75,20/05/2026 16:56,"Forecast tính trước bằng rule/proxy từ weather, POI, hotel price pressure và graph; AI chỉ giải thích, không tự bịa."
ca_mau_dat_mui,Đất Mũi Cà Mau,Cà Mau,Đồng bằng sông Cửu Long,tháng,3 tháng,29.9,xám,hạ tầng proxy yếu; thiếu POI/nguồn kiểm định,"Không đẩy khách đại trà; ưu tiên bãi đỗ, vệ sinh công cộng, biển chỉ dẫn, QR vé và điểm thông tin du lịch.",mixed_proxy_thieu_du_lieu,43.75,20/05/2026 16:56,"Forecast tính trước bằng rule/proxy từ weather, POI, hotel price pressure và graph; AI chỉ giải thích, không tự bịa."
soc_trang,Sóc Trăng,Sóc Trăng,Đồng bằng sông Cửu Long,giờ,24 giờ,40.2,xám,hạ tầng proxy yếu; thiếu POI/nguồn kiểm định,"Không đẩy khách đại trà; ưu tiên bãi đỗ, vệ sinh công cộng, biển chỉ dẫn, QR vé và điểm thông tin du lịch.",mixed_proxy_thieu_du_lieu,43.75,20/05/2026 16:56,"Forecast tính trước bằng rule/proxy từ weather, POI, hotel price pressure và graph; AI chỉ giải thích, không tự bịa."
soc_trang,Sóc Trăng,Sóc Trăng,Đồng bằng sông Cửu Long,ngày,7 ngày,34.5,xám,hạ tầng proxy yếu; thiếu POI/nguồn kiểm định,"Không đẩy khách đại trà; ưu tiên bãi đỗ, vệ sinh công cộng, biển chỉ dẫn, QR vé và điểm thông tin du lịch.",mixed_proxy_thieu_du_lieu,43.75,20/05/2026 16:56,"Forecast tính trước bằng rule/proxy từ weather, POI, hotel price pressure và graph; AI chỉ giải thích, không tự bịa."
soc_trang,Sóc Trăng,Sóc Trăng,Đồng bằng sông Cửu Long,tuần,30 ngày,31.11,xám,hạ tầng proxy yếu; thiếu POI/nguồn kiểm định,"Không đẩy khách đại trà; ưu tiên bãi đỗ, vệ sinh công cộng, biển chỉ dẫn, QR vé và điểm thông tin du lịch.",mixed_proxy_thieu_du_lieu,43.75,20/05/2026 16:56,"Forecast tính trước bằng rule/proxy từ weather, POI, hotel price pressure và graph; AI chỉ giải thích, không tự bịa."
soc_trang,Sóc Trăng,Sóc Trăng,Đồng bằng sông Cửu Long,tháng,3 tháng,29.9,xám,hạ tầng proxy yếu; thiếu POI/nguồn kiểm định,"Không đẩy khách đại trà; ưu tiên bãi đỗ, vệ sinh công cộng, biển chỉ dẫn, QR vé và điểm thông tin du lịch.",mixed_proxy_thieu_du_lieu,43.75,20/05/2026 16:56,"Forecast tính trước bằng rule/proxy từ weather, POI, hotel price pressure và graph; AI chỉ giải thích, không tự bịa."
tra_vinh,Trà Vinh,Trà Vinh,Đồng bằng sông Cửu Long,giờ,24 giờ,40.2,xám,hạ tầng proxy yếu; thiếu POI/nguồn kiểm định,"Không đẩy khách đại trà; ưu tiên bãi đỗ, vệ sinh công cộng, biển chỉ dẫn, QR vé và điểm thông tin du lịch.",mixed_proxy_thieu_du_lieu,43.75,20/05/2026 16:56,"Forecast tính trước bằng rule/proxy từ weather, POI, hotel price pressure và graph; AI chỉ giải thích, không tự bịa."
tra_vinh,Trà Vinh,Trà Vinh,Đồng bằng sông Cửu Long,ngày,7 ngày,34.5,xám,hạ tầng proxy yếu; thiếu POI/nguồn kiểm định,"Không đẩy khách đại trà; ưu tiên bãi đỗ, vệ sinh công cộng, biển chỉ dẫn, QR vé và điểm thông tin du lịch.",mixed_proxy_thieu_du_lieu,43.75,20/05/2026 16:56,"Forecast tính trước bằng rule/proxy từ weather, POI, hotel price pressure và graph; AI chỉ giải thích, không tự bịa."
tra_vinh,Trà Vinh,Trà Vinh,Đồng bằng sông Cửu Long,tuần,30 ngày,31.11,xám,hạ tầng proxy yếu; thiếu POI/nguồn kiểm định,"Không đẩy khách đại trà; ưu tiên bãi đỗ, vệ sinh công cộng, biển chỉ dẫn, QR vé và điểm thông tin du lịch.",mixed_proxy_thieu_du_lieu,43.75,20/05/2026 16:56,"Forecast tính trước bằng rule/proxy từ weather, POI, hotel price pressure và graph; AI chỉ giải thích, không tự bịa."
tra_vinh,Trà Vinh,Trà Vinh,Đồng bằng sông Cửu Long,tháng,3 tháng,29.9,xám,hạ tầng proxy yếu; thiếu POI/nguồn kiểm định,"Không đẩy khách đại trà; ưu tiên bãi đỗ, vệ sinh công cộng, biển chỉ dẫn, QR vé và điểm thông tin du lịch.",mixed_proxy_thieu_du_lieu,43.75,20/05/2026 16:56,"Forecast tính trước bằng rule/proxy từ weather, POI, hotel price pressure và graph; AI chỉ giải thích, không tự bịa."
do_son,Đồ Sơn,Hải Phòng,Đồng bằng sông Hồng,giờ,24 giờ,40.2,xám,hạ tầng proxy yếu; thiếu POI/nguồn kiểm định,"Không đẩy khách đại trà; ưu tiên bãi đỗ, vệ sinh công cộng, biển chỉ dẫn, QR vé và điểm thông tin du lịch.",mixed_proxy_thieu_du_lieu,43.75,20/05/2026 16:56,"Forecast tính trước bằng rule/proxy từ weather, POI, hotel price pressure và graph; AI chỉ giải thích, không tự bịa."
do_son,Đồ Sơn,Hải Phòng,Đồng bằng sông Hồng,ngày,7 ngày,34.5,xám,hạ tầng proxy yếu; thiếu POI/nguồn kiểm định,"Không đẩy khách đại trà; ưu tiên bãi đỗ, vệ sinh công cộng, biển chỉ dẫn, QR vé và điểm thông tin du lịch.",mixed_proxy_thieu_du_lieu,43.75,20/05/2026 16:56,"Forecast tính trước bằng rule/proxy từ weather, POI, hotel price pressure và graph; AI chỉ giải thích, không tự bịa."
do_son,Đồ Sơn,Hải Phòng,Đồng bằng sông Hồng,tuần,30 ngày,31.11,xám,hạ tầng proxy yếu; thiếu POI/nguồn kiểm định,"Không đẩy khách đại trà; ưu tiên bãi đỗ, vệ sinh công cộng, biển chỉ dẫn, QR vé và điểm thông tin du lịch.",mixed_proxy_thieu_du_lieu,43.75,20/05/2026 16:56,"Forecast tính trước bằng rule/proxy từ weather, POI, hotel price pressure và graph; AI chỉ giải thích, không tự bịa."
do_son,Đồ Sơn,Hải Phòng,Đồng bằng sông Hồng,tháng,3 tháng,29.9,xám,hạ tầng proxy yếu; thiếu POI/nguồn kiểm định,"Không đẩy khách đại trà; ưu tiên bãi đỗ, vệ sinh công cộng, biển chỉ dẫn, QR vé và điểm thông tin du lịch.",mixed_proxy_thieu_du_lieu,43.75,20/05/2026 16:56,"Forecast tính trước bằng rule/proxy từ weather, POI, hotel price pressure và graph; AI chỉ giải thích, không tự bịa."
thinh_long,Thịnh Long,Nam Định,Đồng bằng sông Hồng,giờ,24 giờ,40.2,xám,hạ tầng proxy yếu; thiếu POI/nguồn kiểm định,"Không đẩy khách đại trà; ưu tiên bãi đỗ, vệ sinh công cộng, biển chỉ dẫn, QR vé và điểm thông tin du lịch.",mixed_proxy_thieu_du_lieu,43.75,20/05/2026 16:56,"Forecast tính trước bằng rule/proxy từ weather, POI, hotel price pressure và graph; AI chỉ giải thích, không tự bịa."
thinh_long,Thịnh Long,Nam Định,Đồng bằng sông Hồng,ngày,7 ngày,34.5,xám,hạ tầng proxy yếu; thiếu POI/nguồn kiểm định,"Không đẩy khách đại trà; ưu tiên bãi đỗ, vệ sinh công cộng, biển chỉ dẫn, QR vé và điểm thông tin du lịch.",mixed_proxy_thieu_du_lieu,43.75,20/05/2026 16:56,"Forecast tính trước bằng rule/proxy từ weather, POI, hotel price pressure và graph; AI chỉ giải thích, không tự bịa."
thinh_long,Thịnh Long,Nam Định,Đồng bằng sông Hồng,tuần,30 ngày,31.11,xám,hạ tầng proxy yếu; thiếu POI/nguồn kiểm định,"Không đẩy khách đại trà; ưu tiên bãi đỗ, vệ sinh công cộng, biển chỉ dẫn, QR vé và điểm thông tin du lịch.",mixed_proxy_thieu_du_lieu,43.75,20/05/2026 16:56,"Forecast tính trước bằng rule/proxy từ weather, POI, hotel price pressure và graph; AI chỉ giải thích, không tự bịa."
thinh_long,Thịnh Long,Nam Định,Đồng bằng sông Hồng,tháng,3 tháng,29.9,xám,hạ tầng proxy yếu; thiếu POI/nguồn kiểm định,"Không đẩy khách đại trà; ưu tiên bãi đỗ, vệ sinh công cộng, biển chỉ dẫn, QR vé và điểm thông tin du lịch.",mixed_proxy_thieu_du_lieu,43.75,20/05/2026 16:56,"Forecast tính trước bằng rule/proxy từ weather, POI, hotel price pressure và graph; AI chỉ giải thích, không tự bịa."
moc_chau,Moc Chau,Son La,northern_mountains,giờ,24 giờ,38.03,xám,hạ tầng proxy yếu; thiếu POI/nguồn kiểm định,"Không đẩy khách đại trà; ưu tiên bãi đỗ, vệ sinh công cộng, biển chỉ dẫn, QR vé và điểm thông tin du lịch.",mixed_proxy_thieu_du_lieu,61.5,20/05/2026 16:56,"Forecast tính trước bằng rule/proxy từ weather, POI, hotel price pressure và graph; AI chỉ giải thích, không tự bịa."
moc_chau,Moc Chau,Son La,northern_mountains,ngày,7 ngày,33.46,xám,hạ tầng proxy yếu; thiếu POI/nguồn kiểm định,"Không đẩy khách đại trà; ưu tiên bãi đỗ, vệ sinh công cộng, biển chỉ dẫn, QR vé và điểm thông tin du lịch.",mixed_proxy_thieu_du_lieu,61.5,20/05/2026 16:56,"Forecast tính trước bằng rule/proxy từ weather, POI, hotel price pressure và graph; AI chỉ giải thích, không tự bịa."
moc_chau,Moc Chau,Son La,northern_mountains,tuần,30 ngày,30.48,xám,hạ tầng proxy yếu; thiếu POI/nguồn kiểm định,"Không đẩy khách đại trà; ưu tiên bãi đỗ, vệ sinh công cộng, biển chỉ dẫn, QR vé và điểm thông tin du lịch.",mixed_proxy_thieu_du_lieu,61.5,20/05/2026 16:56,"Forecast tính trước bằng rule/proxy từ weather, POI, hotel price pressure và graph; AI chỉ giải thích, không tự bịa."
moc_chau,Moc Chau,Son La,northern_mountains,tháng,3 tháng,29.25,xám,hạ tầng proxy yếu; thiếu POI/nguồn kiểm định,"Không đẩy khách đại trà; ưu tiên bãi đỗ, vệ sinh công cộng, biển chỉ dẫn, QR vé và điểm thông tin du lịch.",mixed_proxy_thieu_du_lieu,61.5,20/05/2026 16:56,"Forecast tính trước bằng rule/proxy từ weather, POI, hotel price pressure và graph; AI chỉ giải thích, không tự bịa."
ben_tre,Ben Tre,Ben Tre,mekong_delta,giờ,24 giờ,36.4,xám,hạ tầng proxy yếu; thiếu POI/nguồn kiểm định,"Không đẩy khách đại trà; ưu tiên bãi đỗ, vệ sinh công cộng, biển chỉ dẫn, QR vé và điểm thông tin du lịch.",mixed_proxy_thieu_du_lieu,61.5,20/05/2026 16:56,"Forecast tính trước bằng rule/proxy từ weather, POI, hotel price pressure và graph; AI chỉ giải thích, không tự bịa."
ben_tre,Ben Tre,Ben Tre,mekong_delta,ngày,7 ngày,32.67,xám,hạ tầng proxy yếu; thiếu POI/nguồn kiểm định,"Không đẩy khách đại trà; ưu tiên bãi đỗ, vệ sinh công cộng, biển chỉ dẫn, QR vé và điểm thông tin du lịch.",mixed_proxy_thieu_du_lieu,61.5,20/05/2026 16:56,"Forecast tính trước bằng rule/proxy từ weather, POI, hotel price pressure và graph; AI chỉ giải thích, không tự bịa."
ben_tre,Ben Tre,Ben Tre,mekong_delta,tuần,30 ngày,30.2,xám,hạ tầng proxy yếu; thiếu POI/nguồn kiểm định,"Không đẩy khách đại trà; ưu tiên bãi đỗ, vệ sinh công cộng, biển chỉ dẫn, QR vé và điểm thông tin du lịch.",mixed_proxy_thieu_du_lieu,61.5,20/05/2026 16:56,"Forecast tính trước bằng rule/proxy từ weather, POI, hotel price pressure và graph; AI chỉ giải thích, không tự bịa."
ben_tre,Ben Tre,Ben Tre,mekong_delta,tháng,3 tháng,29.12,xám,hạ tầng proxy yếu; thiếu POI/nguồn kiểm định,"Không đẩy khách đại trà; ưu tiên bãi đỗ, vệ sinh công cộng, biển chỉ dẫn, QR vé và điểm thông tin du lịch.",mixed_proxy_thieu_du_lieu,61.5,20/05/2026 16:56,"Forecast tính trước bằng rule/proxy từ weather, POI, hotel price pressure và graph; AI chỉ giải thích, không tự bịa."
an_giang,An Giang,An Giang,mekong_delta,giờ,24 giờ,34.96,xám,hạ tầng proxy yếu; thiếu POI/nguồn kiểm định,"Không đẩy khách đại trà; ưu tiên bãi đỗ, vệ sinh công cộng, biển chỉ dẫn, QR vé và điểm thông tin du lịch.",mixed_proxy_thieu_du_lieu,61.5,20/05/2026 16:56,"Forecast tính trước bằng rule/proxy từ weather, POI, hotel price pressure và graph; AI chỉ giải thích, không tự bịa."
an_giang,An Giang,An Giang,mekong_delta,ngày,7 ngày,31.97,xám,hạ tầng proxy yếu; thiếu POI/nguồn kiểm định,"Không đẩy khách đại trà; ưu tiên bãi đỗ, vệ sinh công cộng, biển chỉ dẫn, QR vé và điểm thông tin du lịch.",mixed_proxy_thieu_du_lieu,61.5,20/05/2026 16:56,"Forecast tính trước bằng rule/proxy từ weather, POI, hotel price pressure và graph; AI chỉ giải thích, không tự bịa."
an_giang,An Giang,An Giang,mekong_delta,tuần,30 ngày,29.96,xám,hạ tầng proxy yếu; thiếu POI/nguồn kiểm định,"Không đẩy khách đại trà; ưu tiên bãi đỗ, vệ sinh công cộng, biển chỉ dẫn, QR vé và điểm thông tin du lịch.",mixed_proxy_thieu_du_lieu,61.5,20/05/2026 16:56,"Forecast tính trước bằng rule/proxy từ weather, POI, hotel price pressure và graph; AI chỉ giải thích, không tự bịa."
an_giang,An Giang,An Giang,mekong_delta,tháng,3 tháng,29.01,xám,hạ tầng proxy yếu; thiếu POI/nguồn kiểm định,"Không đẩy khách đại trà; ưu tiên bãi đỗ, vệ sinh công cộng, biển chỉ dẫn, QR vé và điểm thông tin du lịch.",mixed_proxy_thieu_du_lieu,61.5,20/05/2026 16:56,"Forecast tính trước bằng rule/proxy từ weather, POI, hotel price pressure và graph; AI chỉ giải thích, không tự bịa."
can_tho,Can Tho,Can Tho,mekong_delta,giờ,24 giờ,34.08,xám,hạ tầng proxy yếu; thiếu POI/nguồn kiểm định,"Không đẩy khách đại trà; ưu tiên bãi đỗ, vệ sinh công cộng, biển chỉ dẫn, QR vé và điểm thông tin du lịch.",mixed_proxy_thieu_du_lieu,61.5,20/05/2026 16:56,"Forecast tính trước bằng rule/proxy từ weather, POI, hotel price pressure và graph; AI chỉ giải thích, không tự bịa."
can_tho,Can Tho,Can Tho,mekong_delta,ngày,7 ngày,31.55,xám,hạ tầng proxy yếu; thiếu POI/nguồn kiểm định,"Không đẩy khách đại trà; ưu tiên bãi đỗ, vệ sinh công cộng, biển chỉ dẫn, QR vé và điểm thông tin du lịch.",mixed_proxy_thieu_du_lieu,61.5,20/05/2026 16:56,"Forecast tính trước bằng rule/proxy từ weather, POI, hotel price pressure và graph; AI chỉ giải thích, không tự bịa."
can_tho,Can Tho,Can Tho,mekong_delta,tuần,30 ngày,30.16,xám,hạ tầng proxy yếu; thiếu POI/nguồn kiểm định,"Không đẩy khách đại trà; ưu tiên bãi đỗ, vệ sinh công cộng, biển chỉ dẫn, QR vé và điểm thông tin du lịch.",mixed_proxy_thieu_du_lieu,61.5,20/05/2026 16:56,"Forecast tính trước bằng rule/proxy từ weather, POI, hotel price pressure và graph; AI chỉ giải thích, không tự bịa."
can_tho,Can Tho,Can Tho,mekong_delta,tháng,3 tháng,29.56,xám,hạ tầng proxy yếu; thiếu POI/nguồn kiểm định,"Không đẩy khách đại trà; ưu tiên bãi đỗ, vệ sinh công cộng, biển chỉ dẫn, QR vé và điểm thông tin du lịch.",mixed_proxy_thieu_du_lieu,61.5,20/05/2026 16:56,"Forecast tính trước bằng rule/proxy từ weather, POI, hotel price pressure và graph; AI chỉ giải thích, không tự bịa."
nha_trang,Nha Trang,Khanh Hoa,south_central_coast,giờ,24 giờ,33.03,xám,thiếu POI/nguồn kiểm định,"Theo dõi thời tiết, giá/lưu trú và sự kiện; chuẩn bị shuttle, voucher giờ thấp điểm.",mixed_proxy_thieu_du_lieu,61.5,20/05/2026 16:56,"Forecast tính trước bằng rule/proxy từ weather, POI, hotel price pressure và graph; AI chỉ giải thích, không tự bịa."
nha_trang,Nha Trang,Khanh Hoa,south_central_coast,ngày,7 ngày,27.07,xám,thiếu POI/nguồn kiểm định,"Theo dõi thời tiết, giá/lưu trú và sự kiện; chuẩn bị shuttle, voucher giờ thấp điểm.",mixed_proxy_thieu_du_lieu,61.5,20/05/2026 16:56,"Forecast tính trước bằng rule/proxy từ weather, POI, hotel price pressure và graph; AI chỉ giải thích, không tự bịa."
nha_trang,Nha Trang,Khanh Hoa,south_central_coast,tuần,30 ngày,29.33,xám,thiếu POI/nguồn kiểm định,"Theo dõi thời tiết, giá/lưu trú và sự kiện; chuẩn bị shuttle, voucher giờ thấp điểm.",mixed_proxy_thieu_du_lieu,61.5,20/05/2026 16:56,"Forecast tính trước bằng rule/proxy từ weather, POI, hotel price pressure và graph; AI chỉ giải thích, không tự bịa."
nha_trang,Nha Trang,Khanh Hoa,south_central_coast,tháng,3 tháng,32.79,xám,thiếu POI/nguồn kiểm định,"Theo dõi thời tiết, giá/lưu trú và sự kiện; chuẩn bị shuttle, voucher giờ thấp điểm.",mixed_proxy_thieu_du_lieu,61.5,20/05/2026 16:56,"Forecast tính trước bằng rule/proxy từ weather, POI, hotel price pressure và graph; AI chỉ giải thích, không tự bịa."
con_dao,Con Dao,Ba Ria - Vung Tau,southeast_islands,giờ,24 giờ,39.07,xám,hạ tầng proxy yếu; thiếu POI/nguồn kiểm định,"Không đẩy khách đại trà; ưu tiên bãi đỗ, vệ sinh công cộng, biển chỉ dẫn, QR vé và điểm thông tin du lịch.",mixed_proxy_thieu_du_lieu,61.5,20/05/2026 16:56,"Forecast tính trước bằng rule/proxy từ weather, POI, hotel price pressure và graph; AI chỉ giải thích, không tự bịa."
con_dao,Con Dao,Ba Ria - Vung Tau,southeast_islands,ngày,7 ngày,22.68,xám,hạ tầng proxy yếu; thiếu POI/nguồn kiểm định,"Không đẩy khách đại trà; ưu tiên bãi đỗ, vệ sinh công cộng, biển chỉ dẫn, QR vé và điểm thông tin du lịch.",mixed_proxy_thieu_du_lieu,61.5,20/05/2026 16:56,"Forecast tính trước bằng rule/proxy từ weather, POI, hotel price pressure và graph; AI chỉ giải thích, không tự bịa."
con_dao,Con Dao,Ba Ria - Vung Tau,southeast_islands,tuần,30 ngày,19.14,xám,hạ tầng proxy yếu; thiếu POI/nguồn kiểm định,"Không đẩy khách đại trà; ưu tiên bãi đỗ, vệ sinh công cộng, biển chỉ dẫn, QR vé và điểm thông tin du lịch.",mixed_proxy_thieu_du_lieu,61.5,20/05/2026 16:56,"Forecast tính trước bằng rule/proxy từ weather, POI, hotel price pressure và graph; AI chỉ giải thích, không tự bịa."
con_dao,Con Dao,Ba Ria - Vung Tau,southeast_islands,tháng,3 tháng,21.31,xám,hạ tầng proxy yếu; thiếu POI/nguồn kiểm định,"Không đẩy khách đại trà; ưu tiên bãi đỗ, vệ sinh công cộng, biển chỉ dẫn, QR vé và điểm thông tin du lịch.",mixed_proxy_thieu_du_lieu,61.5,20/05/2026 16:56,"Forecast tính trước bằng rule/proxy từ weather, POI, hotel price pressure và graph; AI chỉ giải thích, không tự bịa."
sa_pa,Sa Pa,Lao Cai,northern_mountains,giờ,24 giờ,32.52,xám,thiếu POI/nguồn kiểm định,"Theo dõi thời tiết, giá/lưu trú và sự kiện; chuẩn bị shuttle, voucher giờ thấp điểm.",mixed_proxy_thieu_du_lieu,61.5,20/05/2026 16:56,"Forecast tính trước bằng rule/proxy từ weather, POI, hotel price pressure và graph; AI chỉ giải thích, không tự bịa."
sa_pa,Sa Pa,Lao Cai,northern_mountains,ngày,7 ngày,21.32,xám,thiếu POI/nguồn kiểm định,"Theo dõi thời tiết, giá/lưu trú và sự kiện; chuẩn bị shuttle, voucher giờ thấp điểm.",mixed_proxy_thieu_du_lieu,61.5,20/05/2026 16:56,"Forecast tính trước bằng rule/proxy từ weather, POI, hotel price pressure và graph; AI chỉ giải thích, không tự bịa."
sa_pa,Sa Pa,Lao Cai,northern_mountains,tuần,30 ngày,21.61,xám,thiếu POI/nguồn kiểm định,"Theo dõi thời tiết, giá/lưu trú và sự kiện; chuẩn bị shuttle, voucher giờ thấp điểm.",mixed_proxy_thieu_du_lieu,61.5,20/05/2026 16:56,"Forecast tính trước bằng rule/proxy từ weather, POI, hotel price pressure và graph; AI chỉ giải thích, không tự bịa."
sa_pa,Sa Pa,Lao Cai,northern_mountains,tháng,3 tháng,25.22,xám,thiếu POI/nguồn kiểm định,"Theo dõi thời tiết, giá/lưu trú và sự kiện; chuẩn bị shuttle, voucher giờ thấp điểm.",mixed_proxy_thieu_du_lieu,61.5,20/05/2026 16:56,"Forecast tính trước bằng rule/proxy từ weather, POI, hotel price pressure và graph; AI chỉ giải thích, không tự bịa."
ho_chi_minh_city,Ho Chi Minh City,Ho Chi Minh City,southeast,giờ,24 giờ,25.67,xám,thiếu POI/nguồn kiểm định,"Theo dõi thời tiết, giá/lưu trú và sự kiện; chuẩn bị shuttle, voucher giờ thấp điểm.",mixed_proxy_thieu_du_lieu,61.5,20/05/2026 16:56,"Forecast tính trước bằng rule/proxy từ weather, POI, hotel price pressure và graph; AI chỉ giải thích, không tự bịa."
ho_chi_minh_city,Ho Chi Minh City,Ho Chi Minh City,southeast,ngày,7 ngày,12.36,xám,thiếu POI/nguồn kiểm định,"Theo dõi thời tiết, giá/lưu trú và sự kiện; chuẩn bị shuttle, voucher giờ thấp điểm.",mixed_proxy_thieu_du_lieu,61.5,20/05/2026 16:56,"Forecast tính trước bằng rule/proxy từ weather, POI, hotel price pressure và graph; AI chỉ giải thích, không tự bịa."
ho_chi_minh_city,Ho Chi Minh City,Ho Chi Minh City,southeast,tuần,30 ngày,12.3,xám,thiếu POI/nguồn kiểm định,"Theo dõi thời tiết, giá/lưu trú và sự kiện; chuẩn bị shuttle, voucher giờ thấp điểm.",mixed_proxy_thieu_du_lieu,61.5,20/05/2026 16:56,"Forecast tính trước bằng rule/proxy từ weather, POI, hotel price pressure và graph; AI chỉ giải thích, không tự bịa."
ho_chi_minh_city,Ho Chi Minh City,Ho Chi Minh City,southeast,tháng,3 tháng,16.37,xám,thiếu POI/nguồn kiểm định,"Theo dõi thời tiết, giá/lưu trú và sự kiện; chuẩn bị shuttle, voucher giờ thấp điểm.",mixed_proxy_thieu_du_lieu,61.5,20/05/2026 16:56,"Forecast tính trước bằng rule/proxy từ weather, POI, hotel price pressure và graph; AI chỉ giải thích, không tự bịa."
da_lat,Da Lat,Lam Dong,central_highlands,giờ,24 giờ,23.99,xám,thiếu POI/nguồn kiểm định,"Theo dõi thời tiết, giá/lưu trú và sự kiện; chuẩn bị shuttle, voucher giờ thấp điểm.",mixed_proxy_thieu_du_lieu,61.5,20/05/2026 16:56,"Forecast tính trước bằng rule/proxy từ weather, POI, hotel price pressure và graph; AI chỉ giải thích, không tự bịa."
da_lat,Da Lat,Lam Dong,central_highlands,ngày,7 ngày,13.0,xám,thiếu POI/nguồn kiểm định,"Theo dõi thời tiết, giá/lưu trú và sự kiện; chuẩn bị shuttle, voucher giờ thấp điểm.",mixed_proxy_thieu_du_lieu,61.5,20/05/2026 16:56,"Forecast tính trước bằng rule/proxy từ weather, POI, hotel price pressure và graph; AI chỉ giải thích, không tự bịa."
da_lat,Da Lat,Lam Dong,central_highlands,tuần,30 ngày,18.25,xám,thiếu POI/nguồn kiểm định,"Theo dõi thời tiết, giá/lưu trú và sự kiện; chuẩn bị shuttle, voucher giờ thấp điểm.",mixed_proxy_thieu_du_lieu,61.5,20/05/2026 16:56,"Forecast tính trước bằng rule/proxy từ weather, POI, hotel price pressure và graph; AI chỉ giải thích, không tự bịa."
da_lat,Da Lat,Lam Dong,central_highlands,tháng,3 tháng,25.82,xám,thiếu POI/nguồn kiểm định,"Theo dõi thời tiết, giá/lưu trú và sự kiện; chuẩn bị shuttle, voucher giờ thấp điểm.",mixed_proxy_thieu_du_lieu,61.5,20/05/2026 16:56,"Forecast tính trước bằng rule/proxy từ weather, POI, hotel price pressure và graph; AI chỉ giải thích, không tự bịa."
