"destination_id","ten_diem_den","tinh_thanh","vung","lat","lng","nhiet_do_hien_tai","kha_nang_mua","gio","do_am","phu_hop_di_bien","cap_nhat_luc","chan_doan_thieu_thoi_tiet"
"ha_long","Ha Long","Quang Ninh","northeast","20.9712","107.0448","27.4","0.0","13.5","93","Không thuận lợi","20/05/2026 17:50",""
"cat_ba","Cat Ba","Hai Phong","northeast","20.7278","107.0482","28.0","0.0","21.1","92","Không thuận lợi","20/05/2026 17:50",""
"quy_nhon","Quy Nhon","Binh Dinh","south_central_coast","13.7563","109.2297","27.7","0.0","5.4","93","Cần theo dõi","20/05/2026 17:50",""
"da_nang","Da Nang","Da Nang","central_coast","16.0471","108.2068","27.0","0.1","8.8","94","Cần theo dõi","20/05/2026 17:50",""
"mui_ne","Mui Ne","Binh Thuan","south_central_coast","10.9333","108.2833","27.1","0.1","6.7","93","Cần theo dõi","20/05/2026 17:50",""
"sam_son","Sam Son","Thanh Hoa","north_central_coast","19.7419","105.9020","28.8","0.0","21.1","91","Không thuận lợi","20/05/2026 17:50",""
"hoi_an","Hoi An","Quang Nam","central_coast","15.8801","108.3380","27.0","0.1","5.2","95","Cần theo dõi","20/05/2026 17:50",""
"hue","Hue","Hue","central_coast","16.4637","107.5909","27.1","0.1","1.9","97","Không áp dụng","20/05/2026 17:50",""
"vung_tau","Vung Tau","Ba Ria - Vung Tau","southeast","10.4114","107.1362","28.5","0.0","7.9","83","Cần theo dõi","20/05/2026 17:50",""
"cua_lo","Cua Lo","Nghe An","north_central_coast","18.7929","105.7220","28.5","0.0","9.1","85","Cần theo dõi","20/05/2026 17:50",""
"ninh_binh","Ninh Binh","Ninh Binh","red_river_delta","20.2506","105.9745","28.2","0.0","14.1","91","Không áp dụng","20/05/2026 17:50",""
"ly_son","Ly Son","Quang Ngai","central_coast_islands","15.3833","109.1167","28.1","0.0","27.0","85","Không thuận lợi","20/05/2026 17:50",""
"ha_noi","Ha Noi","Ha Noi","red_river_delta","21.0278","105.8342","27.5","0.0","12.2","94","Không áp dụng","20/05/2026 17:50",""
"ha_giang","Ha Giang","Ha Giang","northern_mountains","22.8233","104.9836","24.9","0.6","3.1","97","Không áp dụng","20/05/2026 17:50",""
"phu_quoc","Phu Quoc","Kien Giang","mekong_islands","10.2899","103.9840","26.6","0.1","11.6","87","Cần theo dõi","20/05/2026 17:50",""
"phong_nha","Phong Nha - Kẻ Bàng","Quảng Bình","Bắc Trung Bộ","17.5903","106.283","","","","","Không áp dụng","20/05/2026 17:50","Thiếu thời tiết: kiểm tra vi_do/kinh_do, geocode, Open-Meteo call và bước ghi gold/current."
"ba_na","Bà Nà Hills","Đà Nẵng","Duyên hải miền Trung","15.995","107.997","","","","","Không áp dụng","20/05/2026 17:50","Thiếu thời tiết: kiểm tra vi_do/kinh_do, geocode, Open-Meteo call và bước ghi gold/current."
"mai_chau","Mai Châu","Hòa Bình","Miền núi phía Bắc","20.6629","105.083","","","","","Không áp dụng","20/05/2026 17:50","Thiếu thời tiết: kiểm tra vi_do/kinh_do, geocode, Open-Meteo call và bước ghi gold/current."
"tam_dao","Tam Đảo","Vĩnh Phúc","Trung du miền núi Bắc Bộ","21.4569","105.6442","","","","","Không áp dụng","20/05/2026 17:50","Thiếu thời tiết: kiểm tra vi_do/kinh_do, geocode, Open-Meteo call và bước ghi gold/current."
"pleiku","Pleiku","Gia Lai","Tây Nguyên","13.9718","108.0151","","","","","Không áp dụng","20/05/2026 17:50","Thiếu thời tiết: kiểm tra vi_do/kinh_do, geocode, Open-Meteo call và bước ghi gold/current."
"buon_ma_thuot","Buôn Ma Thuột","Đắk Lắk","Tây Nguyên","12.6667","108.05","","","","","Không áp dụng","20/05/2026 17:50","Thiếu thời tiết: kiểm tra vi_do/kinh_do, geocode, Open-Meteo call và bước ghi gold/current."
"chau_doc","Châu Đốc","An Giang","Đồng bằng sông Cửu Long","10.705","105.1167","","","","","Không áp dụng","20/05/2026 17:50","Thiếu thời tiết: kiểm tra vi_do/kinh_do, geocode, Open-Meteo call và bước ghi gold/current."
"ba_vi","Ba Vì","Hà Nội","Đồng bằng sông Hồng","21.082","105.374","","","","","Không áp dụng","20/05/2026 17:50","Thiếu thời tiết: kiểm tra vi_do/kinh_do, geocode, Open-Meteo call và bước ghi gold/current."
"thien_cam","Thiên Cầm","Hà Tĩnh","Bắc Trung Bộ","18.2597","106.1053","","","","","Cần theo dõi","20/05/2026 17:50","Thiếu thời tiết: kiểm tra vi_do/kinh_do, geocode, Open-Meteo call và bước ghi gold/current."
"nhat_le","Nhật Lệ","Quảng Bình","Bắc Trung Bộ","17.4833","106.6233","","","","","Cần theo dõi","20/05/2026 17:50","Thiếu thời tiết: kiểm tra vi_do/kinh_do, geocode, Open-Meteo call và bước ghi gold/current."
"cua_tung","Cửa Tùng","Quảng Trị","Bắc Trung Bộ","17.1012","107.1028","","","","","Cần theo dõi","20/05/2026 17:50","Thiếu thời tiết: kiểm tra vi_do/kinh_do, geocode, Open-Meteo call và bước ghi gold/current."
"hai_tien","Hải Tiến","Thanh Hóa","Bắc Trung Bộ","19.8605","105.9297","","","","","Cần theo dõi","20/05/2026 17:50","Thiếu thời tiết: kiểm tra vi_do/kinh_do, geocode, Open-Meteo call và bước ghi gold/current."
"lang_co","Lăng Cô","Huế","Duyên hải miền Trung","16.2383","108.0789","","","","","Cần theo dõi","20/05/2026 17:50","Thiếu thời tiết: kiểm tra vi_do/kinh_do, geocode, Open-Meteo call và bước ghi gold/current."
"cu_lao_cham","Cù Lao Chàm","Quảng Nam","Duyên hải miền Trung","15.955","108.51","","","","","Cần theo dõi","20/05/2026 17:50","Thiếu thời tiết: kiểm tra vi_do/kinh_do, geocode, Open-Meteo call và bước ghi gold/current."
"tam_ky","Tam Kỳ","Quảng Nam","Duyên hải miền Trung","15.5736","108.474","","","","","Cần theo dõi","20/05/2026 17:50","Thiếu thời tiết: kiểm tra vi_do/kinh_do, geocode, Open-Meteo call và bước ghi gold/current."
"sa_huynh","Sa Huỳnh","Quảng Ngãi","Duyên hải miền Trung","14.6723","109.0588","","","","","Cần theo dõi","20/05/2026 17:50","Thiếu thời tiết: kiểm tra vi_do/kinh_do, geocode, Open-Meteo call và bước ghi gold/current."
"my_khe","Mỹ Khê","Đà Nẵng","Duyên hải miền Trung","16.0544","108.2478","","","","","Cần theo dõi","20/05/2026 17:50","Thiếu thời tiết: kiểm tra vi_do/kinh_do, geocode, Open-Meteo call và bước ghi gold/current."
"la_gi","La Gi","Bình Thuận","Nam Trung Bộ","10.6599","107.7722","","","","","Cần theo dõi","20/05/2026 17:50","Thiếu thời tiết: kiểm tra vi_do/kinh_do, geocode, Open-Meteo call và bước ghi gold/current."
"phan_thiet","Phan Thiết","Bình Thuận","Nam Trung Bộ","10.9804","108.2615","","","","","Cần theo dõi","20/05/2026 17:50","Thiếu thời tiết: kiểm tra vi_do/kinh_do, geocode, Open-Meteo call và bước ghi gold/current."
"ky_co","Kỳ Co","Bình Định","Nam Trung Bộ","13.895","109.291","","","","","Cần theo dõi","20/05/2026 17:50","Thiếu thời tiết: kiểm tra vi_do/kinh_do, geocode, Open-Meteo call và bước ghi gold/current."
"binh_ba","Bình Ba","Khánh Hòa","Nam Trung Bộ","11.8535","109.23","","","","","Cần theo dõi","20/05/2026 17:50","Thiếu thời tiết: kiểm tra vi_do/kinh_do, geocode, Open-Meteo call và bước ghi gold/current."
"cam_ranh","Cam Ranh","Khánh Hòa","Nam Trung Bộ","11.902","109.2207","","","","","Cần theo dõi","20/05/2026 17:50","Thiếu thời tiết: kiểm tra vi_do/kinh_do, geocode, Open-Meteo call và bước ghi gold/current."
"phan_rang","Phan Rang - Tháp Chàm","Ninh Thuận","Nam Trung Bộ","11.5826","108.9912","","","","","Cần theo dõi","20/05/2026 17:50","Thiếu thời tiết: kiểm tra vi_do/kinh_do, geocode, Open-Meteo call và bước ghi gold/current."
"vinh_hy","Vĩnh Hy","Ninh Thuận","Nam Trung Bộ","11.7183","109.19","","","","","Cần theo dõi","20/05/2026 17:50","Thiếu thời tiết: kiểm tra vi_do/kinh_do, geocode, Open-Meteo call và bước ghi gold/current."
"ghenh_da_dia","Gành Đá Đĩa","Phú Yên","Nam Trung Bộ","13.3533","109.293","","","","","Cần theo dõi","20/05/2026 17:50","Thiếu thời tiết: kiểm tra vi_do/kinh_do, geocode, Open-Meteo call và bước ghi gold/current."
"tuy_hoa","Tuy Hòa","Phú Yên","Nam Trung Bộ","13.0955","109.3209","","","","","Cần theo dõi","20/05/2026 17:50","Thiếu thời tiết: kiểm tra vi_do/kinh_do, geocode, Open-Meteo call và bước ghi gold/current."
"ha_tien","Hà Tiên","Kiên Giang","Tây Nam Bộ","10.3831","104.4875","","","","","Cần theo dõi","20/05/2026 17:50","Thiếu thời tiết: kiểm tra vi_do/kinh_do, geocode, Open-Meteo call và bước ghi gold/current."
"co_to","Cô Tô","Quảng Ninh","Đông Bắc","20.9736","107.7657","","","","","Cần theo dõi","20/05/2026 17:50","Thiếu thời tiết: kiểm tra vi_do/kinh_do, geocode, Open-Meteo call và bước ghi gold/current."
"tra_co","Trà Cổ","Quảng Ninh","Đông Bắc","21.4644","108.0142","","","","","Cần theo dõi","20/05/2026 17:50","Thiếu thời tiết: kiểm tra vi_do/kinh_do, geocode, Open-Meteo call và bước ghi gold/current."
"ho_tram","Hồ Tràm","Bà Rịa - Vũng Tàu","Đông Nam Bộ","10.477","107.426","","","","","Cần theo dõi","20/05/2026 17:50","Thiếu thời tiết: kiểm tra vi_do/kinh_do, geocode, Open-Meteo call và bước ghi gold/current."
"can_gio","Cần Giờ","TP Hồ Chí Minh","Đông Nam Bộ","10.4111","106.9547","","","","","Cần theo dõi","20/05/2026 17:50","Thiếu thời tiết: kiểm tra vi_do/kinh_do, geocode, Open-Meteo call và bước ghi gold/current."
"hon_son","Hòn Sơn","Kiên Giang","Đảo Tây Nam Bộ","9.81","104.63","","","","","Cần theo dõi","20/05/2026 17:50","Thiếu thời tiết: kiểm tra vi_do/kinh_do, geocode, Open-Meteo call và bước ghi gold/current."
"nam_du","Nam Du","Kiên Giang","Đảo Tây Nam Bộ","9.684","104.354","","","","","Cần theo dõi","20/05/2026 17:50","Thiếu thời tiết: kiểm tra vi_do/kinh_do, geocode, Open-Meteo call và bước ghi gold/current."
"bac_lieu","Bạc Liêu","Bạc Liêu","Đồng bằng sông Cửu Long","9.294","105.7244","","","","","Cần theo dõi","20/05/2026 17:50","Thiếu thời tiết: kiểm tra vi_do/kinh_do, geocode, Open-Meteo call và bước ghi gold/current."
"ca_mau_dat_mui","Đất Mũi Cà Mau","Cà Mau","Đồng bằng sông Cửu Long","8.6208","104.7314","","","","","Cần theo dõi","20/05/2026 17:50","Thiếu thời tiết: kiểm tra vi_do/kinh_do, geocode, Open-Meteo call và bước ghi gold/current."
"soc_trang","Sóc Trăng","Sóc Trăng","Đồng bằng sông Cửu Long","9.6025","105.9739","","","","","Cần theo dõi","20/05/2026 17:50","Thiếu thời tiết: kiểm tra vi_do/kinh_do, geocode, Open-Meteo call và bước ghi gold/current."
"tra_vinh","Trà Vinh","Trà Vinh","Đồng bằng sông Cửu Long","9.9347","106.3453","","","","","Cần theo dõi","20/05/2026 17:50","Thiếu thời tiết: kiểm tra vi_do/kinh_do, geocode, Open-Meteo call và bước ghi gold/current."
"do_son","Đồ Sơn","Hải Phòng","Đồng bằng sông Hồng","20.7149","106.7894","","","","","Cần theo dõi","20/05/2026 17:50","Thiếu thời tiết: kiểm tra vi_do/kinh_do, geocode, Open-Meteo call và bước ghi gold/current."
"thinh_long","Thịnh Long","Nam Định","Đồng bằng sông Hồng","20.0333","106.2833","","","","","Cần theo dõi","20/05/2026 17:50","Thiếu thời tiết: kiểm tra vi_do/kinh_do, geocode, Open-Meteo call và bước ghi gold/current."
"moc_chau","Moc Chau","Son La","northern_mountains","20.8297","104.6946","22.4","0.0","5.9","97","Không áp dụng","20/05/2026 17:50",""
"ben_tre","Ben Tre","Ben Tre","mekong_delta","10.2434","106.3756","27.4","0.0","4.9","87","Không áp dụng","20/05/2026 17:50",""
"an_giang","An Giang","An Giang","mekong_delta","10.5216","105.1259","28.0","0.0","3.1","80","Không áp dụng","20/05/2026 17:50",""
"can_tho","Can Tho","Can Tho","mekong_delta","10.0452","105.7469","27.0","0.0","5.2","91","Không áp dụng","20/05/2026 17:50",""
"nha_trang","Nha Trang","Khanh Hoa","south_central_coast","12.2388","109.1967","27.7","0.0","4.6","90","Cần theo dõi","20/05/2026 17:50",""
"con_dao","Con Dao","Ba Ria - Vung Tau","southeast_islands","8.6864","106.6082","29.4","0.0","16.9","76","Cần theo dõi","20/05/2026 17:50",""
"sa_pa","Sa Pa","Lao Cai","northern_mountains","22.3364","103.8438","18.4","0.2","7.0","99","Không áp dụng","20/05/2026 17:50",""
"ho_chi_minh_city","Ho Chi Minh City","Ho Chi Minh City","southeast","10.8231","106.6297","27.5","0.0","6.5","91","Không áp dụng","20/05/2026 17:50",""
"da_lat","Da Lat","Lam Dong","central_highlands","11.9404","108.4583","18.1","0.0","5.3","100","Không áp dụng","20/05/2026 17:50",""
