"xep_hang","ten_diem_den","tinh_thanh","vung","muc_canh_bao","diem_ap_luc","diem_thoi_tiet","diem_ha_tang","diem_co_hoi_kinh_te","diem_dieu_phoi","du_bao_24_gio","du_bao_7_ngay","du_bao_30_ngay","nhiet_do_hien_tai","kha_nang_mua","gio","trang_thai_thoi_tiet_ngan","cap_nhat_thoi_tiet_luc","loai_du_lieu","do_tin_cay","ly_do_xep_hang","hanh_dong_de_xuat","hieu_qua_kinh_te_du_kien","cap_nhat_lan_cuoi"
"1","Ha Long","Quang Ninh","northeast","cam","84.73","84.1","57.9","50.88","61.76","84.54","85.08","78.59","27.4","0.0","13.5","Ổn định","20/05/2026 17:50","mixed_proxy_near_real_time","76.5","rủi ro thời tiết cao; proxy giá/lưu trú căng","Phân luồng giao thông, tăng shuttle, chia khung giờ vào điểm nóng, tạm giảm quảng bá đại trà và đẩy khách sang điểm thay thế có hạ tầng tốt hơn.","Giảm áp lực điểm nóng, tăng chi tiêu ăn uống/vận tải/lưu trú ở điểm phụ, giảm chi phí xã hội do kẹt xe và trải nghiệm xấu.","20/05/2026 17:50"
"2","Cat Ba","Hai Phong","northeast","cam","70.81","96.38","54.82","49.67","35.0","78.48","66.96","59.65","28.0","0.0","21.1","Ổn định","20/05/2026 17:50","mixed_proxy_near_real_time","76.5","rủi ro thời tiết cao","Phân luồng giao thông, tăng shuttle, chia khung giờ vào điểm nóng, tạm giảm quảng bá đại trà và đẩy khách sang điểm thay thế có hạ tầng tốt hơn.","Giảm áp lực điểm nóng, tăng chi tiêu ăn uống/vận tải/lưu trú ở điểm phụ, giảm chi phí xã hội do kẹt xe và trải nghiệm xấu.","20/05/2026 17:50"
"3","Quy Nhon","Binh Dinh","south_central_coast","vàng","65.71","68.32","52.49","47.38","35.0","66.49","65.1","60.95","27.7","0.0","5.4","Ổn định","20/05/2026 17:50","mixed_proxy_near_real_time","76.5","áp lực ở mức theo dõi từ dữ liệu hiện có","Theo dõi thời tiết, giá/lưu trú và sự kiện; chuẩn bị shuttle, voucher giờ thấp điểm.","Tăng doanh thu mùa thấp điểm và kéo dài thời gian lưu trú nếu kích cầu đúng phân khúc.","20/05/2026 17:50"
"4","Da Nang","Da Nang","central_coast","vàng","63.06","49.64","75.02","67.11","79.84","59.03","64.47","66.4","27.0","0.1","8.8","Ổn định","20/05/2026 17:50","mixed_proxy_near_real_time","76.5","áp lực ở mức theo dõi từ dữ liệu hiện có","Theo dõi thời tiết, giá/lưu trú và sự kiện; chuẩn bị shuttle, voucher giờ thấp điểm.","Tăng doanh thu mùa thấp điểm và kéo dài thời gian lưu trú nếu kích cầu đúng phân khúc.","20/05/2026 17:50"
"5","Mui Ne","Binh Thuan","south_central_coast","vàng","60.78","49.66","58.88","52.03","35.0","57.44","61.98","61.19","27.1","0.1","6.7","Ổn định","20/05/2026 17:50","mixed_proxy_near_real_time","76.5","áp lực ở mức theo dõi từ dữ liệu hiện có","Theo dõi thời tiết, giá/lưu trú và sự kiện; chuẩn bị shuttle, voucher giờ thấp điểm.","Tăng doanh thu mùa thấp điểm và kéo dài thời gian lưu trú nếu kích cầu đúng phân khúc.","20/05/2026 17:50"
"6","Sam Son","Thanh Hoa","north_central_coast","vàng","58.85","97.98","35.04","28.78","35.0","70.59","53.74","43.65","28.8","0.0","21.1","Ổn định","20/05/2026 17:50","mixed_proxy_near_real_time","76.5","rủi ro thời tiết cao; hạ tầng proxy yếu","Không đẩy khách đại trà; ưu tiên bãi đỗ, vệ sinh công cộng, biển chỉ dẫn, QR vé và điểm thông tin du lịch.","Tăng doanh thu mùa thấp điểm và kéo dài thời gian lưu trú nếu kích cầu đúng phân khúc.","20/05/2026 17:50"
"7","Hoi An","Quang Nam","central_coast","vàng","52.25","41.96","81.82","78.48","72.97","49.16","53.13","59.08","27.0","0.1","5.2","Ổn định","20/05/2026 17:50","mixed_proxy_near_real_time","76.5","áp lực ở mức theo dõi từ dữ liệu hiện có","Theo dõi thời tiết, giá/lưu trú và sự kiện; chuẩn bị shuttle, voucher giờ thấp điểm.","Tăng doanh thu mùa thấp điểm và kéo dài thời gian lưu trú nếu kích cầu đúng phân khúc.","20/05/2026 17:50"
"8","Hue","Hue","central_coast","vàng","51.4","61.22","68.51","64.4","35.0","54.35","49.51","50.6","27.1","0.1","1.9","Ổn định","20/05/2026 17:50","mixed_proxy_near_real_time","76.5","áp lực ở mức theo dõi từ dữ liệu hiện có","Theo dõi thời tiết, giá/lưu trú và sự kiện; chuẩn bị shuttle, voucher giờ thấp điểm.","Tăng doanh thu mùa thấp điểm và kéo dài thời gian lưu trú nếu kích cầu đúng phân khúc.","20/05/2026 17:50"
"9","Vung Tau","Ba Ria - Vung Tau","southeast","vàng","40.95","48.82","70.7","68.62","35.0","43.31","39.42","43.73","28.5","0.0","7.9","Ổn định","20/05/2026 17:50","mixed_proxy_near_real_time","76.5","áp lực ở mức theo dõi từ dữ liệu hiện có","Theo dõi thời tiết, giá/lưu trú và sự kiện; chuẩn bị shuttle, voucher giờ thấp điểm.","Tăng doanh thu mùa thấp điểm và kéo dài thời gian lưu trú nếu kích cầu đúng phân khúc.","20/05/2026 17:50"
"10","Cua Lo","Nghe An","north_central_coast","xanh","36.2","40.58","37.2","28.9","35.0","37.51","35.9","34.2","28.5","0.0","9.1","Ổn định","20/05/2026 17:50","mixed_proxy_near_real_time","76.5","hạ tầng proxy yếu","Không đẩy khách đại trà; ưu tiên bãi đỗ, vệ sinh công cộng, biển chỉ dẫn, QR vé và điểm thông tin du lịch.","Tăng doanh thu mùa thấp điểm và kéo dài thời gian lưu trú nếu kích cầu đúng phân khúc.","20/05/2026 17:50"
"11","Ninh Binh","Ninh Binh","red_river_delta","xám","48.38","85.38","23.27","19.82","35.0","59.48","43.78","34.4","28.2","0.0","14.1","Ổn định","20/05/2026 17:50","mixed_proxy_thieu_du_lieu","61.5","rủi ro thời tiết cao; hạ tầng proxy yếu; thiếu POI/nguồn kiểm định","Không đẩy khách đại trà; ưu tiên bãi đỗ, vệ sinh công cộng, biển chỉ dẫn, QR vé và điểm thông tin du lịch.","Tăng doanh thu mùa thấp điểm và kéo dài thời gian lưu trú nếu kích cầu đúng phân khúc.","20/05/2026 17:50"
"12","Ly Son","Quang Ngai","central_coast_islands","xám","47.76","83.6","22.7","18.39","35.0","58.51","43.32","33.89","28.1","0.0","27.0","Ổn định","20/05/2026 17:50","mixed_proxy_thieu_du_lieu","61.5","rủi ro thời tiết cao; hạ tầng proxy yếu; thiếu POI/nguồn kiểm định","Không đẩy khách đại trà; ưu tiên bãi đỗ, vệ sinh công cộng, biển chỉ dẫn, QR vé và điểm thông tin du lịch.","Tăng doanh thu mùa thấp điểm và kéo dài thời gian lưu trú nếu kích cầu đúng phân khúc.","20/05/2026 17:50"
"13","Ha Noi","Ha Noi","red_river_delta","xám","45.65","77.56","33.92","24.09","50.89","55.22","41.74","34.3","27.5","0.0","12.2","Ổn định","20/05/2026 17:50","mixed_proxy_thieu_du_lieu","61.5","rủi ro thời tiết cao; hạ tầng proxy yếu; thiếu POI/nguồn kiểm định","Không đẩy khách đại trà; ưu tiên bãi đỗ, vệ sinh công cộng, biển chỉ dẫn, QR vé và điểm thông tin du lịch.","Tăng doanh thu mùa thấp điểm và kéo dài thời gian lưu trú nếu kích cầu đúng phân khúc.","20/05/2026 17:50"
"14","Ha Giang","Ha Giang","northern_mountains","xám","43.62","71.78","25.66","20.26","35.0","52.07","40.21","32.82","24.9","0.6","3.1","Ổn định","20/05/2026 17:50","mixed_proxy_thieu_du_lieu","61.5","rủi ro thời tiết cao; hạ tầng proxy yếu; thiếu POI/nguồn kiểm định","Không đẩy khách đại trà; ưu tiên bãi đỗ, vệ sinh công cộng, biển chỉ dẫn, QR vé và điểm thông tin du lịch.","Tăng doanh thu mùa thấp điểm và kéo dài thời gian lưu trú nếu kích cầu đúng phân khúc.","20/05/2026 17:50"
"15","Phu Quoc","Kien Giang","mekong_islands","xám","37.76","57.28","48.71","45.72","41.8","43.62","35.5","35.28","26.6","0.1","11.6","Ổn định","20/05/2026 17:50","mixed_proxy_thieu_du_lieu","61.5","thiếu POI/nguồn kiểm định","Theo dõi thời tiết, giá/lưu trú và sự kiện; chuẩn bị shuttle, voucher giờ thấp điểm.","Tăng doanh thu mùa thấp điểm và kéo dài thời gian lưu trú nếu kích cầu đúng phân khúc.","20/05/2026 17:50"
"16","Phong Nha - Kẻ Bàng","Quảng Bình","Bắc Trung Bộ","xám","36.0","50.0","35.0","25.05","35.0","40.2","34.5","31.11","","","","thiếu dữ liệu","20/05/2026 17:50","mixed_proxy_thieu_du_lieu","43.75","hạ tầng proxy yếu; thiếu POI/nguồn kiểm định","Không đẩy khách đại trà; ưu tiên bãi đỗ, vệ sinh công cộng, biển chỉ dẫn, QR vé và điểm thông tin du lịch.","Tăng doanh thu mùa thấp điểm và kéo dài thời gian lưu trú nếu kích cầu đúng phân khúc.","20/05/2026 17:50"
"17","Bà Nà Hills","Đà Nẵng","Duyên hải miền Trung","xám","36.0","50.0","35.0","25.05","35.0","40.2","34.5","31.11","","","","thiếu dữ liệu","20/05/2026 17:50","mixed_proxy_thieu_du_lieu","43.75","hạ tầng proxy yếu; thiếu POI/nguồn kiểm định","Không đẩy khách đại trà; ưu tiên bãi đỗ, vệ sinh công cộng, biển chỉ dẫn, QR vé và điểm thông tin du lịch.","Tăng doanh thu mùa thấp điểm và kéo dài thời gian lưu trú nếu kích cầu đúng phân khúc.","20/05/2026 17:50"
"18","Mai Châu","Hòa Bình","Miền núi phía Bắc","xám","36.0","50.0","35.0","25.05","35.0","40.2","34.5","31.11","","","","thiếu dữ liệu","20/05/2026 17:50","mixed_proxy_thieu_du_lieu","43.75","hạ tầng proxy yếu; thiếu POI/nguồn kiểm định","Không đẩy khách đại trà; ưu tiên bãi đỗ, vệ sinh công cộng, biển chỉ dẫn, QR vé và điểm thông tin du lịch.","Tăng doanh thu mùa thấp điểm và kéo dài thời gian lưu trú nếu kích cầu đúng phân khúc.","20/05/2026 17:50"
"19","Tam Đảo","Vĩnh Phúc","Trung du miền núi Bắc Bộ","xám","36.0","50.0","35.0","25.05","35.0","40.2","34.5","31.11","","","","thiếu dữ liệu","20/05/2026 17:50","mixed_proxy_thieu_du_lieu","43.75","hạ tầng proxy yếu; thiếu POI/nguồn kiểm định","Không đẩy khách đại trà; ưu tiên bãi đỗ, vệ sinh công cộng, biển chỉ dẫn, QR vé và điểm thông tin du lịch.","Tăng doanh thu mùa thấp điểm và kéo dài thời gian lưu trú nếu kích cầu đúng phân khúc.","20/05/2026 17:50"
"20","Pleiku","Gia Lai","Tây Nguyên","xám","36.0","50.0","35.0","25.05","35.0","40.2","34.5","31.11","","","","thiếu dữ liệu","20/05/2026 17:50","mixed_proxy_thieu_du_lieu","43.75","hạ tầng proxy yếu; thiếu POI/nguồn kiểm định","Không đẩy khách đại trà; ưu tiên bãi đỗ, vệ sinh công cộng, biển chỉ dẫn, QR vé và điểm thông tin du lịch.","Tăng doanh thu mùa thấp điểm và kéo dài thời gian lưu trú nếu kích cầu đúng phân khúc.","20/05/2026 17:50"
"21","Buôn Ma Thuột","Đắk Lắk","Tây Nguyên","xám","36.0","50.0","35.0","25.05","35.0","40.2","34.5","31.11","","","","thiếu dữ liệu","20/05/2026 17:50","mixed_proxy_thieu_du_lieu","43.75","hạ tầng proxy yếu; thiếu POI/nguồn kiểm định","Không đẩy khách đại trà; ưu tiên bãi đỗ, vệ sinh công cộng, biển chỉ dẫn, QR vé và điểm thông tin du lịch.","Tăng doanh thu mùa thấp điểm và kéo dài thời gian lưu trú nếu kích cầu đúng phân khúc.","20/05/2026 17:50"
"22","Châu Đốc","An Giang","Đồng bằng sông Cửu Long","xám","36.0","50.0","35.0","25.05","35.0","40.2","34.5","31.11","","","","thiếu dữ liệu","20/05/2026 17:50","mixed_proxy_thieu_du_lieu","43.75","hạ tầng proxy yếu; thiếu POI/nguồn kiểm định","Không đẩy khách đại trà; ưu tiên bãi đỗ, vệ sinh công cộng, biển chỉ dẫn, QR vé và điểm thông tin du lịch.","Tăng doanh thu mùa thấp điểm và kéo dài thời gian lưu trú nếu kích cầu đúng phân khúc.","20/05/2026 17:50"
"23","Ba Vì","Hà Nội","Đồng bằng sông Hồng","xám","36.0","50.0","35.0","25.05","35.0","40.2","34.5","31.11","","","","thiếu dữ liệu","20/05/2026 17:50","mixed_proxy_thieu_du_lieu","43.75","hạ tầng proxy yếu; thiếu POI/nguồn kiểm định","Không đẩy khách đại trà; ưu tiên bãi đỗ, vệ sinh công cộng, biển chỉ dẫn, QR vé và điểm thông tin du lịch.","Tăng doanh thu mùa thấp điểm và kéo dài thời gian lưu trú nếu kích cầu đúng phân khúc.","20/05/2026 17:50"
"24","Thiên Cầm","Hà Tĩnh","Bắc Trung Bộ","xám","36.0","50.0","35.0","25.05","35.0","40.2","34.5","31.11","","","","thiếu dữ liệu","20/05/2026 17:50","mixed_proxy_thieu_du_lieu","43.75","hạ tầng proxy yếu; thiếu POI/nguồn kiểm định","Không đẩy khách đại trà; ưu tiên bãi đỗ, vệ sinh công cộng, biển chỉ dẫn, QR vé và điểm thông tin du lịch.","Tăng doanh thu mùa thấp điểm và kéo dài thời gian lưu trú nếu kích cầu đúng phân khúc.","20/05/2026 17:50"
"25","Nhật Lệ","Quảng Bình","Bắc Trung Bộ","xám","36.0","50.0","35.0","25.05","35.0","40.2","34.5","31.11","","","","thiếu dữ liệu","20/05/2026 17:50","mixed_proxy_thieu_du_lieu","43.75","hạ tầng proxy yếu; thiếu POI/nguồn kiểm định","Không đẩy khách đại trà; ưu tiên bãi đỗ, vệ sinh công cộng, biển chỉ dẫn, QR vé và điểm thông tin du lịch.","Tăng doanh thu mùa thấp điểm và kéo dài thời gian lưu trú nếu kích cầu đúng phân khúc.","20/05/2026 17:50"
"26","Cửa Tùng","Quảng Trị","Bắc Trung Bộ","xám","36.0","50.0","35.0","25.05","35.0","40.2","34.5","31.11","","","","thiếu dữ liệu","20/05/2026 17:50","mixed_proxy_thieu_du_lieu","43.75","hạ tầng proxy yếu; thiếu POI/nguồn kiểm định","Không đẩy khách đại trà; ưu tiên bãi đỗ, vệ sinh công cộng, biển chỉ dẫn, QR vé và điểm thông tin du lịch.","Tăng doanh thu mùa thấp điểm và kéo dài thời gian lưu trú nếu kích cầu đúng phân khúc.","20/05/2026 17:50"
"27","Hải Tiến","Thanh Hóa","Bắc Trung Bộ","xám","36.0","50.0","35.0","25.05","35.0","40.2","34.5","31.11","","","","thiếu dữ liệu","20/05/2026 17:50","mixed_proxy_thieu_du_lieu","43.75","hạ tầng proxy yếu; thiếu POI/nguồn kiểm định","Không đẩy khách đại trà; ưu tiên bãi đỗ, vệ sinh công cộng, biển chỉ dẫn, QR vé và điểm thông tin du lịch.","Tăng doanh thu mùa thấp điểm và kéo dài thời gian lưu trú nếu kích cầu đúng phân khúc.","20/05/2026 17:50"
"28","Lăng Cô","Huế","Duyên hải miền Trung","xám","36.0","50.0","35.0","25.05","35.0","40.2","34.5","31.11","","","","thiếu dữ liệu","20/05/2026 17:50","mixed_proxy_thieu_du_lieu","43.75","hạ tầng proxy yếu; thiếu POI/nguồn kiểm định","Không đẩy khách đại trà; ưu tiên bãi đỗ, vệ sinh công cộng, biển chỉ dẫn, QR vé và điểm thông tin du lịch.","Tăng doanh thu mùa thấp điểm và kéo dài thời gian lưu trú nếu kích cầu đúng phân khúc.","20/05/2026 17:50"
"29","Cù Lao Chàm","Quảng Nam","Duyên hải miền Trung","xám","36.0","50.0","35.0","25.05","35.0","40.2","34.5","31.11","","","","thiếu dữ liệu","20/05/2026 17:50","mixed_proxy_thieu_du_lieu","43.75","hạ tầng proxy yếu; thiếu POI/nguồn kiểm định","Không đẩy khách đại trà; ưu tiên bãi đỗ, vệ sinh công cộng, biển chỉ dẫn, QR vé và điểm thông tin du lịch.","Tăng doanh thu mùa thấp điểm và kéo dài thời gian lưu trú nếu kích cầu đúng phân khúc.","20/05/2026 17:50"
"30","Tam Kỳ","Quảng Nam","Duyên hải miền Trung","xám","36.0","50.0","35.0","25.05","35.0","40.2","34.5","31.11","","","","thiếu dữ liệu","20/05/2026 17:50","mixed_proxy_thieu_du_lieu","43.75","hạ tầng proxy yếu; thiếu POI/nguồn kiểm định","Không đẩy khách đại trà; ưu tiên bãi đỗ, vệ sinh công cộng, biển chỉ dẫn, QR vé và điểm thông tin du lịch.","Tăng doanh thu mùa thấp điểm và kéo dài thời gian lưu trú nếu kích cầu đúng phân khúc.","20/05/2026 17:50"
"31","Sa Huỳnh","Quảng Ngãi","Duyên hải miền Trung","xám","36.0","50.0","35.0","25.05","35.0","40.2","34.5","31.11","","","","thiếu dữ liệu","20/05/2026 17:50","mixed_proxy_thieu_du_lieu","43.75","hạ tầng proxy yếu; thiếu POI/nguồn kiểm định","Không đẩy khách đại trà; ưu tiên bãi đỗ, vệ sinh công cộng, biển chỉ dẫn, QR vé và điểm thông tin du lịch.","Tăng doanh thu mùa thấp điểm và kéo dài thời gian lưu trú nếu kích cầu đúng phân khúc.","20/05/2026 17:50"
"32","Mỹ Khê","Đà Nẵng","Duyên hải miền Trung","xám","36.0","50.0","35.0","25.05","35.0","40.2","34.5","31.11","","","","thiếu dữ liệu","20/05/2026 17:50","mixed_proxy_thieu_du_lieu","43.75","hạ tầng proxy yếu; thiếu POI/nguồn kiểm định","Không đẩy khách đại trà; ưu tiên bãi đỗ, vệ sinh công cộng, biển chỉ dẫn, QR vé và điểm thông tin du lịch.","Tăng doanh thu mùa thấp điểm và kéo dài thời gian lưu trú nếu kích cầu đúng phân khúc.","20/05/2026 17:50"
"33","La Gi","Bình Thuận","Nam Trung Bộ","xám","36.0","50.0","35.0","25.05","35.0","40.2","34.5","31.11","","","","thiếu dữ liệu","20/05/2026 17:50","mixed_proxy_thieu_du_lieu","43.75","hạ tầng proxy yếu; thiếu POI/nguồn kiểm định","Không đẩy khách đại trà; ưu tiên bãi đỗ, vệ sinh công cộng, biển chỉ dẫn, QR vé và điểm thông tin du lịch.","Tăng doanh thu mùa thấp điểm và kéo dài thời gian lưu trú nếu kích cầu đúng phân khúc.","20/05/2026 17:50"
"34","Phan Thiết","Bình Thuận","Nam Trung Bộ","xám","36.0","50.0","35.0","25.05","35.0","40.2","34.5","31.11","","","","thiếu dữ liệu","20/05/2026 17:50","mixed_proxy_thieu_du_lieu","43.75","hạ tầng proxy yếu; thiếu POI/nguồn kiểm định","Không đẩy khách đại trà; ưu tiên bãi đỗ, vệ sinh công cộng, biển chỉ dẫn, QR vé và điểm thông tin du lịch.","Tăng doanh thu mùa thấp điểm và kéo dài thời gian lưu trú nếu kích cầu đúng phân khúc.","20/05/2026 17:50"
"35","Kỳ Co","Bình Định","Nam Trung Bộ","xám","36.0","50.0","35.0","25.05","35.0","40.2","34.5","31.11","","","","thiếu dữ liệu","20/05/2026 17:50","mixed_proxy_thieu_du_lieu","43.75","hạ tầng proxy yếu; thiếu POI/nguồn kiểm định","Không đẩy khách đại trà; ưu tiên bãi đỗ, vệ sinh công cộng, biển chỉ dẫn, QR vé và điểm thông tin du lịch.","Tăng doanh thu mùa thấp điểm và kéo dài thời gian lưu trú nếu kích cầu đúng phân khúc.","20/05/2026 17:50"
"36","Bình Ba","Khánh Hòa","Nam Trung Bộ","xám","36.0","50.0","35.0","25.05","35.0","40.2","34.5","31.11","","","","thiếu dữ liệu","20/05/2026 17:50","mixed_proxy_thieu_du_lieu","43.75","hạ tầng proxy yếu; thiếu POI/nguồn kiểm định","Không đẩy khách đại trà; ưu tiên bãi đỗ, vệ sinh công cộng, biển chỉ dẫn, QR vé và điểm thông tin du lịch.","Tăng doanh thu mùa thấp điểm và kéo dài thời gian lưu trú nếu kích cầu đúng phân khúc.","20/05/2026 17:50"
"37","Cam Ranh","Khánh Hòa","Nam Trung Bộ","xám","36.0","50.0","35.0","25.05","35.0","40.2","34.5","31.11","","","","thiếu dữ liệu","20/05/2026 17:50","mixed_proxy_thieu_du_lieu","43.75","hạ tầng proxy yếu; thiếu POI/nguồn kiểm định","Không đẩy khách đại trà; ưu tiên bãi đỗ, vệ sinh công cộng, biển chỉ dẫn, QR vé và điểm thông tin du lịch.","Tăng doanh thu mùa thấp điểm và kéo dài thời gian lưu trú nếu kích cầu đúng phân khúc.","20/05/2026 17:50"
"38","Phan Rang - Tháp Chàm","Ninh Thuận","Nam Trung Bộ","xám","36.0","50.0","35.0","25.05","35.0","40.2","34.5","31.11","","","","thiếu dữ liệu","20/05/2026 17:50","mixed_proxy_thieu_du_lieu","43.75","hạ tầng proxy yếu; thiếu POI/nguồn kiểm định","Không đẩy khách đại trà; ưu tiên bãi đỗ, vệ sinh công cộng, biển chỉ dẫn, QR vé và điểm thông tin du lịch.","Tăng doanh thu mùa thấp điểm và kéo dài thời gian lưu trú nếu kích cầu đúng phân khúc.","20/05/2026 17:50"
"39","Vĩnh Hy","Ninh Thuận","Nam Trung Bộ","xám","36.0","50.0","35.0","25.05","35.0","40.2","34.5","31.11","","","","thiếu dữ liệu","20/05/2026 17:50","mixed_proxy_thieu_du_lieu","43.75","hạ tầng proxy yếu; thiếu POI/nguồn kiểm định","Không đẩy khách đại trà; ưu tiên bãi đỗ, vệ sinh công cộng, biển chỉ dẫn, QR vé và điểm thông tin du lịch.","Tăng doanh thu mùa thấp điểm và kéo dài thời gian lưu trú nếu kích cầu đúng phân khúc.","20/05/2026 17:50"
"40","Gành Đá Đĩa","Phú Yên","Nam Trung Bộ","xám","36.0","50.0","35.0","25.05","35.0","40.2","34.5","31.11","","","","thiếu dữ liệu","20/05/2026 17:50","mixed_proxy_thieu_du_lieu","43.75","hạ tầng proxy yếu; thiếu POI/nguồn kiểm định","Không đẩy khách đại trà; ưu tiên bãi đỗ, vệ sinh công cộng, biển chỉ dẫn, QR vé và điểm thông tin du lịch.","Tăng doanh thu mùa thấp điểm và kéo dài thời gian lưu trú nếu kích cầu đúng phân khúc.","20/05/2026 17:50"
"41","Tuy Hòa","Phú Yên","Nam Trung Bộ","xám","36.0","50.0","35.0","25.05","35.0","40.2","34.5","31.11","","","","thiếu dữ liệu","20/05/2026 17:50","mixed_proxy_thieu_du_lieu","43.75","hạ tầng proxy yếu; thiếu POI/nguồn kiểm định","Không đẩy khách đại trà; ưu tiên bãi đỗ, vệ sinh công cộng, biển chỉ dẫn, QR vé và điểm thông tin du lịch.","Tăng doanh thu mùa thấp điểm và kéo dài thời gian lưu trú nếu kích cầu đúng phân khúc.","20/05/2026 17:50"
"42","Hà Tiên","Kiên Giang","Tây Nam Bộ","xám","36.0","50.0","35.0","25.05","35.0","40.2","34.5","31.11","","","","thiếu dữ liệu","20/05/2026 17:50","mixed_proxy_thieu_du_lieu","43.75","hạ tầng proxy yếu; thiếu POI/nguồn kiểm định","Không đẩy khách đại trà; ưu tiên bãi đỗ, vệ sinh công cộng, biển chỉ dẫn, QR vé và điểm thông tin du lịch.","Tăng doanh thu mùa thấp điểm và kéo dài thời gian lưu trú nếu kích cầu đúng phân khúc.","20/05/2026 17:50"
"43","Cô Tô","Quảng Ninh","Đông Bắc","xám","36.0","50.0","35.0","25.05","35.0","40.2","34.5","31.11","","","","thiếu dữ liệu","20/05/2026 17:50","mixed_proxy_thieu_du_lieu","43.75","hạ tầng proxy yếu; thiếu POI/nguồn kiểm định","Không đẩy khách đại trà; ưu tiên bãi đỗ, vệ sinh công cộng, biển chỉ dẫn, QR vé và điểm thông tin du lịch.","Tăng doanh thu mùa thấp điểm và kéo dài thời gian lưu trú nếu kích cầu đúng phân khúc.","20/05/2026 17:50"
"44","Trà Cổ","Quảng Ninh","Đông Bắc","xám","36.0","50.0","35.0","25.05","35.0","40.2","34.5","31.11","","","","thiếu dữ liệu","20/05/2026 17:50","mixed_proxy_thieu_du_lieu","43.75","hạ tầng proxy yếu; thiếu POI/nguồn kiểm định","Không đẩy khách đại trà; ưu tiên bãi đỗ, vệ sinh công cộng, biển chỉ dẫn, QR vé và điểm thông tin du lịch.","Tăng doanh thu mùa thấp điểm và kéo dài thời gian lưu trú nếu kích cầu đúng phân khúc.","20/05/2026 17:50"
"45","Hồ Tràm","Bà Rịa - Vũng Tàu","Đông Nam Bộ","xám","36.0","50.0","35.0","25.05","35.0","40.2","34.5","31.11","","","","thiếu dữ liệu","20/05/2026 17:50","mixed_proxy_thieu_du_lieu","43.75","hạ tầng proxy yếu; thiếu POI/nguồn kiểm định","Không đẩy khách đại trà; ưu tiên bãi đỗ, vệ sinh công cộng, biển chỉ dẫn, QR vé và điểm thông tin du lịch.","Tăng doanh thu mùa thấp điểm và kéo dài thời gian lưu trú nếu kích cầu đúng phân khúc.","20/05/2026 17:50"
"46","Cần Giờ","TP Hồ Chí Minh","Đông Nam Bộ","xám","36.0","50.0","35.0","25.05","35.0","40.2","34.5","31.11","","","","thiếu dữ liệu","20/05/2026 17:50","mixed_proxy_thieu_du_lieu","43.75","hạ tầng proxy yếu; thiếu POI/nguồn kiểm định","Không đẩy khách đại trà; ưu tiên bãi đỗ, vệ sinh công cộng, biển chỉ dẫn, QR vé và điểm thông tin du lịch.","Tăng doanh thu mùa thấp điểm và kéo dài thời gian lưu trú nếu kích cầu đúng phân khúc.","20/05/2026 17:50"
"47","Hòn Sơn","Kiên Giang","Đảo Tây Nam Bộ","xám","36.0","50.0","35.0","25.05","35.0","40.2","34.5","31.11","","","","thiếu dữ liệu","20/05/2026 17:50","mixed_proxy_thieu_du_lieu","43.75","hạ tầng proxy yếu; thiếu POI/nguồn kiểm định","Không đẩy khách đại trà; ưu tiên bãi đỗ, vệ sinh công cộng, biển chỉ dẫn, QR vé và điểm thông tin du lịch.","Tăng doanh thu mùa thấp điểm và kéo dài thời gian lưu trú nếu kích cầu đúng phân khúc.","20/05/2026 17:50"
"48","Nam Du","Kiên Giang","Đảo Tây Nam Bộ","xám","36.0","50.0","35.0","25.05","35.0","40.2","34.5","31.11","","","","thiếu dữ liệu","20/05/2026 17:50","mixed_proxy_thieu_du_lieu","43.75","hạ tầng proxy yếu; thiếu POI/nguồn kiểm định","Không đẩy khách đại trà; ưu tiên bãi đỗ, vệ sinh công cộng, biển chỉ dẫn, QR vé và điểm thông tin du lịch.","Tăng doanh thu mùa thấp điểm và kéo dài thời gian lưu trú nếu kích cầu đúng phân khúc.","20/05/2026 17:50"
"49","Bạc Liêu","Bạc Liêu","Đồng bằng sông Cửu Long","xám","36.0","50.0","35.0","25.05","35.0","40.2","34.5","31.11","","","","thiếu dữ liệu","20/05/2026 17:50","mixed_proxy_thieu_du_lieu","43.75","hạ tầng proxy yếu; thiếu POI/nguồn kiểm định","Không đẩy khách đại trà; ưu tiên bãi đỗ, vệ sinh công cộng, biển chỉ dẫn, QR vé và điểm thông tin du lịch.","Tăng doanh thu mùa thấp điểm và kéo dài thời gian lưu trú nếu kích cầu đúng phân khúc.","20/05/2026 17:50"
"50","Đất Mũi Cà Mau","Cà Mau","Đồng bằng sông Cửu Long","xám","36.0","50.0","35.0","25.05","35.0","40.2","34.5","31.11","","","","thiếu dữ liệu","20/05/2026 17:50","mixed_proxy_thieu_du_lieu","43.75","hạ tầng proxy yếu; thiếu POI/nguồn kiểm định","Không đẩy khách đại trà; ưu tiên bãi đỗ, vệ sinh công cộng, biển chỉ dẫn, QR vé và điểm thông tin du lịch.","Tăng doanh thu mùa thấp điểm và kéo dài thời gian lưu trú nếu kích cầu đúng phân khúc.","20/05/2026 17:50"
"51","Sóc Trăng","Sóc Trăng","Đồng bằng sông Cửu Long","xám","36.0","50.0","35.0","25.05","35.0","40.2","34.5","31.11","","","","thiếu dữ liệu","20/05/2026 17:50","mixed_proxy_thieu_du_lieu","43.75","hạ tầng proxy yếu; thiếu POI/nguồn kiểm định","Không đẩy khách đại trà; ưu tiên bãi đỗ, vệ sinh công cộng, biển chỉ dẫn, QR vé và điểm thông tin du lịch.","Tăng doanh thu mùa thấp điểm và kéo dài thời gian lưu trú nếu kích cầu đúng phân khúc.","20/05/2026 17:50"
"52","Trà Vinh","Trà Vinh","Đồng bằng sông Cửu Long","xám","36.0","50.0","35.0","25.05","35.0","40.2","34.5","31.11","","","","thiếu dữ liệu","20/05/2026 17:50","mixed_proxy_thieu_du_lieu","43.75","hạ tầng proxy yếu; thiếu POI/nguồn kiểm định","Không đẩy khách đại trà; ưu tiên bãi đỗ, vệ sinh công cộng, biển chỉ dẫn, QR vé và điểm thông tin du lịch.","Tăng doanh thu mùa thấp điểm và kéo dài thời gian lưu trú nếu kích cầu đúng phân khúc.","20/05/2026 17:50"
"53","Đồ Sơn","Hải Phòng","Đồng bằng sông Hồng","xám","36.0","50.0","35.0","25.05","35.0","40.2","34.5","31.11","","","","thiếu dữ liệu","20/05/2026 17:50","mixed_proxy_thieu_du_lieu","43.75","hạ tầng proxy yếu; thiếu POI/nguồn kiểm định","Không đẩy khách đại trà; ưu tiên bãi đỗ, vệ sinh công cộng, biển chỉ dẫn, QR vé và điểm thông tin du lịch.","Tăng doanh thu mùa thấp điểm và kéo dài thời gian lưu trú nếu kích cầu đúng phân khúc.","20/05/2026 17:50"
"54","Thịnh Long","Nam Định","Đồng bằng sông Hồng","xám","36.0","50.0","35.0","25.05","35.0","40.2","34.5","31.11","","","","thiếu dữ liệu","20/05/2026 17:50","mixed_proxy_thieu_du_lieu","43.75","hạ tầng proxy yếu; thiếu POI/nguồn kiểm định","Không đẩy khách đại trà; ưu tiên bãi đỗ, vệ sinh công cộng, biển chỉ dẫn, QR vé và điểm thông tin du lịch.","Tăng doanh thu mùa thấp điểm và kéo dài thời gian lưu trú nếu kích cầu đúng phân khúc.","20/05/2026 17:50"
"55","Moc Chau","Son La","northern_mountains","xám","34.61","46.02","32.1","24.31","35.0","38.03","33.46","30.48","22.4","0.0","5.9","Ổn định","20/05/2026 17:50","mixed_proxy_thieu_du_lieu","61.5","hạ tầng proxy yếu; thiếu POI/nguồn kiểm định","Không đẩy khách đại trà; ưu tiên bãi đỗ, vệ sinh công cộng, biển chỉ dẫn, QR vé và điểm thông tin du lịch.","Tăng doanh thu mùa thấp điểm và kéo dài thời gian lưu trú nếu kích cầu đúng phân khúc.","20/05/2026 17:50"
"56","Ben Tre","Ben Tre","mekong_delta","xám","33.56","43.02","32.84","24.78","35.0","36.4","32.67","30.2","27.4","0.0","4.9","Ổn định","20/05/2026 17:50","mixed_proxy_thieu_du_lieu","61.5","hạ tầng proxy yếu; thiếu POI/nguồn kiểm định","Không đẩy khách đại trà; ưu tiên bãi đỗ, vệ sinh công cộng, biển chỉ dẫn, QR vé và điểm thông tin du lịch.","Tăng doanh thu mùa thấp điểm và kéo dài thời gian lưu trú nếu kích cầu đúng phân khúc.","20/05/2026 17:50"
"57","An Giang","An Giang","mekong_delta","xám","32.63","40.38","33.51","25.2","35.0","34.96","31.97","29.96","28.0","0.0","3.1","Ổn định","20/05/2026 17:50","mixed_proxy_thieu_du_lieu","61.5","hạ tầng proxy yếu; thiếu POI/nguồn kiểm định","Không đẩy khách đại trà; ưu tiên bãi đỗ, vệ sinh công cộng, biển chỉ dẫn, QR vé và điểm thông tin du lịch.","Tăng doanh thu mùa thấp điểm và kéo dài thời gian lưu trú nếu kích cầu đúng phân khúc.","20/05/2026 17:50"
"58","Can Tho","Can Tho","mekong_delta","xám","32.07","38.76","34.92","27.16","35.0","34.08","31.55","30.16","27.0","0.0","5.2","Ổn định","20/05/2026 17:50","mixed_proxy_thieu_du_lieu","61.5","hạ tầng proxy yếu; thiếu POI/nguồn kiểm định","Không đẩy khách đại trà; ưu tiên bãi đỗ, vệ sinh công cộng, biển chỉ dẫn, QR vé và điểm thông tin du lịch.","Tăng doanh thu mùa thấp điểm và kéo dài thời gian lưu trú nếu kích cầu đúng phân khúc.","20/05/2026 17:50"
"59","Nha Trang","Khanh Hoa","south_central_coast","xám","28.72","43.08","50.78","46.63","35.0","33.03","27.07","29.33","27.7","0.0","4.6","Ổn định","20/05/2026 17:50","mixed_proxy_thieu_du_lieu","61.5","thiếu POI/nguồn kiểm định","Theo dõi thời tiết, giá/lưu trú và sự kiện; chuẩn bị shuttle, voucher giờ thấp điểm.","Tăng doanh thu mùa thấp điểm và kéo dài thời gian lưu trú nếu kích cầu đúng phân khúc.","20/05/2026 17:50"
"60","Con Dao","Ba Ria - Vung Tau","southeast_islands","xám","27.69","65.62","36.71","30.01","35.0","39.07","22.68","19.14","29.4","0.0","16.9","Ổn định","20/05/2026 17:50","mixed_proxy_thieu_du_lieu","61.5","hạ tầng proxy yếu; thiếu POI/nguồn kiểm định","Không đẩy khách đại trà; ưu tiên bãi đỗ, vệ sinh công cộng, biển chỉ dẫn, QR vé và điểm thông tin du lịch.","Tăng doanh thu mùa thấp điểm và kéo dài thời gian lưu trú nếu kích cầu đúng phân khúc.","20/05/2026 17:50"
"61","Sa Pa","Lao Cai","northern_mountains","xám","24.69","50.8","44.99","39.64","35.0","32.52","21.32","21.61","18.4","0.2","7.0","Ổn định","20/05/2026 17:50","mixed_proxy_thieu_du_lieu","61.5","thiếu POI/nguồn kiểm định","Theo dõi thời tiết, giá/lưu trú và sự kiện; chuẩn bị shuttle, voucher giờ thấp điểm.","Tăng doanh thu mùa thấp điểm và kéo dài thời gian lưu trú nếu kích cầu đúng phân khúc.","20/05/2026 17:50"
"62","Ho Chi Minh City","Ho Chi Minh City","southeast","xám","16.48","47.1","40.17","32.66","75.2","25.67","12.36","12.3","27.5","0.0","6.5","Ổn định","20/05/2026 17:50","mixed_proxy_thieu_du_lieu","61.5","thiếu POI/nguồn kiểm định","Theo dõi thời tiết, giá/lưu trú và sự kiện; chuẩn bị shuttle, voucher giờ thấp điểm.","Tăng doanh thu mùa thấp điểm và kéo dài thời gian lưu trú nếu kích cầu đúng phân khúc.","20/05/2026 17:50"
"63","Da Lat","Lam Dong","central_highlands","xám","16.38","41.74","55.42","56.12","35.0","23.99","13.0","18.25","18.1","0.0","5.3","Ổn định","20/05/2026 17:50","mixed_proxy_thieu_du_lieu","61.5","thiếu POI/nguồn kiểm định","Theo dõi thời tiết, giá/lưu trú và sự kiện; chuẩn bị shuttle, voucher giờ thấp điểm.","Tăng doanh thu mùa thấp điểm và kéo dài thời gian lưu trú nếu kích cầu đúng phân khúc.","20/05/2026 17:50"
